date,state,percentile,variable,income
1/1/2024,Johor,1,mean,1638
1/1/2024,Johor,2,mean,2076
1/1/2024,Johor,3,mean,2337
1/1/2024,Johor,4,mean,2567
1/1/2024,Johor,5,mean,2751
1/1/2024,Johor,6,mean,2920
1/1/2024,Johor,7,mean,3050
1/1/2024,Johor,8,mean,3190
1/1/2024,Johor,9,mean,3323
1/1/2024,Johor,10,mean,3452
1/1/2024,Johor,11,mean,3567
1/1/2024,Johor,12,mean,3677
1/1/2024,Johor,13,mean,3773
1/1/2024,Johor,14,mean,3869
1/1/2024,Johor,15,mean,4018
1/1/2024,Johor,16,mean,4104
1/1/2024,Johor,17,mean,4181
1/1/2024,Johor,18,mean,4289
1/1/2024,Johor,19,mean,4397
1/1/2024,Johor,20,mean,4514
1/1/2024,Johor,21,mean,4614
1/1/2024,Johor,22,mean,4707
1/1/2024,Johor,23,mean,4806
1/1/2024,Johor,24,mean,4893
1/1/2024,Johor,25,mean,5001
1/1/2024,Johor,26,mean,5109
1/1/2024,Johor,27,mean,5207
1/1/2024,Johor,28,mean,5308
1/1/2024,Johor,29,mean,5396
1/1/2024,Johor,30,mean,5490
1/1/2024,Johor,31,mean,5582
1/1/2024,Johor,32,mean,5661
1/1/2024,Johor,33,mean,5763
1/1/2024,Johor,34,mean,5857
1/1/2024,Johor,35,mean,5981
1/1/2024,Johor,36,mean,6106
1/1/2024,Johor,37,mean,6203
1/1/2024,Johor,38,mean,6311
1/1/2024,Johor,39,mean,6421
1/1/2024,Johor,40,mean,6516
1/1/2024,Johor,41,mean,6618
1/1/2024,Johor,42,mean,6710
1/1/2024,Johor,43,mean,6826
1/1/2024,Johor,44,mean,6922
1/1/2024,Johor,45,mean,7020
1/1/2024,Johor,46,mean,7124
1/1/2024,Johor,47,mean,7249
1/1/2024,Johor,48,mean,7354
1/1/2024,Johor,49,mean,7486
1/1/2024,Johor,50,mean,7633
1/1/2024,Johor,51,mean,7777
1/1/2024,Johor,52,mean,7906
1/1/2024,Johor,53,mean,8017
1/1/2024,Johor,54,mean,8108
1/1/2024,Johor,55,mean,8203
1/1/2024,Johor,56,mean,8344
1/1/2024,Johor,57,mean,8474
1/1/2024,Johor,58,mean,8643
1/1/2024,Johor,59,mean,8781
1/1/2024,Johor,60,mean,8922
1/1/2024,Johor,61,mean,9052
1/1/2024,Johor,62,mean,9205
1/1/2024,Johor,63,mean,9354
1/1/2024,Johor,64,mean,9516
1/1/2024,Johor,65,mean,9656
1/1/2024,Johor,66,mean,9838
1/1/2024,Johor,67,mean,10043
1/1/2024,Johor,68,mean,10205
1/1/2024,Johor,69,mean,10373
1/1/2024,Johor,70,mean,10536
1/1/2024,Johor,71,mean,10730
1/1/2024,Johor,72,mean,10899
1/1/2024,Johor,73,mean,11065
1/1/2024,Johor,74,mean,11303
1/1/2024,Johor,75,mean,12058
1/1/2024,Johor,76,mean,12735
1/1/2024,Johor,77,mean,12924
1/1/2024,Johor,78,mean,13118
1/1/2024,Johor,79,mean,13277
1/1/2024,Johor,80,mean,13456
1/1/2024,Johor,81,mean,13636
1/1/2024,Johor,82,mean,13825
1/1/2024,Johor,83,mean,14027
1/1/2024,Johor,84,mean,14233
1/1/2024,Johor,85,mean,14461
1/1/2024,Johor,86,mean,14734
1/1/2024,Johor,87,mean,15015
1/1/2024,Johor,88,mean,15503
1/1/2024,Johor,89,mean,15975
1/1/2024,Johor,90,mean,16510
1/1/2024,Johor,91,mean,16956
1/1/2024,Johor,92,mean,17542
1/1/2024,Johor,93,mean,18309
1/1/2024,Johor,94,mean,19302
1/1/2024,Johor,95,mean,20450
1/1/2024,Johor,96,mean,21909
1/1/2024,Johor,97,mean,24222
1/1/2024,Johor,98,mean,26910
1/1/2024,Johor,99,mean,32971
1/1/2024,Johor,100,mean,50560
1/1/2024,Kedah,1,mean,1172
1/1/2024,Kedah,2,mean,1398
1/1/2024,Kedah,3,mean,1508
1/1/2024,Kedah,4,mean,1603
1/1/2024,Kedah,5,mean,1688
1/1/2024,Kedah,6,mean,1775
1/1/2024,Kedah,7,mean,1853
1/1/2024,Kedah,8,mean,1933
1/1/2024,Kedah,9,mean,2012
1/1/2024,Kedah,10,mean,2146
1/1/2024,Kedah,11,mean,2253
1/1/2024,Kedah,12,mean,2343
1/1/2024,Kedah,13,mean,2418
1/1/2024,Kedah,14,mean,2484
1/1/2024,Kedah,15,mean,2565
1/1/2024,Kedah,16,mean,2622
1/1/2024,Kedah,17,mean,2674
1/1/2024,Kedah,18,mean,2741
1/1/2024,Kedah,19,mean,2809
1/1/2024,Kedah,20,mean,2867
1/1/2024,Kedah,21,mean,2916
1/1/2024,Kedah,22,mean,2979
1/1/2024,Kedah,23,mean,3032
1/1/2024,Kedah,24,mean,3083
1/1/2024,Kedah,25,mean,3137
1/1/2024,Kedah,26,mean,3180
1/1/2024,Kedah,27,mean,3233
1/1/2024,Kedah,28,mean,3282
1/1/2024,Kedah,29,mean,3336
1/1/2024,Kedah,30,mean,3390
1/1/2024,Kedah,31,mean,3444
1/1/2024,Kedah,32,mean,3489
1/1/2024,Kedah,33,mean,3543
1/1/2024,Kedah,34,mean,3589
1/1/2024,Kedah,35,mean,3640
1/1/2024,Kedah,36,mean,3682
1/1/2024,Kedah,37,mean,3726
1/1/2024,Kedah,38,mean,3777
1/1/2024,Kedah,39,mean,3838
1/1/2024,Kedah,40,mean,3896
1/1/2024,Kedah,41,mean,4039
1/1/2024,Kedah,42,mean,4210
1/1/2024,Kedah,43,mean,4340
1/1/2024,Kedah,44,mean,4436
1/1/2024,Kedah,45,mean,4504
1/1/2024,Kedah,46,mean,4585
1/1/2024,Kedah,47,mean,4653
1/1/2024,Kedah,48,mean,4720
1/1/2024,Kedah,49,mean,4799
1/1/2024,Kedah,50,mean,4867
1/1/2024,Kedah,51,mean,4936
1/1/2024,Kedah,52,mean,5011
1/1/2024,Kedah,53,mean,5074
1/1/2024,Kedah,54,mean,5153
1/1/2024,Kedah,55,mean,5220
1/1/2024,Kedah,56,mean,5299
1/1/2024,Kedah,57,mean,5362
1/1/2024,Kedah,58,mean,5437
1/1/2024,Kedah,59,mean,5530
1/1/2024,Kedah,60,mean,5630
1/1/2024,Kedah,61,mean,5709
1/1/2024,Kedah,62,mean,5802
1/1/2024,Kedah,63,mean,5889
1/1/2024,Kedah,64,mean,5946
1/1/2024,Kedah,65,mean,6044
1/1/2024,Kedah,66,mean,6143
1/1/2024,Kedah,67,mean,6292
1/1/2024,Kedah,68,mean,6427
1/1/2024,Kedah,69,mean,6536
1/1/2024,Kedah,70,mean,6635
1/1/2024,Kedah,71,mean,6736
1/1/2024,Kedah,72,mean,6832
1/1/2024,Kedah,73,mean,6919
1/1/2024,Kedah,74,mean,6999
1/1/2024,Kedah,75,mean,7078
1/1/2024,Kedah,76,mean,7190
1/1/2024,Kedah,77,mean,7324
1/1/2024,Kedah,78,mean,7440
1/1/2024,Kedah,79,mean,7564
1/1/2024,Kedah,80,mean,7720
1/1/2024,Kedah,81,mean,7937
1/1/2024,Kedah,82,mean,8297
1/1/2024,Kedah,83,mean,8550
1/1/2024,Kedah,84,mean,8789
1/1/2024,Kedah,85,mean,9011
1/1/2024,Kedah,86,mean,9232
1/1/2024,Kedah,87,mean,9499
1/1/2024,Kedah,88,mean,9732
1/1/2024,Kedah,89,mean,10109
1/1/2024,Kedah,90,mean,10476
1/1/2024,Kedah,91,mean,10823
1/1/2024,Kedah,92,mean,11231
1/1/2024,Kedah,93,mean,11732
1/1/2024,Kedah,94,mean,12266
1/1/2024,Kedah,95,mean,12735
1/1/2024,Kedah,96,mean,13537
1/1/2024,Kedah,97,mean,14564
1/1/2024,Kedah,98,mean,15966
1/1/2024,Kedah,99,mean,18185
1/1/2024,Kedah,100,mean,24912
1/1/2024,Kelantan,1,mean,1259
1/1/2024,Kelantan,2,mean,1388
1/1/2024,Kelantan,3,mean,1486
1/1/2024,Kelantan,4,mean,1547
1/1/2024,Kelantan,5,mean,1601
1/1/2024,Kelantan,6,mean,1664
1/1/2024,Kelantan,7,mean,1739
1/1/2024,Kelantan,8,mean,1802
1/1/2024,Kelantan,9,mean,1882
1/1/2024,Kelantan,10,mean,1966
1/1/2024,Kelantan,11,mean,2046
1/1/2024,Kelantan,12,mean,2105
1/1/2024,Kelantan,13,mean,2168
1/1/2024,Kelantan,14,mean,2223
1/1/2024,Kelantan,15,mean,2281
1/1/2024,Kelantan,16,mean,2336
1/1/2024,Kelantan,17,mean,2380
1/1/2024,Kelantan,18,mean,2420
1/1/2024,Kelantan,19,mean,2481
1/1/2024,Kelantan,20,mean,2524
1/1/2024,Kelantan,21,mean,2561
1/1/2024,Kelantan,22,mean,2615
1/1/2024,Kelantan,23,mean,2657
1/1/2024,Kelantan,24,mean,2699
1/1/2024,Kelantan,25,mean,2749
1/1/2024,Kelantan,26,mean,2796
1/1/2024,Kelantan,27,mean,2844
1/1/2024,Kelantan,28,mean,2894
1/1/2024,Kelantan,29,mean,2944
1/1/2024,Kelantan,30,mean,2991
1/1/2024,Kelantan,31,mean,3033
1/1/2024,Kelantan,32,mean,3080
1/1/2024,Kelantan,33,mean,3124
1/1/2024,Kelantan,34,mean,3184
1/1/2024,Kelantan,35,mean,3248
1/1/2024,Kelantan,36,mean,3311
1/1/2024,Kelantan,37,mean,3360
1/1/2024,Kelantan,38,mean,3396
1/1/2024,Kelantan,39,mean,3444
1/1/2024,Kelantan,40,mean,3494
1/1/2024,Kelantan,41,mean,3547
1/1/2024,Kelantan,42,mean,3603
1/1/2024,Kelantan,43,mean,3648
1/1/2024,Kelantan,44,mean,3690
1/1/2024,Kelantan,45,mean,3742
1/1/2024,Kelantan,46,mean,3795
1/1/2024,Kelantan,47,mean,3859
1/1/2024,Kelantan,48,mean,3927
1/1/2024,Kelantan,49,mean,3983
1/1/2024,Kelantan,50,mean,4049
1/1/2024,Kelantan,51,mean,4113
1/1/2024,Kelantan,52,mean,4167
1/1/2024,Kelantan,53,mean,4233
1/1/2024,Kelantan,54,mean,4297
1/1/2024,Kelantan,55,mean,4371
1/1/2024,Kelantan,56,mean,4447
1/1/2024,Kelantan,57,mean,4511
1/1/2024,Kelantan,58,mean,4588
1/1/2024,Kelantan,59,mean,4662
1/1/2024,Kelantan,60,mean,4728
1/1/2024,Kelantan,61,mean,4811
1/1/2024,Kelantan,62,mean,4892
1/1/2024,Kelantan,63,mean,4973
1/1/2024,Kelantan,64,mean,5060
1/1/2024,Kelantan,65,mean,5141
1/1/2024,Kelantan,66,mean,5244
1/1/2024,Kelantan,67,mean,5346
1/1/2024,Kelantan,68,mean,5417
1/1/2024,Kelantan,69,mean,5499
1/1/2024,Kelantan,70,mean,5564
1/1/2024,Kelantan,71,mean,5653
1/1/2024,Kelantan,72,mean,5747
1/1/2024,Kelantan,73,mean,5841
1/1/2024,Kelantan,74,mean,5968
1/1/2024,Kelantan,75,mean,6168
1/1/2024,Kelantan,76,mean,6331
1/1/2024,Kelantan,77,mean,6445
1/1/2024,Kelantan,78,mean,6580
1/1/2024,Kelantan,79,mean,6749
1/1/2024,Kelantan,80,mean,6921
1/1/2024,Kelantan,81,mean,7111
1/1/2024,Kelantan,82,mean,7361
1/1/2024,Kelantan,83,mean,7638
1/1/2024,Kelantan,84,mean,7868
1/1/2024,Kelantan,85,mean,8147
1/1/2024,Kelantan,86,mean,8427
1/1/2024,Kelantan,87,mean,8741
1/1/2024,Kelantan,88,mean,9055
1/1/2024,Kelantan,89,mean,9429
1/1/2024,Kelantan,90,mean,9734
1/1/2024,Kelantan,91,mean,10099
1/1/2024,Kelantan,92,mean,10679
1/1/2024,Kelantan,93,mean,11241
1/1/2024,Kelantan,94,mean,11796
1/1/2024,Kelantan,95,mean,12597
1/1/2024,Kelantan,96,mean,14033
1/1/2024,Kelantan,97,mean,15314
1/1/2024,Kelantan,98,mean,16723
1/1/2024,Kelantan,99,mean,19188
1/1/2024,Kelantan,100,mean,25672
1/1/2024,Melaka,1,mean,2546
1/1/2024,Melaka,2,mean,2813
1/1/2024,Melaka,3,mean,2899
1/1/2024,Melaka,4,mean,2945
1/1/2024,Melaka,5,mean,3017
1/1/2024,Melaka,6,mean,3082
1/1/2024,Melaka,7,mean,3163
1/1/2024,Melaka,8,mean,3239
1/1/2024,Melaka,9,mean,3316
1/1/2024,Melaka,10,mean,3411
1/1/2024,Melaka,11,mean,3483
1/1/2024,Melaka,12,mean,3565
1/1/2024,Melaka,13,mean,3675
1/1/2024,Melaka,14,mean,3787
1/1/2024,Melaka,15,mean,3892
1/1/2024,Melaka,16,mean,3967
1/1/2024,Melaka,17,mean,4052
1/1/2024,Melaka,18,mean,4111
1/1/2024,Melaka,19,mean,4190
1/1/2024,Melaka,20,mean,4258
1/1/2024,Melaka,21,mean,4347
1/1/2024,Melaka,22,mean,4436
1/1/2024,Melaka,23,mean,4522
1/1/2024,Melaka,24,mean,4593
1/1/2024,Melaka,25,mean,4683
1/1/2024,Melaka,26,mean,4763
1/1/2024,Melaka,27,mean,4837
1/1/2024,Melaka,28,mean,4919
1/1/2024,Melaka,29,mean,5011
1/1/2024,Melaka,30,mean,5076
1/1/2024,Melaka,31,mean,5162
1/1/2024,Melaka,32,mean,5292
1/1/2024,Melaka,33,mean,5353
1/1/2024,Melaka,34,mean,5469
1/1/2024,Melaka,35,mean,5534
1/1/2024,Melaka,36,mean,5615
1/1/2024,Melaka,37,mean,5716
1/1/2024,Melaka,38,mean,5792
1/1/2024,Melaka,39,mean,5842
1/1/2024,Melaka,40,mean,5895
1/1/2024,Melaka,41,mean,5970
1/1/2024,Melaka,42,mean,6034
1/1/2024,Melaka,43,mean,6155
1/1/2024,Melaka,44,mean,6267
1/1/2024,Melaka,45,mean,6365
1/1/2024,Melaka,46,mean,6453
1/1/2024,Melaka,47,mean,6570
1/1/2024,Melaka,48,mean,6702
1/1/2024,Melaka,49,mean,6781
1/1/2024,Melaka,50,mean,6850
1/1/2024,Melaka,51,mean,6944
1/1/2024,Melaka,52,mean,7091
1/1/2024,Melaka,53,mean,7212
1/1/2024,Melaka,54,mean,7325
1/1/2024,Melaka,55,mean,7463
1/1/2024,Melaka,56,mean,7586
1/1/2024,Melaka,57,mean,7693
1/1/2024,Melaka,58,mean,7810
1/1/2024,Melaka,59,mean,7916
1/1/2024,Melaka,60,mean,8031
1/1/2024,Melaka,61,mean,8156
1/1/2024,Melaka,62,mean,8294
1/1/2024,Melaka,63,mean,8452
1/1/2024,Melaka,64,mean,8607
1/1/2024,Melaka,65,mean,8740
1/1/2024,Melaka,66,mean,8883
1/1/2024,Melaka,67,mean,9068
1/1/2024,Melaka,68,mean,9163
1/1/2024,Melaka,69,mean,9293
1/1/2024,Melaka,70,mean,9449
1/1/2024,Melaka,71,mean,9670
1/1/2024,Melaka,72,mean,9864
1/1/2024,Melaka,73,mean,10061
1/1/2024,Melaka,74,mean,10216
1/1/2024,Melaka,75,mean,10362
1/1/2024,Melaka,76,mean,10573
1/1/2024,Melaka,77,mean,10805
1/1/2024,Melaka,78,mean,11011
1/1/2024,Melaka,79,mean,11248
1/1/2024,Melaka,80,mean,11462
1/1/2024,Melaka,81,mean,11906
1/1/2024,Melaka,82,mean,12335
1/1/2024,Melaka,83,mean,12664
1/1/2024,Melaka,84,mean,12805
1/1/2024,Melaka,85,mean,13048
1/1/2024,Melaka,86,mean,13366
1/1/2024,Melaka,87,mean,13788
1/1/2024,Melaka,88,mean,14294
1/1/2024,Melaka,89,mean,14849
1/1/2024,Melaka,90,mean,15197
1/1/2024,Melaka,91,mean,15563
1/1/2024,Melaka,92,mean,16190
1/1/2024,Melaka,93,mean,17186
1/1/2024,Melaka,94,mean,18107
1/1/2024,Melaka,95,mean,18882
1/1/2024,Melaka,96,mean,19861
1/1/2024,Melaka,97,mean,22219
1/1/2024,Melaka,98,mean,25818
1/1/2024,Melaka,99,mean,30438
1/1/2024,Melaka,100,mean,46067
1/1/2024,Negeri Sembilan,1,mean,1219
1/1/2024,Negeri Sembilan,2,mean,1607
1/1/2024,Negeri Sembilan,3,mean,1854
1/1/2024,Negeri Sembilan,4,mean,2017
1/1/2024,Negeri Sembilan,5,mean,2136
1/1/2024,Negeri Sembilan,6,mean,2236
1/1/2024,Negeri Sembilan,7,mean,2351
1/1/2024,Negeri Sembilan,8,mean,2453
1/1/2024,Negeri Sembilan,9,mean,2542
1/1/2024,Negeri Sembilan,10,mean,2628
1/1/2024,Negeri Sembilan,11,mean,2703
1/1/2024,Negeri Sembilan,12,mean,2786
1/1/2024,Negeri Sembilan,13,mean,2867
1/1/2024,Negeri Sembilan,14,mean,2917
1/1/2024,Negeri Sembilan,15,mean,2978
1/1/2024,Negeri Sembilan,16,mean,3036
1/1/2024,Negeri Sembilan,17,mean,3091
1/1/2024,Negeri Sembilan,18,mean,3158
1/1/2024,Negeri Sembilan,19,mean,3222
1/1/2024,Negeri Sembilan,20,mean,3289
1/1/2024,Negeri Sembilan,21,mean,3345
1/1/2024,Negeri Sembilan,22,mean,3413
1/1/2024,Negeri Sembilan,23,mean,3472
1/1/2024,Negeri Sembilan,24,mean,3543
1/1/2024,Negeri Sembilan,25,mean,3604
1/1/2024,Negeri Sembilan,26,mean,3680
1/1/2024,Negeri Sembilan,27,mean,3760
1/1/2024,Negeri Sembilan,28,mean,3817
1/1/2024,Negeri Sembilan,29,mean,3893
1/1/2024,Negeri Sembilan,30,mean,3985
1/1/2024,Negeri Sembilan,31,mean,4055
1/1/2024,Negeri Sembilan,32,mean,4116
1/1/2024,Negeri Sembilan,33,mean,4172
1/1/2024,Negeri Sembilan,34,mean,4242
1/1/2024,Negeri Sembilan,35,mean,4327
1/1/2024,Negeri Sembilan,36,mean,4396
1/1/2024,Negeri Sembilan,37,mean,4475
1/1/2024,Negeri Sembilan,38,mean,4532
1/1/2024,Negeri Sembilan,39,mean,4600
1/1/2024,Negeri Sembilan,40,mean,4661
1/1/2024,Negeri Sembilan,41,mean,4747
1/1/2024,Negeri Sembilan,42,mean,4850
1/1/2024,Negeri Sembilan,43,mean,4943
1/1/2024,Negeri Sembilan,44,mean,5045
1/1/2024,Negeri Sembilan,45,mean,5121
1/1/2024,Negeri Sembilan,46,mean,5195
1/1/2024,Negeri Sembilan,47,mean,5261
1/1/2024,Negeri Sembilan,48,mean,5355
1/1/2024,Negeri Sembilan,49,mean,5464
1/1/2024,Negeri Sembilan,50,mean,5546
1/1/2024,Negeri Sembilan,51,mean,5653
1/1/2024,Negeri Sembilan,52,mean,5737
1/1/2024,Negeri Sembilan,53,mean,5823
1/1/2024,Negeri Sembilan,54,mean,5960
1/1/2024,Negeri Sembilan,55,mean,6084
1/1/2024,Negeri Sembilan,56,mean,6184
1/1/2024,Negeri Sembilan,57,mean,6301
1/1/2024,Negeri Sembilan,58,mean,6398
1/1/2024,Negeri Sembilan,59,mean,6472
1/1/2024,Negeri Sembilan,60,mean,6565
1/1/2024,Negeri Sembilan,61,mean,6686
1/1/2024,Negeri Sembilan,62,mean,6808
1/1/2024,Negeri Sembilan,63,mean,6932
1/1/2024,Negeri Sembilan,64,mean,7068
1/1/2024,Negeri Sembilan,65,mean,7215
1/1/2024,Negeri Sembilan,66,mean,7344
1/1/2024,Negeri Sembilan,67,mean,7469
1/1/2024,Negeri Sembilan,68,mean,7599
1/1/2024,Negeri Sembilan,69,mean,7755
1/1/2024,Negeri Sembilan,70,mean,7907
1/1/2024,Negeri Sembilan,71,mean,8049
1/1/2024,Negeri Sembilan,72,mean,8186
1/1/2024,Negeri Sembilan,73,mean,8299
1/1/2024,Negeri Sembilan,74,mean,8418
1/1/2024,Negeri Sembilan,75,mean,8594
1/1/2024,Negeri Sembilan,76,mean,8780
1/1/2024,Negeri Sembilan,77,mean,8984
1/1/2024,Negeri Sembilan,78,mean,9199
1/1/2024,Negeri Sembilan,79,mean,9366
1/1/2024,Negeri Sembilan,80,mean,9715
1/1/2024,Negeri Sembilan,81,mean,10157
1/1/2024,Negeri Sembilan,82,mean,10456
1/1/2024,Negeri Sembilan,83,mean,10762
1/1/2024,Negeri Sembilan,84,mean,10925
1/1/2024,Negeri Sembilan,85,mean,11159
1/1/2024,Negeri Sembilan,86,mean,11630
1/1/2024,Negeri Sembilan,87,mean,12525
1/1/2024,Negeri Sembilan,88,mean,12868
1/1/2024,Negeri Sembilan,89,mean,13196
1/1/2024,Negeri Sembilan,90,mean,13561
1/1/2024,Negeri Sembilan,91,mean,13884
1/1/2024,Negeri Sembilan,92,mean,14327
1/1/2024,Negeri Sembilan,93,mean,14924
1/1/2024,Negeri Sembilan,94,mean,15786
1/1/2024,Negeri Sembilan,95,mean,16876
1/1/2024,Negeri Sembilan,96,mean,18085
1/1/2024,Negeri Sembilan,97,mean,20190
1/1/2024,Negeri Sembilan,98,mean,22485
1/1/2024,Negeri Sembilan,99,mean,27153
1/1/2024,Negeri Sembilan,100,mean,46722
1/1/2024,Pahang,1,mean,1458
1/1/2024,Pahang,2,mean,1841
1/1/2024,Pahang,3,mean,2014
1/1/2024,Pahang,4,mean,2177
1/1/2024,Pahang,5,mean,2315
1/1/2024,Pahang,6,mean,2412
1/1/2024,Pahang,7,mean,2492
1/1/2024,Pahang,8,mean,2563
1/1/2024,Pahang,9,mean,2647
1/1/2024,Pahang,10,mean,2721
1/1/2024,Pahang,11,mean,2766
1/1/2024,Pahang,12,mean,2815
1/1/2024,Pahang,13,mean,2884
1/1/2024,Pahang,14,mean,2931
1/1/2024,Pahang,15,mean,2987
1/1/2024,Pahang,16,mean,3043
1/1/2024,Pahang,17,mean,3077
1/1/2024,Pahang,18,mean,3114
1/1/2024,Pahang,19,mean,3167
1/1/2024,Pahang,20,mean,3233
1/1/2024,Pahang,21,mean,3283
1/1/2024,Pahang,22,mean,3334
1/1/2024,Pahang,23,mean,3389
1/1/2024,Pahang,24,mean,3435
1/1/2024,Pahang,25,mean,3480
1/1/2024,Pahang,26,mean,3531
1/1/2024,Pahang,27,mean,3568
1/1/2024,Pahang,28,mean,3628
1/1/2024,Pahang,29,mean,3673
1/1/2024,Pahang,30,mean,3738
1/1/2024,Pahang,31,mean,3798
1/1/2024,Pahang,32,mean,3854
1/1/2024,Pahang,33,mean,3918
1/1/2024,Pahang,34,mean,3964
1/1/2024,Pahang,35,mean,4017
1/1/2024,Pahang,36,mean,4078
1/1/2024,Pahang,37,mean,4135
1/1/2024,Pahang,38,mean,4197
1/1/2024,Pahang,39,mean,4249
1/1/2024,Pahang,40,mean,4303
1/1/2024,Pahang,41,mean,4356
1/1/2024,Pahang,42,mean,4416
1/1/2024,Pahang,43,mean,4487
1/1/2024,Pahang,44,mean,4568
1/1/2024,Pahang,45,mean,4645
1/1/2024,Pahang,46,mean,4713
1/1/2024,Pahang,47,mean,4771
1/1/2024,Pahang,48,mean,4823
1/1/2024,Pahang,49,mean,4884
1/1/2024,Pahang,50,mean,4949
1/1/2024,Pahang,51,mean,5008
1/1/2024,Pahang,52,mean,5064
1/1/2024,Pahang,53,mean,5102
1/1/2024,Pahang,54,mean,5160
1/1/2024,Pahang,55,mean,5217
1/1/2024,Pahang,56,mean,5275
1/1/2024,Pahang,57,mean,5335
1/1/2024,Pahang,58,mean,5385
1/1/2024,Pahang,59,mean,5447
1/1/2024,Pahang,60,mean,5519
1/1/2024,Pahang,61,mean,5578
1/1/2024,Pahang,62,mean,5647
1/1/2024,Pahang,63,mean,5719
1/1/2024,Pahang,64,mean,5777
1/1/2024,Pahang,65,mean,5830
1/1/2024,Pahang,66,mean,5898
1/1/2024,Pahang,67,mean,5969
1/1/2024,Pahang,68,mean,6160
1/1/2024,Pahang,69,mean,6303
1/1/2024,Pahang,70,mean,6372
1/1/2024,Pahang,71,mean,6446
1/1/2024,Pahang,72,mean,6506
1/1/2024,Pahang,73,mean,6564
1/1/2024,Pahang,74,mean,6624
1/1/2024,Pahang,75,mean,6717
1/1/2024,Pahang,76,mean,6824
1/1/2024,Pahang,77,mean,6915
1/1/2024,Pahang,78,mean,7019
1/1/2024,Pahang,79,mean,7436
1/1/2024,Pahang,80,mean,7926
1/1/2024,Pahang,81,mean,8180
1/1/2024,Pahang,82,mean,8360
1/1/2024,Pahang,83,mean,8518
1/1/2024,Pahang,84,mean,8764
1/1/2024,Pahang,85,mean,9024
1/1/2024,Pahang,86,mean,9306
1/1/2024,Pahang,87,mean,9584
1/1/2024,Pahang,88,mean,9867
1/1/2024,Pahang,89,mean,10250
1/1/2024,Pahang,90,mean,10653
1/1/2024,Pahang,91,mean,11096
1/1/2024,Pahang,92,mean,11652
1/1/2024,Pahang,93,mean,12059
1/1/2024,Pahang,94,mean,12809
1/1/2024,Pahang,95,mean,13727
1/1/2024,Pahang,96,mean,15029
1/1/2024,Pahang,97,mean,16489
1/1/2024,Pahang,98,mean,18246
1/1/2024,Pahang,99,mean,20651
1/1/2024,Pahang,100,mean,27213
1/1/2024,Perak,1,mean,1186
1/1/2024,Perak,2,mean,1583
1/1/2024,Perak,3,mean,1789
1/1/2024,Perak,4,mean,1926
1/1/2024,Perak,5,mean,2045
1/1/2024,Perak,6,mean,2085
1/1/2024,Perak,7,mean,2121
1/1/2024,Perak,8,mean,2171
1/1/2024,Perak,9,mean,2219
1/1/2024,Perak,10,mean,2267
1/1/2024,Perak,11,mean,2311
1/1/2024,Perak,12,mean,2375
1/1/2024,Perak,13,mean,2446
1/1/2024,Perak,14,mean,2503
1/1/2024,Perak,15,mean,2551
1/1/2024,Perak,16,mean,2606
1/1/2024,Perak,17,mean,2659
1/1/2024,Perak,18,mean,2727
1/1/2024,Perak,19,mean,2797
1/1/2024,Perak,20,mean,2861
1/1/2024,Perak,21,mean,2915
1/1/2024,Perak,22,mean,2974
1/1/2024,Perak,23,mean,3044
1/1/2024,Perak,24,mean,3084
1/1/2024,Perak,25,mean,3123
1/1/2024,Perak,26,mean,3168
1/1/2024,Perak,27,mean,3203
1/1/2024,Perak,28,mean,3251
1/1/2024,Perak,29,mean,3305
1/1/2024,Perak,30,mean,3362
1/1/2024,Perak,31,mean,3416
1/1/2024,Perak,32,mean,3465
1/1/2024,Perak,33,mean,3519
1/1/2024,Perak,34,mean,3582
1/1/2024,Perak,35,mean,3639
1/1/2024,Perak,36,mean,3692
1/1/2024,Perak,37,mean,3750
1/1/2024,Perak,38,mean,3808
1/1/2024,Perak,39,mean,3865
1/1/2024,Perak,40,mean,3935
1/1/2024,Perak,41,mean,4002
1/1/2024,Perak,42,mean,4074
1/1/2024,Perak,43,mean,4142
1/1/2024,Perak,44,mean,4224
1/1/2024,Perak,45,mean,4298
1/1/2024,Perak,46,mean,4357
1/1/2024,Perak,47,mean,4421
1/1/2024,Perak,48,mean,4483
1/1/2024,Perak,49,mean,4556
1/1/2024,Perak,50,mean,4649
1/1/2024,Perak,51,mean,4727
1/1/2024,Perak,52,mean,4819
1/1/2024,Perak,53,mean,4919
1/1/2024,Perak,54,mean,5031
1/1/2024,Perak,55,mean,5112
1/1/2024,Perak,56,mean,5204
1/1/2024,Perak,57,mean,5299
1/1/2024,Perak,58,mean,5375
1/1/2024,Perak,59,mean,5459
1/1/2024,Perak,60,mean,5551
1/1/2024,Perak,61,mean,5657
1/1/2024,Perak,62,mean,5749
1/1/2024,Perak,63,mean,5834
1/1/2024,Perak,64,mean,5920
1/1/2024,Perak,65,mean,6001
1/1/2024,Perak,66,mean,6111
1/1/2024,Perak,67,mean,6265
1/1/2024,Perak,68,mean,6371
1/1/2024,Perak,69,mean,6465
1/1/2024,Perak,70,mean,6571
1/1/2024,Perak,71,mean,6665
1/1/2024,Perak,72,mean,6780
1/1/2024,Perak,73,mean,6870
1/1/2024,Perak,74,mean,6971
1/1/2024,Perak,75,mean,7156
1/1/2024,Perak,76,mean,7367
1/1/2024,Perak,77,mean,7542
1/1/2024,Perak,78,mean,7715
1/1/2024,Perak,79,mean,7859
1/1/2024,Perak,80,mean,8058
1/1/2024,Perak,81,mean,8415
1/1/2024,Perak,82,mean,8707
1/1/2024,Perak,83,mean,8974
1/1/2024,Perak,84,mean,9176
1/1/2024,Perak,85,mean,9432
1/1/2024,Perak,86,mean,9728
1/1/2024,Perak,87,mean,10035
1/1/2024,Perak,88,mean,10384
1/1/2024,Perak,89,mean,10734
1/1/2024,Perak,90,mean,11161
1/1/2024,Perak,91,mean,11806
1/1/2024,Perak,92,mean,12393
1/1/2024,Perak,93,mean,12874
1/1/2024,Perak,94,mean,13730
1/1/2024,Perak,95,mean,14736
1/1/2024,Perak,96,mean,15839
1/1/2024,Perak,97,mean,17001
1/1/2024,Perak,98,mean,18879
1/1/2024,Perak,99,mean,22016
1/1/2024,Perak,100,mean,39798
1/1/2024,Perlis,1,mean,1170
1/1/2024,Perlis,2,mean,1356
1/1/2024,Perlis,3,mean,1564
1/1/2024,Perlis,4,mean,1657
1/1/2024,Perlis,5,mean,1825
1/1/2024,Perlis,6,mean,1994
1/1/2024,Perlis,7,mean,2082
1/1/2024,Perlis,8,mean,2157
1/1/2024,Perlis,9,mean,2269
1/1/2024,Perlis,10,mean,2357
1/1/2024,Perlis,11,mean,2442
1/1/2024,Perlis,12,mean,2512
1/1/2024,Perlis,13,mean,2607
1/1/2024,Perlis,14,mean,2680
1/1/2024,Perlis,15,mean,2740
1/1/2024,Perlis,16,mean,2787
1/1/2024,Perlis,17,mean,2850
1/1/2024,Perlis,18,mean,2919
1/1/2024,Perlis,19,mean,2971
1/1/2024,Perlis,20,mean,3009
1/1/2024,Perlis,21,mean,3066
1/1/2024,Perlis,22,mean,3112
1/1/2024,Perlis,23,mean,3155
1/1/2024,Perlis,24,mean,3197
1/1/2024,Perlis,25,mean,3257
1/1/2024,Perlis,26,mean,3325
1/1/2024,Perlis,27,mean,3411
1/1/2024,Perlis,28,mean,3479
1/1/2024,Perlis,29,mean,3539
1/1/2024,Perlis,30,mean,3598
1/1/2024,Perlis,31,mean,3647
1/1/2024,Perlis,32,mean,3689
1/1/2024,Perlis,33,mean,3734
1/1/2024,Perlis,34,mean,3792
1/1/2024,Perlis,35,mean,3890
1/1/2024,Perlis,36,mean,3941
1/1/2024,Perlis,37,mean,4028
1/1/2024,Perlis,38,mean,4130
1/1/2024,Perlis,39,mean,4193
1/1/2024,Perlis,40,mean,4242
1/1/2024,Perlis,41,mean,4314
1/1/2024,Perlis,42,mean,4371
1/1/2024,Perlis,43,mean,4422
1/1/2024,Perlis,44,mean,4496
1/1/2024,Perlis,45,mean,4579
1/1/2024,Perlis,46,mean,4665
1/1/2024,Perlis,47,mean,4752
1/1/2024,Perlis,48,mean,4813
1/1/2024,Perlis,49,mean,4878
1/1/2024,Perlis,50,mean,4922
1/1/2024,Perlis,51,mean,4986
1/1/2024,Perlis,52,mean,5089
1/1/2024,Perlis,53,mean,5161
1/1/2024,Perlis,54,mean,5215
1/1/2024,Perlis,55,mean,5288
1/1/2024,Perlis,56,mean,5332
1/1/2024,Perlis,57,mean,5372
1/1/2024,Perlis,58,mean,5451
1/1/2024,Perlis,59,mean,5566
1/1/2024,Perlis,60,mean,5647
1/1/2024,Perlis,61,mean,5717
1/1/2024,Perlis,62,mean,5814
1/1/2024,Perlis,63,mean,5861
1/1/2024,Perlis,64,mean,5907
1/1/2024,Perlis,65,mean,5993
1/1/2024,Perlis,66,mean,6120
1/1/2024,Perlis,67,mean,6336
1/1/2024,Perlis,68,mean,6444
1/1/2024,Perlis,69,mean,6526
1/1/2024,Perlis,70,mean,6647
1/1/2024,Perlis,71,mean,6781
1/1/2024,Perlis,72,mean,6887
1/1/2024,Perlis,73,mean,6979
1/1/2024,Perlis,74,mean,7045
1/1/2024,Perlis,75,mean,7208
1/1/2024,Perlis,76,mean,7323
1/1/2024,Perlis,77,mean,7471
1/1/2024,Perlis,78,mean,7665
1/1/2024,Perlis,79,mean,7844
1/1/2024,Perlis,80,mean,7967
1/1/2024,Perlis,81,mean,8036
1/1/2024,Perlis,82,mean,8242
1/1/2024,Perlis,83,mean,8536
1/1/2024,Perlis,84,mean,8840
1/1/2024,Perlis,85,mean,9062
1/1/2024,Perlis,86,mean,9171
1/1/2024,Perlis,87,mean,9391
1/1/2024,Perlis,88,mean,9694
1/1/2024,Perlis,89,mean,9979
1/1/2024,Perlis,90,mean,10303
1/1/2024,Perlis,91,mean,10824
1/1/2024,Perlis,92,mean,11376
1/1/2024,Perlis,93,mean,12079
1/1/2024,Perlis,94,mean,12697
1/1/2024,Perlis,95,mean,13803
1/1/2024,Perlis,96,mean,14837
1/1/2024,Perlis,97,mean,15606
1/1/2024,Perlis,98,mean,16910
1/1/2024,Perlis,99,mean,19041
1/1/2024,Perlis,100,mean,30324
1/1/2024,Pulau Pinang,1,mean,1467
1/1/2024,Pulau Pinang,2,mean,1798
1/1/2024,Pulau Pinang,3,mean,1997
1/1/2024,Pulau Pinang,4,mean,2180
1/1/2024,Pulau Pinang,5,mean,2355
1/1/2024,Pulau Pinang,6,mean,2518
1/1/2024,Pulau Pinang,7,mean,2667
1/1/2024,Pulau Pinang,8,mean,2846
1/1/2024,Pulau Pinang,9,mean,3000
1/1/2024,Pulau Pinang,10,mean,3128
1/1/2024,Pulau Pinang,11,mean,3244
1/1/2024,Pulau Pinang,12,mean,3369
1/1/2024,Pulau Pinang,13,mean,3469
1/1/2024,Pulau Pinang,14,mean,3564
1/1/2024,Pulau Pinang,15,mean,3655
1/1/2024,Pulau Pinang,16,mean,3756
1/1/2024,Pulau Pinang,17,mean,3863
1/1/2024,Pulau Pinang,18,mean,3975
1/1/2024,Pulau Pinang,19,mean,4079
1/1/2024,Pulau Pinang,20,mean,4183
1/1/2024,Pulau Pinang,21,mean,4283
1/1/2024,Pulau Pinang,22,mean,4361
1/1/2024,Pulau Pinang,23,mean,4466
1/1/2024,Pulau Pinang,24,mean,4553
1/1/2024,Pulau Pinang,25,mean,4658
1/1/2024,Pulau Pinang,26,mean,4766
1/1/2024,Pulau Pinang,27,mean,4871
1/1/2024,Pulau Pinang,28,mean,4960
1/1/2024,Pulau Pinang,29,mean,5060
1/1/2024,Pulau Pinang,30,mean,5162
1/1/2024,Pulau Pinang,31,mean,5272
1/1/2024,Pulau Pinang,32,mean,5388
1/1/2024,Pulau Pinang,33,mean,5478
1/1/2024,Pulau Pinang,34,mean,5582
1/1/2024,Pulau Pinang,35,mean,5709
1/1/2024,Pulau Pinang,36,mean,5841
1/1/2024,Pulau Pinang,37,mean,5955
1/1/2024,Pulau Pinang,38,mean,6084
1/1/2024,Pulau Pinang,39,mean,6192
1/1/2024,Pulau Pinang,40,mean,6294
1/1/2024,Pulau Pinang,41,mean,6419
1/1/2024,Pulau Pinang,42,mean,6512
1/1/2024,Pulau Pinang,43,mean,6612
1/1/2024,Pulau Pinang,44,mean,6720
1/1/2024,Pulau Pinang,45,mean,6804
1/1/2024,Pulau Pinang,46,mean,6903
1/1/2024,Pulau Pinang,47,mean,6981
1/1/2024,Pulau Pinang,48,mean,7073
1/1/2024,Pulau Pinang,49,mean,7201
1/1/2024,Pulau Pinang,50,mean,7324
1/1/2024,Pulau Pinang,51,mean,7441
1/1/2024,Pulau Pinang,52,mean,7584
1/1/2024,Pulau Pinang,53,mean,7695
1/1/2024,Pulau Pinang,54,mean,7808
1/1/2024,Pulau Pinang,55,mean,7938
1/1/2024,Pulau Pinang,56,mean,8070
1/1/2024,Pulau Pinang,57,mean,8210
1/1/2024,Pulau Pinang,58,mean,8340
1/1/2024,Pulau Pinang,59,mean,8461
1/1/2024,Pulau Pinang,60,mean,8597
1/1/2024,Pulau Pinang,61,mean,8748
1/1/2024,Pulau Pinang,62,mean,8896
1/1/2024,Pulau Pinang,63,mean,9039
1/1/2024,Pulau Pinang,64,mean,9198
1/1/2024,Pulau Pinang,65,mean,9351
1/1/2024,Pulau Pinang,66,mean,9521
1/1/2024,Pulau Pinang,67,mean,9673
1/1/2024,Pulau Pinang,68,mean,9823
1/1/2024,Pulau Pinang,69,mean,10002
1/1/2024,Pulau Pinang,70,mean,10217
1/1/2024,Pulau Pinang,71,mean,10396
1/1/2024,Pulau Pinang,72,mean,10580
1/1/2024,Pulau Pinang,73,mean,10736
1/1/2024,Pulau Pinang,74,mean,10913
1/1/2024,Pulau Pinang,75,mean,11129
1/1/2024,Pulau Pinang,76,mean,11342
1/1/2024,Pulau Pinang,77,mean,11566
1/1/2024,Pulau Pinang,78,mean,11894
1/1/2024,Pulau Pinang,79,mean,12266
1/1/2024,Pulau Pinang,80,mean,12574
1/1/2024,Pulau Pinang,81,mean,12765
1/1/2024,Pulau Pinang,82,mean,13015
1/1/2024,Pulau Pinang,83,mean,13244
1/1/2024,Pulau Pinang,84,mean,13577
1/1/2024,Pulau Pinang,85,mean,13897
1/1/2024,Pulau Pinang,86,mean,14152
1/1/2024,Pulau Pinang,87,mean,14587
1/1/2024,Pulau Pinang,88,mean,14997
1/1/2024,Pulau Pinang,89,mean,15535
1/1/2024,Pulau Pinang,90,mean,16206
1/1/2024,Pulau Pinang,91,mean,16789
1/1/2024,Pulau Pinang,92,mean,17536
1/1/2024,Pulau Pinang,93,mean,18212
1/1/2024,Pulau Pinang,94,mean,19022
1/1/2024,Pulau Pinang,95,mean,20020
1/1/2024,Pulau Pinang,96,mean,21230
1/1/2024,Pulau Pinang,97,mean,22866
1/1/2024,Pulau Pinang,98,mean,25729
1/1/2024,Pulau Pinang,99,mean,30871
1/1/2024,Pulau Pinang,100,mean,58955
1/1/2024,Sabah,1,mean,1040
1/1/2024,Sabah,2,mean,1329
1/1/2024,Sabah,3,mean,1477
1/1/2024,Sabah,4,mean,1594
1/1/2024,Sabah,5,mean,1702
1/1/2024,Sabah,6,mean,1824
1/1/2024,Sabah,7,mean,1911
1/1/2024,Sabah,8,mean,2004
1/1/2024,Sabah,9,mean,2084
1/1/2024,Sabah,10,mean,2150
1/1/2024,Sabah,11,mean,2220
1/1/2024,Sabah,12,mean,2290
1/1/2024,Sabah,13,mean,2355
1/1/2024,Sabah,14,mean,2419
1/1/2024,Sabah,15,mean,2484
1/1/2024,Sabah,16,mean,2537
1/1/2024,Sabah,17,mean,2588
1/1/2024,Sabah,18,mean,2647
1/1/2024,Sabah,19,mean,2704
1/1/2024,Sabah,20,mean,2761
1/1/2024,Sabah,21,mean,2817
1/1/2024,Sabah,22,mean,2868
1/1/2024,Sabah,23,mean,2926
1/1/2024,Sabah,24,mean,2985
1/1/2024,Sabah,25,mean,3053
1/1/2024,Sabah,26,mean,3120
1/1/2024,Sabah,27,mean,3179
1/1/2024,Sabah,28,mean,3250
1/1/2024,Sabah,29,mean,3331
1/1/2024,Sabah,30,mean,3383
1/1/2024,Sabah,31,mean,3453
1/1/2024,Sabah,32,mean,3513
1/1/2024,Sabah,33,mean,3598
1/1/2024,Sabah,34,mean,3680
1/1/2024,Sabah,35,mean,3750
1/1/2024,Sabah,36,mean,3817
1/1/2024,Sabah,37,mean,3880
1/1/2024,Sabah,38,mean,3950
1/1/2024,Sabah,39,mean,4020
1/1/2024,Sabah,40,mean,4089
1/1/2024,Sabah,41,mean,4160
1/1/2024,Sabah,42,mean,4219
1/1/2024,Sabah,43,mean,4294
1/1/2024,Sabah,44,mean,4365
1/1/2024,Sabah,45,mean,4443
1/1/2024,Sabah,46,mean,4515
1/1/2024,Sabah,47,mean,4595
1/1/2024,Sabah,48,mean,4686
1/1/2024,Sabah,49,mean,4770
1/1/2024,Sabah,50,mean,4853
1/1/2024,Sabah,51,mean,4926
1/1/2024,Sabah,52,mean,4995
1/1/2024,Sabah,53,mean,5070
1/1/2024,Sabah,54,mean,5149
1/1/2024,Sabah,55,mean,5225
1/1/2024,Sabah,56,mean,5303
1/1/2024,Sabah,57,mean,5383
1/1/2024,Sabah,58,mean,5476
1/1/2024,Sabah,59,mean,5562
1/1/2024,Sabah,60,mean,5649
1/1/2024,Sabah,61,mean,5742
1/1/2024,Sabah,62,mean,5834
1/1/2024,Sabah,63,mean,5941
1/1/2024,Sabah,64,mean,6129
1/1/2024,Sabah,65,mean,6333
1/1/2024,Sabah,66,mean,6449
1/1/2024,Sabah,67,mean,6569
1/1/2024,Sabah,68,mean,6677
1/1/2024,Sabah,69,mean,6796
1/1/2024,Sabah,70,mean,6897
1/1/2024,Sabah,71,mean,7001
1/1/2024,Sabah,72,mean,7182
1/1/2024,Sabah,73,mean,7423
1/1/2024,Sabah,74,mean,7610
1/1/2024,Sabah,75,mean,7821
1/1/2024,Sabah,76,mean,7973
1/1/2024,Sabah,77,mean,8306
1/1/2024,Sabah,78,mean,8585
1/1/2024,Sabah,79,mean,8802
1/1/2024,Sabah,80,mean,9024
1/1/2024,Sabah,81,mean,9267
1/1/2024,Sabah,82,mean,9528
1/1/2024,Sabah,83,mean,9848
1/1/2024,Sabah,84,mean,10146
1/1/2024,Sabah,85,mean,10477
1/1/2024,Sabah,86,mean,10872
1/1/2024,Sabah,87,mean,11211
1/1/2024,Sabah,88,mean,11620
1/1/2024,Sabah,89,mean,12070
1/1/2024,Sabah,90,mean,12527
1/1/2024,Sabah,91,mean,12984
1/1/2024,Sabah,92,mean,13558
1/1/2024,Sabah,93,mean,14291
1/1/2024,Sabah,94,mean,14944
1/1/2024,Sabah,95,mean,15739
1/1/2024,Sabah,96,mean,16656
1/1/2024,Sabah,97,mean,18412
1/1/2024,Sabah,98,mean,20369
1/1/2024,Sabah,99,mean,24320
1/1/2024,Sabah,100,mean,39842
1/1/2024,Sarawak,1,mean,1315
1/1/2024,Sarawak,2,mean,1620
1/1/2024,Sarawak,3,mean,1761
1/1/2024,Sarawak,4,mean,1853
1/1/2024,Sarawak,5,mean,1953
1/1/2024,Sarawak,6,mean,2058
1/1/2024,Sarawak,7,mean,2153
1/1/2024,Sarawak,8,mean,2235
1/1/2024,Sarawak,9,mean,2314
1/1/2024,Sarawak,10,mean,2389
1/1/2024,Sarawak,11,mean,2469
1/1/2024,Sarawak,12,mean,2544
1/1/2024,Sarawak,13,mean,2610
1/1/2024,Sarawak,14,mean,2681
1/1/2024,Sarawak,15,mean,2766
1/1/2024,Sarawak,16,mean,2843
1/1/2024,Sarawak,17,mean,2920
1/1/2024,Sarawak,18,mean,2994
1/1/2024,Sarawak,19,mean,3070
1/1/2024,Sarawak,20,mean,3134
1/1/2024,Sarawak,21,mean,3197
1/1/2024,Sarawak,22,mean,3264
1/1/2024,Sarawak,23,mean,3331
1/1/2024,Sarawak,24,mean,3404
1/1/2024,Sarawak,25,mean,3478
1/1/2024,Sarawak,26,mean,3557
1/1/2024,Sarawak,27,mean,3633
1/1/2024,Sarawak,28,mean,3705
1/1/2024,Sarawak,29,mean,3791
1/1/2024,Sarawak,30,mean,3860
1/1/2024,Sarawak,31,mean,3936
1/1/2024,Sarawak,32,mean,4012
1/1/2024,Sarawak,33,mean,4097
1/1/2024,Sarawak,34,mean,4172
1/1/2024,Sarawak,35,mean,4240
1/1/2024,Sarawak,36,mean,4314
1/1/2024,Sarawak,37,mean,4385
1/1/2024,Sarawak,38,mean,4471
1/1/2024,Sarawak,39,mean,4546
1/1/2024,Sarawak,40,mean,4621
1/1/2024,Sarawak,41,mean,4713
1/1/2024,Sarawak,42,mean,4811
1/1/2024,Sarawak,43,mean,4897
1/1/2024,Sarawak,44,mean,4982
1/1/2024,Sarawak,45,mean,5060
1/1/2024,Sarawak,46,mean,5137
1/1/2024,Sarawak,47,mean,5207
1/1/2024,Sarawak,48,mean,5291
1/1/2024,Sarawak,49,mean,5372
1/1/2024,Sarawak,50,mean,5457
1/1/2024,Sarawak,51,mean,5550
1/1/2024,Sarawak,52,mean,5636
1/1/2024,Sarawak,53,mean,5724
1/1/2024,Sarawak,54,mean,5818
1/1/2024,Sarawak,55,mean,5918
1/1/2024,Sarawak,56,mean,6009
1/1/2024,Sarawak,57,mean,6116
1/1/2024,Sarawak,58,mean,6232
1/1/2024,Sarawak,59,mean,6350
1/1/2024,Sarawak,60,mean,6465
1/1/2024,Sarawak,61,mean,6588
1/1/2024,Sarawak,62,mean,6690
1/1/2024,Sarawak,63,mean,6813
1/1/2024,Sarawak,64,mean,6922
1/1/2024,Sarawak,65,mean,7016
1/1/2024,Sarawak,66,mean,7147
1/1/2024,Sarawak,67,mean,7287
1/1/2024,Sarawak,68,mean,7420
1/1/2024,Sarawak,69,mean,7577
1/1/2024,Sarawak,70,mean,7714
1/1/2024,Sarawak,71,mean,7878
1/1/2024,Sarawak,72,mean,8047
1/1/2024,Sarawak,73,mean,8227
1/1/2024,Sarawak,74,mean,8406
1/1/2024,Sarawak,75,mean,8567
1/1/2024,Sarawak,76,mean,8725
1/1/2024,Sarawak,77,mean,8933
1/1/2024,Sarawak,78,mean,9139
1/1/2024,Sarawak,79,mean,9351
1/1/2024,Sarawak,80,mean,9592
1/1/2024,Sarawak,81,mean,9846
1/1/2024,Sarawak,82,mean,10094
1/1/2024,Sarawak,83,mean,10330
1/1/2024,Sarawak,84,mean,10646
1/1/2024,Sarawak,85,mean,10990
1/1/2024,Sarawak,86,mean,11285
1/1/2024,Sarawak,87,mean,11654
1/1/2024,Sarawak,88,mean,12098
1/1/2024,Sarawak,89,mean,12551
1/1/2024,Sarawak,90,mean,12929
1/1/2024,Sarawak,91,mean,13344
1/1/2024,Sarawak,92,mean,13856
1/1/2024,Sarawak,93,mean,14446
1/1/2024,Sarawak,94,mean,15194
1/1/2024,Sarawak,95,mean,15971
1/1/2024,Sarawak,96,mean,17097
1/1/2024,Sarawak,97,mean,18564
1/1/2024,Sarawak,98,mean,20513
1/1/2024,Sarawak,99,mean,23849
1/1/2024,Sarawak,100,mean,35318
1/1/2024,Selangor,1,mean,2566
1/1/2024,Selangor,2,mean,3292
1/1/2024,Selangor,3,mean,3773
1/1/2024,Selangor,4,mean,4155
1/1/2024,Selangor,5,mean,4449
1/1/2024,Selangor,6,mean,4720
1/1/2024,Selangor,7,mean,4960
1/1/2024,Selangor,8,mean,5158
1/1/2024,Selangor,9,mean,5382
1/1/2024,Selangor,10,mean,5581
1/1/2024,Selangor,11,mean,5704
1/1/2024,Selangor,12,mean,5848
1/1/2024,Selangor,13,mean,6036
1/1/2024,Selangor,14,mean,6318
1/1/2024,Selangor,15,mean,6482
1/1/2024,Selangor,16,mean,6636
1/1/2024,Selangor,17,mean,6754
1/1/2024,Selangor,18,mean,6849
1/1/2024,Selangor,19,mean,6961
1/1/2024,Selangor,20,mean,7187
1/1/2024,Selangor,21,mean,7495
1/1/2024,Selangor,22,mean,7647
1/1/2024,Selangor,23,mean,7777
1/1/2024,Selangor,24,mean,7887
1/1/2024,Selangor,25,mean,7996
1/1/2024,Selangor,26,mean,8166
1/1/2024,Selangor,27,mean,8367
1/1/2024,Selangor,28,mean,8464
1/1/2024,Selangor,29,mean,8520
1/1/2024,Selangor,30,mean,8588
1/1/2024,Selangor,31,mean,8676
1/1/2024,Selangor,32,mean,8754
1/1/2024,Selangor,33,mean,8825
1/1/2024,Selangor,34,mean,8897
1/1/2024,Selangor,35,mean,9005
1/1/2024,Selangor,36,mean,9125
1/1/2024,Selangor,37,mean,9220
1/1/2024,Selangor,38,mean,9324
1/1/2024,Selangor,39,mean,9431
1/1/2024,Selangor,40,mean,9515
1/1/2024,Selangor,41,mean,9620
1/1/2024,Selangor,42,mean,9736
1/1/2024,Selangor,43,mean,9872
1/1/2024,Selangor,44,mean,10094
1/1/2024,Selangor,45,mean,10214
1/1/2024,Selangor,46,mean,10314
1/1/2024,Selangor,47,mean,10405
1/1/2024,Selangor,48,mean,10497
1/1/2024,Selangor,49,mean,10584
1/1/2024,Selangor,50,mean,10674
1/1/2024,Selangor,51,mean,10770
1/1/2024,Selangor,52,mean,10842
1/1/2024,Selangor,53,mean,10945
1/1/2024,Selangor,54,mean,11042
1/1/2024,Selangor,55,mean,11124
1/1/2024,Selangor,56,mean,11223
1/1/2024,Selangor,57,mean,11320
1/1/2024,Selangor,58,mean,11415
1/1/2024,Selangor,59,mean,11510
1/1/2024,Selangor,60,mean,11742
1/1/2024,Selangor,61,mean,12031
1/1/2024,Selangor,62,mean,12266
1/1/2024,Selangor,63,mean,12435
1/1/2024,Selangor,64,mean,12607
1/1/2024,Selangor,65,mean,12737
1/1/2024,Selangor,66,mean,12864
1/1/2024,Selangor,67,mean,13009
1/1/2024,Selangor,68,mean,13186
1/1/2024,Selangor,69,mean,13325
1/1/2024,Selangor,70,mean,13515
1/1/2024,Selangor,71,mean,13665
1/1/2024,Selangor,72,mean,13793
1/1/2024,Selangor,73,mean,13948
1/1/2024,Selangor,74,mean,14144
1/1/2024,Selangor,75,mean,14338
1/1/2024,Selangor,76,mean,14601
1/1/2024,Selangor,77,mean,15073
1/1/2024,Selangor,78,mean,15367
1/1/2024,Selangor,79,mean,15629
1/1/2024,Selangor,80,mean,15903
1/1/2024,Selangor,81,mean,16251
1/1/2024,Selangor,82,mean,16674
1/1/2024,Selangor,83,mean,17024
1/1/2024,Selangor,84,mean,17427
1/1/2024,Selangor,85,mean,17923
1/1/2024,Selangor,86,mean,18379
1/1/2024,Selangor,87,mean,18911
1/1/2024,Selangor,88,mean,19532
1/1/2024,Selangor,89,mean,20296
1/1/2024,Selangor,90,mean,21173
1/1/2024,Selangor,91,mean,22090
1/1/2024,Selangor,92,mean,23152
1/1/2024,Selangor,93,mean,24585
1/1/2024,Selangor,94,mean,25838
1/1/2024,Selangor,95,mean,27604
1/1/2024,Selangor,96,mean,30408
1/1/2024,Selangor,97,mean,34712
1/1/2024,Selangor,98,mean,39981
1/1/2024,Selangor,99,mean,51935
1/1/2024,Selangor,100,mean,97927
1/1/2024,Terengganu,1,mean,1769
1/1/2024,Terengganu,2,mean,2295
1/1/2024,Terengganu,3,mean,2617
1/1/2024,Terengganu,4,mean,2773
1/1/2024,Terengganu,5,mean,2913
1/1/2024,Terengganu,6,mean,3006
1/1/2024,Terengganu,7,mean,3087
1/1/2024,Terengganu,8,mean,3160
1/1/2024,Terengganu,9,mean,3237
1/1/2024,Terengganu,10,mean,3314
1/1/2024,Terengganu,11,mean,3387
1/1/2024,Terengganu,12,mean,3462
1/1/2024,Terengganu,13,mean,3551
1/1/2024,Terengganu,14,mean,3613
1/1/2024,Terengganu,15,mean,3678
1/1/2024,Terengganu,16,mean,3757
1/1/2024,Terengganu,17,mean,3849
1/1/2024,Terengganu,18,mean,3928
1/1/2024,Terengganu,19,mean,4006
1/1/2024,Terengganu,20,mean,4090
1/1/2024,Terengganu,21,mean,4179
1/1/2024,Terengganu,22,mean,4252
1/1/2024,Terengganu,23,mean,4337
1/1/2024,Terengganu,24,mean,4410
1/1/2024,Terengganu,25,mean,4484
1/1/2024,Terengganu,26,mean,4549
1/1/2024,Terengganu,27,mean,4626
1/1/2024,Terengganu,28,mean,4735
1/1/2024,Terengganu,29,mean,4835
1/1/2024,Terengganu,30,mean,4918
1/1/2024,Terengganu,31,mean,5000
1/1/2024,Terengganu,32,mean,5081
1/1/2024,Terengganu,33,mean,5158
1/1/2024,Terengganu,34,mean,5237
1/1/2024,Terengganu,35,mean,5320
1/1/2024,Terengganu,36,mean,5405
1/1/2024,Terengganu,37,mean,5503
1/1/2024,Terengganu,38,mean,5646
1/1/2024,Terengganu,39,mean,5755
1/1/2024,Terengganu,40,mean,5844
1/1/2024,Terengganu,41,mean,5931
1/1/2024,Terengganu,42,mean,6039
1/1/2024,Terengganu,43,mean,6122
1/1/2024,Terengganu,44,mean,6193
1/1/2024,Terengganu,45,mean,6265
1/1/2024,Terengganu,46,mean,6329
1/1/2024,Terengganu,47,mean,6386
1/1/2024,Terengganu,48,mean,6455
1/1/2024,Terengganu,49,mean,6522
1/1/2024,Terengganu,50,mean,6592
1/1/2024,Terengganu,51,mean,6683
1/1/2024,Terengganu,52,mean,6755
1/1/2024,Terengganu,53,mean,6830
1/1/2024,Terengganu,54,mean,6905
1/1/2024,Terengganu,55,mean,6977
1/1/2024,Terengganu,56,mean,7046
1/1/2024,Terengganu,57,mean,7123
1/1/2024,Terengganu,58,mean,7189
1/1/2024,Terengganu,59,mean,7259
1/1/2024,Terengganu,60,mean,7322
1/1/2024,Terengganu,61,mean,7400
1/1/2024,Terengganu,62,mean,7473
1/1/2024,Terengganu,63,mean,7577
1/1/2024,Terengganu,64,mean,7673
1/1/2024,Terengganu,65,mean,7757
1/1/2024,Terengganu,66,mean,7852
1/1/2024,Terengganu,67,mean,7937
1/1/2024,Terengganu,68,mean,8028
1/1/2024,Terengganu,69,mean,8162
1/1/2024,Terengganu,70,mean,8282
1/1/2024,Terengganu,71,mean,8383
1/1/2024,Terengganu,72,mean,8516
1/1/2024,Terengganu,73,mean,8679
1/1/2024,Terengganu,74,mean,8827
1/1/2024,Terengganu,75,mean,8958
1/1/2024,Terengganu,76,mean,9076
1/1/2024,Terengganu,77,mean,9209
1/1/2024,Terengganu,78,mean,9382
1/1/2024,Terengganu,79,mean,9556
1/1/2024,Terengganu,80,mean,9706
1/1/2024,Terengganu,81,mean,9872
1/1/2024,Terengganu,82,mean,10048
1/1/2024,Terengganu,83,mean,10309
1/1/2024,Terengganu,84,mean,10550
1/1/2024,Terengganu,85,mean,10819
1/1/2024,Terengganu,86,mean,11175
1/1/2024,Terengganu,87,mean,11616
1/1/2024,Terengganu,88,mean,12079
1/1/2024,Terengganu,89,mean,12663
1/1/2024,Terengganu,90,mean,13191
1/1/2024,Terengganu,91,mean,13508
1/1/2024,Terengganu,92,mean,13984
1/1/2024,Terengganu,93,mean,14625
1/1/2024,Terengganu,94,mean,15533
1/1/2024,Terengganu,95,mean,16516
1/1/2024,Terengganu,96,mean,17564
1/1/2024,Terengganu,97,mean,18743
1/1/2024,Terengganu,98,mean,20780
1/1/2024,Terengganu,99,mean,23199
1/1/2024,Terengganu,100,mean,30721
1/1/2024,W.P. Kuala Lumpur,1,mean,2095
1/1/2024,W.P. Kuala Lumpur,2,mean,2965
1/1/2024,W.P. Kuala Lumpur,3,mean,3392
1/1/2024,W.P. Kuala Lumpur,4,mean,3678
1/1/2024,W.P. Kuala Lumpur,5,mean,3865
1/1/2024,W.P. Kuala Lumpur,6,mean,4051
1/1/2024,W.P. Kuala Lumpur,7,mean,4222
1/1/2024,W.P. Kuala Lumpur,8,mean,4506
1/1/2024,W.P. Kuala Lumpur,9,mean,4727
1/1/2024,W.P. Kuala Lumpur,10,mean,4960
1/1/2024,W.P. Kuala Lumpur,11,mean,5199
1/1/2024,W.P. Kuala Lumpur,12,mean,5369
1/1/2024,W.P. Kuala Lumpur,13,mean,5541
1/1/2024,W.P. Kuala Lumpur,14,mean,5689
1/1/2024,W.P. Kuala Lumpur,15,mean,5807
1/1/2024,W.P. Kuala Lumpur,16,mean,5936
1/1/2024,W.P. Kuala Lumpur,17,mean,6348
1/1/2024,W.P. Kuala Lumpur,18,mean,6504
1/1/2024,W.P. Kuala Lumpur,19,mean,6624
1/1/2024,W.P. Kuala Lumpur,20,mean,6708
1/1/2024,W.P. Kuala Lumpur,21,mean,6785
1/1/2024,W.P. Kuala Lumpur,22,mean,6863
1/1/2024,W.P. Kuala Lumpur,23,mean,6943
1/1/2024,W.P. Kuala Lumpur,24,mean,7006
1/1/2024,W.P. Kuala Lumpur,25,mean,7387
1/1/2024,W.P. Kuala Lumpur,26,mean,7588
1/1/2024,W.P. Kuala Lumpur,27,mean,7676
1/1/2024,W.P. Kuala Lumpur,28,mean,7753
1/1/2024,W.P. Kuala Lumpur,29,mean,7827
1/1/2024,W.P. Kuala Lumpur,30,mean,7907
1/1/2024,W.P. Kuala Lumpur,31,mean,8014
1/1/2024,W.P. Kuala Lumpur,32,mean,8451
1/1/2024,W.P. Kuala Lumpur,33,mean,8630
1/1/2024,W.P. Kuala Lumpur,34,mean,8776
1/1/2024,W.P. Kuala Lumpur,35,mean,8911
1/1/2024,W.P. Kuala Lumpur,36,mean,9041
1/1/2024,W.P. Kuala Lumpur,37,mean,9174
1/1/2024,W.P. Kuala Lumpur,38,mean,9287
1/1/2024,W.P. Kuala Lumpur,39,mean,9397
1/1/2024,W.P. Kuala Lumpur,40,mean,9549
1/1/2024,W.P. Kuala Lumpur,41,mean,9688
1/1/2024,W.P. Kuala Lumpur,42,mean,9809
1/1/2024,W.P. Kuala Lumpur,43,mean,9938
1/1/2024,W.P. Kuala Lumpur,44,mean,10066
1/1/2024,W.P. Kuala Lumpur,45,mean,10187
1/1/2024,W.P. Kuala Lumpur,46,mean,10287
1/1/2024,W.P. Kuala Lumpur,47,mean,10414
1/1/2024,W.P. Kuala Lumpur,48,mean,10520
1/1/2024,W.P. Kuala Lumpur,49,mean,10631
1/1/2024,W.P. Kuala Lumpur,50,mean,10741
1/1/2024,W.P. Kuala Lumpur,51,mean,10862
1/1/2024,W.P. Kuala Lumpur,52,mean,10992
1/1/2024,W.P. Kuala Lumpur,53,mean,11131
1/1/2024,W.P. Kuala Lumpur,54,mean,11309
1/1/2024,W.P. Kuala Lumpur,55,mean,11471
1/1/2024,W.P. Kuala Lumpur,56,mean,11636
1/1/2024,W.P. Kuala Lumpur,57,mean,11817
1/1/2024,W.P. Kuala Lumpur,58,mean,11960
1/1/2024,W.P. Kuala Lumpur,59,mean,12115
1/1/2024,W.P. Kuala Lumpur,60,mean,12221
1/1/2024,W.P. Kuala Lumpur,61,mean,12343
1/1/2024,W.P. Kuala Lumpur,62,mean,12469
1/1/2024,W.P. Kuala Lumpur,63,mean,12604
1/1/2024,W.P. Kuala Lumpur,64,mean,12718
1/1/2024,W.P. Kuala Lumpur,65,mean,12868
1/1/2024,W.P. Kuala Lumpur,66,mean,13321
1/1/2024,W.P. Kuala Lumpur,67,mean,13600
1/1/2024,W.P. Kuala Lumpur,68,mean,13881
1/1/2024,W.P. Kuala Lumpur,69,mean,14135
1/1/2024,W.P. Kuala Lumpur,70,mean,14393
1/1/2024,W.P. Kuala Lumpur,71,mean,14628
1/1/2024,W.P. Kuala Lumpur,72,mean,14793
1/1/2024,W.P. Kuala Lumpur,73,mean,15001
1/1/2024,W.P. Kuala Lumpur,74,mean,15214
1/1/2024,W.P. Kuala Lumpur,75,mean,15432
1/1/2024,W.P. Kuala Lumpur,76,mean,15632
1/1/2024,W.P. Kuala Lumpur,77,mean,15857
1/1/2024,W.P. Kuala Lumpur,78,mean,16154
1/1/2024,W.P. Kuala Lumpur,79,mean,16484
1/1/2024,W.P. Kuala Lumpur,80,mean,16793
1/1/2024,W.P. Kuala Lumpur,81,mean,17193
1/1/2024,W.P. Kuala Lumpur,82,mean,17556
1/1/2024,W.P. Kuala Lumpur,83,mean,17995
1/1/2024,W.P. Kuala Lumpur,84,mean,18583
1/1/2024,W.P. Kuala Lumpur,85,mean,19195
1/1/2024,W.P. Kuala Lumpur,86,mean,19755
1/1/2024,W.P. Kuala Lumpur,87,mean,20541
1/1/2024,W.P. Kuala Lumpur,88,mean,21416
1/1/2024,W.P. Kuala Lumpur,89,mean,22337
1/1/2024,W.P. Kuala Lumpur,90,mean,23558
1/1/2024,W.P. Kuala Lumpur,91,mean,24839
1/1/2024,W.P. Kuala Lumpur,92,mean,25949
1/1/2024,W.P. Kuala Lumpur,93,mean,27081
1/1/2024,W.P. Kuala Lumpur,94,mean,28780
1/1/2024,W.P. Kuala Lumpur,95,mean,30960
1/1/2024,W.P. Kuala Lumpur,96,mean,33565
1/1/2024,W.P. Kuala Lumpur,97,mean,36671
1/1/2024,W.P. Kuala Lumpur,98,mean,42737
1/1/2024,W.P. Kuala Lumpur,99,mean,54274
1/1/2024,W.P. Kuala Lumpur,100,mean,131441
1/1/2024,W.P. Labuan,1,mean,1457
1/1/2024,W.P. Labuan,2,mean,1792
1/1/2024,W.P. Labuan,3,mean,2021
1/1/2024,W.P. Labuan,4,mean,2237
1/1/2024,W.P. Labuan,5,mean,2424
1/1/2024,W.P. Labuan,6,mean,2540
1/1/2024,W.P. Labuan,7,mean,2671
1/1/2024,W.P. Labuan,8,mean,2804
1/1/2024,W.P. Labuan,9,mean,2981
1/1/2024,W.P. Labuan,10,mean,3197
1/1/2024,W.P. Labuan,11,mean,3367
1/1/2024,W.P. Labuan,12,mean,3572
1/1/2024,W.P. Labuan,13,mean,3645
1/1/2024,W.P. Labuan,14,mean,3725
1/1/2024,W.P. Labuan,15,mean,3858
1/1/2024,W.P. Labuan,16,mean,3907
1/1/2024,W.P. Labuan,17,mean,3967
1/1/2024,W.P. Labuan,18,mean,4070
1/1/2024,W.P. Labuan,19,mean,4189
1/1/2024,W.P. Labuan,20,mean,4344
1/1/2024,W.P. Labuan,21,mean,4438
1/1/2024,W.P. Labuan,22,mean,4546
1/1/2024,W.P. Labuan,23,mean,4648
1/1/2024,W.P. Labuan,24,mean,4759
1/1/2024,W.P. Labuan,25,mean,4827
1/1/2024,W.P. Labuan,26,mean,4878
1/1/2024,W.P. Labuan,27,mean,4965
1/1/2024,W.P. Labuan,28,mean,5039
1/1/2024,W.P. Labuan,29,mean,5117
1/1/2024,W.P. Labuan,30,mean,5207
1/1/2024,W.P. Labuan,31,mean,5333
1/1/2024,W.P. Labuan,32,mean,5408
1/1/2024,W.P. Labuan,33,mean,5509
1/1/2024,W.P. Labuan,34,mean,5584
1/1/2024,W.P. Labuan,35,mean,5691
1/1/2024,W.P. Labuan,36,mean,5814
1/1/2024,W.P. Labuan,37,mean,5984
1/1/2024,W.P. Labuan,38,mean,6098
1/1/2024,W.P. Labuan,39,mean,6173
1/1/2024,W.P. Labuan,40,mean,6289
1/1/2024,W.P. Labuan,41,mean,6370
1/1/2024,W.P. Labuan,42,mean,6496
1/1/2024,W.P. Labuan,43,mean,6569
1/1/2024,W.P. Labuan,44,mean,6718
1/1/2024,W.P. Labuan,45,mean,6818
1/1/2024,W.P. Labuan,46,mean,7002
1/1/2024,W.P. Labuan,47,mean,7212
1/1/2024,W.P. Labuan,48,mean,7276
1/1/2024,W.P. Labuan,49,mean,7314
1/1/2024,W.P. Labuan,50,mean,7351
1/1/2024,W.P. Labuan,51,mean,7424
1/1/2024,W.P. Labuan,52,mean,7505
1/1/2024,W.P. Labuan,53,mean,7586
1/1/2024,W.P. Labuan,54,mean,7654
1/1/2024,W.P. Labuan,55,mean,7696
1/1/2024,W.P. Labuan,56,mean,7792
1/1/2024,W.P. Labuan,57,mean,7854
1/1/2024,W.P. Labuan,58,mean,7897
1/1/2024,W.P. Labuan,59,mean,7940
1/1/2024,W.P. Labuan,60,mean,8005
1/1/2024,W.P. Labuan,61,mean,8180
1/1/2024,W.P. Labuan,62,mean,8491
1/1/2024,W.P. Labuan,63,mean,8771
1/1/2024,W.P. Labuan,64,mean,8917
1/1/2024,W.P. Labuan,65,mean,9072
1/1/2024,W.P. Labuan,66,mean,9251
1/1/2024,W.P. Labuan,67,mean,9473
1/1/2024,W.P. Labuan,68,mean,9551
1/1/2024,W.P. Labuan,69,mean,9607
1/1/2024,W.P. Labuan,70,mean,9740
1/1/2024,W.P. Labuan,71,mean,9916
1/1/2024,W.P. Labuan,72,mean,10157
1/1/2024,W.P. Labuan,73,mean,10366
1/1/2024,W.P. Labuan,74,mean,10570
1/1/2024,W.P. Labuan,75,mean,10741
1/1/2024,W.P. Labuan,76,mean,10863
1/1/2024,W.P. Labuan,77,mean,11008
1/1/2024,W.P. Labuan,78,mean,11270
1/1/2024,W.P. Labuan,79,mean,11437
1/1/2024,W.P. Labuan,80,mean,11587
1/1/2024,W.P. Labuan,81,mean,11809
1/1/2024,W.P. Labuan,82,mean,11913
1/1/2024,W.P. Labuan,83,mean,12056
1/1/2024,W.P. Labuan,84,mean,12417
1/1/2024,W.P. Labuan,85,mean,12988
1/1/2024,W.P. Labuan,86,mean,13405
1/1/2024,W.P. Labuan,87,mean,13604
1/1/2024,W.P. Labuan,88,mean,13943
1/1/2024,W.P. Labuan,89,mean,14334
1/1/2024,W.P. Labuan,90,mean,14605
1/1/2024,W.P. Labuan,91,mean,15036
1/1/2024,W.P. Labuan,92,mean,15776
1/1/2024,W.P. Labuan,93,mean,16472
1/1/2024,W.P. Labuan,94,mean,17077
1/1/2024,W.P. Labuan,95,mean,17680
1/1/2024,W.P. Labuan,96,mean,18477
1/1/2024,W.P. Labuan,97,mean,19404
1/1/2024,W.P. Labuan,98,mean,21011
1/1/2024,W.P. Labuan,99,mean,27115
1/1/2024,W.P. Labuan,100,mean,49468
1/1/2024,W.P. Putrajaya,1,mean,3572
1/1/2024,W.P. Putrajaya,2,mean,4089
1/1/2024,W.P. Putrajaya,3,mean,4287
1/1/2024,W.P. Putrajaya,4,mean,4480
1/1/2024,W.P. Putrajaya,5,mean,4614
1/1/2024,W.P. Putrajaya,6,mean,4826
1/1/2024,W.P. Putrajaya,7,mean,4877
1/1/2024,W.P. Putrajaya,8,mean,5022
1/1/2024,W.P. Putrajaya,9,mean,5145
1/1/2024,W.P. Putrajaya,10,mean,5213
1/1/2024,W.P. Putrajaya,11,mean,5328
1/1/2024,W.P. Putrajaya,12,mean,5524
1/1/2024,W.P. Putrajaya,13,mean,5774
1/1/2024,W.P. Putrajaya,14,mean,5842
1/1/2024,W.P. Putrajaya,15,mean,5927
1/1/2024,W.P. Putrajaya,16,mean,6102
1/1/2024,W.P. Putrajaya,17,mean,6426
1/1/2024,W.P. Putrajaya,18,mean,6553
1/1/2024,W.P. Putrajaya,19,mean,6700
1/1/2024,W.P. Putrajaya,20,mean,6778
1/1/2024,W.P. Putrajaya,21,mean,6880
1/1/2024,W.P. Putrajaya,22,mean,7039
1/1/2024,W.P. Putrajaya,23,mean,7243
1/1/2024,W.P. Putrajaya,24,mean,7418
1/1/2024,W.P. Putrajaya,25,mean,7609
1/1/2024,W.P. Putrajaya,26,mean,7760
1/1/2024,W.P. Putrajaya,27,mean,7936
1/1/2024,W.P. Putrajaya,28,mean,8037
1/1/2024,W.P. Putrajaya,29,mean,8251
1/1/2024,W.P. Putrajaya,30,mean,8421
1/1/2024,W.P. Putrajaya,31,mean,8641
1/1/2024,W.P. Putrajaya,32,mean,8801
1/1/2024,W.P. Putrajaya,33,mean,8878
1/1/2024,W.P. Putrajaya,34,mean,8960
1/1/2024,W.P. Putrajaya,35,mean,9043
1/1/2024,W.P. Putrajaya,36,mean,9129
1/1/2024,W.P. Putrajaya,37,mean,9247
1/1/2024,W.P. Putrajaya,38,mean,9370
1/1/2024,W.P. Putrajaya,39,mean,9468
1/1/2024,W.P. Putrajaya,40,mean,9566
1/1/2024,W.P. Putrajaya,41,mean,9698
1/1/2024,W.P. Putrajaya,42,mean,9847
1/1/2024,W.P. Putrajaya,43,mean,10001
1/1/2024,W.P. Putrajaya,44,mean,10152
1/1/2024,W.P. Putrajaya,45,mean,10347
1/1/2024,W.P. Putrajaya,46,mean,10483
1/1/2024,W.P. Putrajaya,47,mean,10576
1/1/2024,W.P. Putrajaya,48,mean,10630
1/1/2024,W.P. Putrajaya,49,mean,10665
1/1/2024,W.P. Putrajaya,50,mean,10742
1/1/2024,W.P. Putrajaya,51,mean,10852
1/1/2024,W.P. Putrajaya,52,mean,11106
1/1/2024,W.P. Putrajaya,53,mean,11473
1/1/2024,W.P. Putrajaya,54,mean,11649
1/1/2024,W.P. Putrajaya,55,mean,11747
1/1/2024,W.P. Putrajaya,56,mean,11932
1/1/2024,W.P. Putrajaya,57,mean,12064
1/1/2024,W.P. Putrajaya,58,mean,12826
1/1/2024,W.P. Putrajaya,59,mean,13565
1/1/2024,W.P. Putrajaya,60,mean,13759
1/1/2024,W.P. Putrajaya,61,mean,13986
1/1/2024,W.P. Putrajaya,62,mean,14481
1/1/2024,W.P. Putrajaya,63,mean,14943
1/1/2024,W.P. Putrajaya,64,mean,15122
1/1/2024,W.P. Putrajaya,65,mean,15275
1/1/2024,W.P. Putrajaya,66,mean,15503
1/1/2024,W.P. Putrajaya,67,mean,15791
1/1/2024,W.P. Putrajaya,68,mean,16188
1/1/2024,W.P. Putrajaya,69,mean,16584
1/1/2024,W.P. Putrajaya,70,mean,17005
1/1/2024,W.P. Putrajaya,71,mean,17347
1/1/2024,W.P. Putrajaya,72,mean,17874
1/1/2024,W.P. Putrajaya,73,mean,18190
1/1/2024,W.P. Putrajaya,74,mean,18296
1/1/2024,W.P. Putrajaya,75,mean,18356
1/1/2024,W.P. Putrajaya,76,mean,18429
1/1/2024,W.P. Putrajaya,77,mean,18498
1/1/2024,W.P. Putrajaya,78,mean,18572
1/1/2024,W.P. Putrajaya,79,mean,18696
1/1/2024,W.P. Putrajaya,80,mean,18967
1/1/2024,W.P. Putrajaya,81,mean,19232
1/1/2024,W.P. Putrajaya,82,mean,19945
1/1/2024,W.P. Putrajaya,83,mean,20434
1/1/2024,W.P. Putrajaya,84,mean,20898
1/1/2024,W.P. Putrajaya,85,mean,21277
1/1/2024,W.P. Putrajaya,86,mean,21955
1/1/2024,W.P. Putrajaya,87,mean,22843
1/1/2024,W.P. Putrajaya,88,mean,23278
1/1/2024,W.P. Putrajaya,89,mean,24013
1/1/2024,W.P. Putrajaya,90,mean,24525
1/1/2024,W.P. Putrajaya,91,mean,25322
1/1/2024,W.P. Putrajaya,92,mean,26146
1/1/2024,W.P. Putrajaya,93,mean,26903
1/1/2024,W.P. Putrajaya,94,mean,27700
1/1/2024,W.P. Putrajaya,95,mean,29105
1/1/2024,W.P. Putrajaya,96,mean,31746
1/1/2024,W.P. Putrajaya,97,mean,33931
1/1/2024,W.P. Putrajaya,98,mean,37529
1/1/2024,W.P. Putrajaya,99,mean,43451
1/1/2024,W.P. Putrajaya,100,mean,51858
1/1/2022,Johor,1,mean,1159
1/1/2022,Johor,2,mean,1513
1/1/2022,Johor,3,mean,1759
1/1/2022,Johor,4,mean,1934
1/1/2022,Johor,5,mean,2119
1/1/2022,Johor,6,mean,2257
1/1/2022,Johor,7,mean,2382
1/1/2022,Johor,8,mean,2508
1/1/2022,Johor,9,mean,2633
1/1/2022,Johor,10,mean,2740
1/1/2022,Johor,11,mean,2856
1/1/2022,Johor,12,mean,2961
1/1/2022,Johor,13,mean,3071
1/1/2022,Johor,14,mean,3175
1/1/2022,Johor,15,mean,3278
1/1/2022,Johor,16,mean,3386
1/1/2022,Johor,17,mean,3492
1/1/2022,Johor,18,mean,3598
1/1/2022,Johor,19,mean,3704
1/1/2022,Johor,20,mean,3803
1/1/2022,Johor,21,mean,3897
1/1/2022,Johor,22,mean,4006
1/1/2022,Johor,23,mean,4111
1/1/2022,Johor,24,mean,4200
1/1/2022,Johor,25,mean,4285
1/1/2022,Johor,26,mean,4382
1/1/2022,Johor,27,mean,4477
1/1/2022,Johor,28,mean,4577
1/1/2022,Johor,29,mean,4658
1/1/2022,Johor,30,mean,4734
1/1/2022,Johor,31,mean,4822
1/1/2022,Johor,32,mean,4900
1/1/2022,Johor,33,mean,4984
1/1/2022,Johor,34,mean,5086
1/1/2022,Johor,35,mean,5192
1/1/2022,Johor,36,mean,5289
1/1/2022,Johor,37,mean,5394
1/1/2022,Johor,38,mean,5499
1/1/2022,Johor,39,mean,5599
1/1/2022,Johor,40,mean,5689
1/1/2022,Johor,41,mean,5783
1/1/2022,Johor,42,mean,5901
1/1/2022,Johor,43,mean,6031
1/1/2022,Johor,44,mean,6160
1/1/2022,Johor,45,mean,6263
1/1/2022,Johor,46,mean,6350
1/1/2022,Johor,47,mean,6453
1/1/2022,Johor,48,mean,6589
1/1/2022,Johor,49,mean,6713
1/1/2022,Johor,50,mean,6825
1/1/2022,Johor,51,mean,6940
1/1/2022,Johor,52,mean,7063
1/1/2022,Johor,53,mean,7172
1/1/2022,Johor,54,mean,7279
1/1/2022,Johor,55,mean,7414
1/1/2022,Johor,56,mean,7555
1/1/2022,Johor,57,mean,7716
1/1/2022,Johor,58,mean,7876
1/1/2022,Johor,59,mean,8024
1/1/2022,Johor,60,mean,8168
1/1/2022,Johor,61,mean,8308
1/1/2022,Johor,62,mean,8446
1/1/2022,Johor,63,mean,8585
1/1/2022,Johor,64,mean,8715
1/1/2022,Johor,65,mean,8856
1/1/2022,Johor,66,mean,8981
1/1/2022,Johor,67,mean,9119
1/1/2022,Johor,68,mean,9293
1/1/2022,Johor,69,mean,9457
1/1/2022,Johor,70,mean,9645
1/1/2022,Johor,71,mean,9836
1/1/2022,Johor,72,mean,10017
1/1/2022,Johor,73,mean,10202
1/1/2022,Johor,74,mean,10393
1/1/2022,Johor,75,mean,10594
1/1/2022,Johor,76,mean,10794
1/1/2022,Johor,77,mean,11018
1/1/2022,Johor,78,mean,11256
1/1/2022,Johor,79,mean,11512
1/1/2022,Johor,80,mean,11785
1/1/2022,Johor,81,mean,12064
1/1/2022,Johor,82,mean,12337
1/1/2022,Johor,83,mean,12603
1/1/2022,Johor,84,mean,12930
1/1/2022,Johor,85,mean,13246
1/1/2022,Johor,86,mean,13523
1/1/2022,Johor,87,mean,13875
1/1/2022,Johor,88,mean,14236
1/1/2022,Johor,89,mean,14678
1/1/2022,Johor,90,mean,15139
1/1/2022,Johor,91,mean,15633
1/1/2022,Johor,92,mean,16316
1/1/2022,Johor,93,mean,16969
1/1/2022,Johor,94,mean,17861
1/1/2022,Johor,95,mean,19050
1/1/2022,Johor,96,mean,20373
1/1/2022,Johor,97,mean,22018
1/1/2022,Johor,98,mean,24398
1/1/2022,Johor,99,mean,29509
1/1/2022,Johor,100,mean,50049
1/1/2022,Kedah,1,mean,905
1/1/2022,Kedah,2,mean,1159
1/1/2022,Kedah,3,mean,1310
1/1/2022,Kedah,4,mean,1452
1/1/2022,Kedah,5,mean,1579
1/1/2022,Kedah,6,mean,1681
1/1/2022,Kedah,7,mean,1775
1/1/2022,Kedah,8,mean,1879
1/1/2022,Kedah,9,mean,1954
1/1/2022,Kedah,10,mean,2035
1/1/2022,Kedah,11,mean,2111
1/1/2022,Kedah,12,mean,2174
1/1/2022,Kedah,13,mean,2237
1/1/2022,Kedah,14,mean,2298
1/1/2022,Kedah,15,mean,2370
1/1/2022,Kedah,16,mean,2440
1/1/2022,Kedah,17,mean,2498
1/1/2022,Kedah,18,mean,2534
1/1/2022,Kedah,19,mean,2576
1/1/2022,Kedah,20,mean,2633
1/1/2022,Kedah,21,mean,2689
1/1/2022,Kedah,22,mean,2729
1/1/2022,Kedah,23,mean,2769
1/1/2022,Kedah,24,mean,2819
1/1/2022,Kedah,25,mean,2877
1/1/2022,Kedah,26,mean,2929
1/1/2022,Kedah,27,mean,2979
1/1/2022,Kedah,28,mean,3031
1/1/2022,Kedah,29,mean,3078
1/1/2022,Kedah,30,mean,3135
1/1/2022,Kedah,31,mean,3192
1/1/2022,Kedah,32,mean,3246
1/1/2022,Kedah,33,mean,3302
1/1/2022,Kedah,34,mean,3355
1/1/2022,Kedah,35,mean,3418
1/1/2022,Kedah,36,mean,3481
1/1/2022,Kedah,37,mean,3540
1/1/2022,Kedah,38,mean,3603
1/1/2022,Kedah,39,mean,3659
1/1/2022,Kedah,40,mean,3723
1/1/2022,Kedah,41,mean,3780
1/1/2022,Kedah,42,mean,3842
1/1/2022,Kedah,43,mean,3902
1/1/2022,Kedah,44,mean,3970
1/1/2022,Kedah,45,mean,4037
1/1/2022,Kedah,46,mean,4096
1/1/2022,Kedah,47,mean,4163
1/1/2022,Kedah,48,mean,4233
1/1/2022,Kedah,49,mean,4300
1/1/2022,Kedah,50,mean,4366
1/1/2022,Kedah,51,mean,4425
1/1/2022,Kedah,52,mean,4493
1/1/2022,Kedah,53,mean,4571
1/1/2022,Kedah,54,mean,4653
1/1/2022,Kedah,55,mean,4723
1/1/2022,Kedah,56,mean,4790
1/1/2022,Kedah,57,mean,4867
1/1/2022,Kedah,58,mean,4949
1/1/2022,Kedah,59,mean,5031
1/1/2022,Kedah,60,mean,5108
1/1/2022,Kedah,61,mean,5181
1/1/2022,Kedah,62,mean,5272
1/1/2022,Kedah,63,mean,5359
1/1/2022,Kedah,64,mean,5440
1/1/2022,Kedah,65,mean,5531
1/1/2022,Kedah,66,mean,5629
1/1/2022,Kedah,67,mean,5733
1/1/2022,Kedah,68,mean,5823
1/1/2022,Kedah,69,mean,5917
1/1/2022,Kedah,70,mean,6006
1/1/2022,Kedah,71,mean,6121
1/1/2022,Kedah,72,mean,6235
1/1/2022,Kedah,73,mean,6362
1/1/2022,Kedah,74,mean,6494
1/1/2022,Kedah,75,mean,6611
1/1/2022,Kedah,76,mean,6739
1/1/2022,Kedah,77,mean,6878
1/1/2022,Kedah,78,mean,7028
1/1/2022,Kedah,79,mean,7175
1/1/2022,Kedah,80,mean,7338
1/1/2022,Kedah,81,mean,7562
1/1/2022,Kedah,82,mean,7744
1/1/2022,Kedah,83,mean,7937
1/1/2022,Kedah,84,mean,8142
1/1/2022,Kedah,85,mean,8359
1/1/2022,Kedah,86,mean,8579
1/1/2022,Kedah,87,mean,8852
1/1/2022,Kedah,88,mean,9170
1/1/2022,Kedah,89,mean,9487
1/1/2022,Kedah,90,mean,9859
1/1/2022,Kedah,91,mean,10249
1/1/2022,Kedah,92,mean,10725
1/1/2022,Kedah,93,mean,11229
1/1/2022,Kedah,94,mean,11807
1/1/2022,Kedah,95,mean,12556
1/1/2022,Kedah,96,mean,13669
1/1/2022,Kedah,97,mean,14784
1/1/2022,Kedah,98,mean,16496
1/1/2022,Kedah,99,mean,19681
1/1/2022,Kedah,100,mean,34066
1/1/2022,Kelantan,1,mean,1019
1/1/2022,Kelantan,2,mean,1201
1/1/2022,Kelantan,3,mean,1258
1/1/2022,Kelantan,4,mean,1308
1/1/2022,Kelantan,5,mean,1366
1/1/2022,Kelantan,6,mean,1432
1/1/2022,Kelantan,7,mean,1501
1/1/2022,Kelantan,8,mean,1571
1/1/2022,Kelantan,9,mean,1626
1/1/2022,Kelantan,10,mean,1672
1/1/2022,Kelantan,11,mean,1718
1/1/2022,Kelantan,12,mean,1773
1/1/2022,Kelantan,13,mean,1827
1/1/2022,Kelantan,14,mean,1880
1/1/2022,Kelantan,15,mean,1932
1/1/2022,Kelantan,16,mean,1982
1/1/2022,Kelantan,17,mean,2037
1/1/2022,Kelantan,18,mean,2092
1/1/2022,Kelantan,19,mean,2134
1/1/2022,Kelantan,20,mean,2173
1/1/2022,Kelantan,21,mean,2211
1/1/2022,Kelantan,22,mean,2257
1/1/2022,Kelantan,23,mean,2298
1/1/2022,Kelantan,24,mean,2345
1/1/2022,Kelantan,25,mean,2386
1/1/2022,Kelantan,26,mean,2430
1/1/2022,Kelantan,27,mean,2471
1/1/2022,Kelantan,28,mean,2511
1/1/2022,Kelantan,29,mean,2558
1/1/2022,Kelantan,30,mean,2603
1/1/2022,Kelantan,31,mean,2649
1/1/2022,Kelantan,32,mean,2688
1/1/2022,Kelantan,33,mean,2727
1/1/2022,Kelantan,34,mean,2764
1/1/2022,Kelantan,35,mean,2806
1/1/2022,Kelantan,36,mean,2854
1/1/2022,Kelantan,37,mean,2902
1/1/2022,Kelantan,38,mean,2955
1/1/2022,Kelantan,39,mean,2997
1/1/2022,Kelantan,40,mean,3040
1/1/2022,Kelantan,41,mean,3089
1/1/2022,Kelantan,42,mean,3143
1/1/2022,Kelantan,43,mean,3192
1/1/2022,Kelantan,44,mean,3239
1/1/2022,Kelantan,45,mean,3301
1/1/2022,Kelantan,46,mean,3346
1/1/2022,Kelantan,47,mean,3403
1/1/2022,Kelantan,48,mean,3474
1/1/2022,Kelantan,49,mean,3532
1/1/2022,Kelantan,50,mean,3586
1/1/2022,Kelantan,51,mean,3641
1/1/2022,Kelantan,52,mean,3701
1/1/2022,Kelantan,53,mean,3762
1/1/2022,Kelantan,54,mean,3847
1/1/2022,Kelantan,55,mean,3906
1/1/2022,Kelantan,56,mean,3969
1/1/2022,Kelantan,57,mean,4038
1/1/2022,Kelantan,58,mean,4107
1/1/2022,Kelantan,59,mean,4174
1/1/2022,Kelantan,60,mean,4239
1/1/2022,Kelantan,61,mean,4313
1/1/2022,Kelantan,62,mean,4380
1/1/2022,Kelantan,63,mean,4450
1/1/2022,Kelantan,64,mean,4528
1/1/2022,Kelantan,65,mean,4606
1/1/2022,Kelantan,66,mean,4692
1/1/2022,Kelantan,67,mean,4784
1/1/2022,Kelantan,68,mean,4886
1/1/2022,Kelantan,69,mean,4962
1/1/2022,Kelantan,70,mean,5066
1/1/2022,Kelantan,71,mean,5175
1/1/2022,Kelantan,72,mean,5291
1/1/2022,Kelantan,73,mean,5417
1/1/2022,Kelantan,74,mean,5537
1/1/2022,Kelantan,75,mean,5661
1/1/2022,Kelantan,76,mean,5789
1/1/2022,Kelantan,77,mean,5911
1/1/2022,Kelantan,78,mean,6090
1/1/2022,Kelantan,79,mean,6241
1/1/2022,Kelantan,80,mean,6390
1/1/2022,Kelantan,81,mean,6597
1/1/2022,Kelantan,82,mean,6803
1/1/2022,Kelantan,83,mean,7076
1/1/2022,Kelantan,84,mean,7332
1/1/2022,Kelantan,85,mean,7624
1/1/2022,Kelantan,86,mean,7901
1/1/2022,Kelantan,87,mean,8180
1/1/2022,Kelantan,88,mean,8507
1/1/2022,Kelantan,89,mean,8889
1/1/2022,Kelantan,90,mean,9292
1/1/2022,Kelantan,91,mean,9678
1/1/2022,Kelantan,92,mean,10127
1/1/2022,Kelantan,93,mean,10798
1/1/2022,Kelantan,94,mean,11634
1/1/2022,Kelantan,95,mean,12518
1/1/2022,Kelantan,96,mean,13823
1/1/2022,Kelantan,97,mean,15143
1/1/2022,Kelantan,98,mean,16844
1/1/2022,Kelantan,99,mean,19450
1/1/2022,Kelantan,100,mean,27731
1/1/2022,Melaka,1,mean,1412
1/1/2022,Melaka,2,mean,1903
1/1/2022,Melaka,3,mean,2153
1/1/2022,Melaka,4,mean,2330
1/1/2022,Melaka,5,mean,2417
1/1/2022,Melaka,6,mean,2477
1/1/2022,Melaka,7,mean,2551
1/1/2022,Melaka,8,mean,2619
1/1/2022,Melaka,9,mean,2684
1/1/2022,Melaka,10,mean,2769
1/1/2022,Melaka,11,mean,2876
1/1/2022,Melaka,12,mean,2974
1/1/2022,Melaka,13,mean,3062
1/1/2022,Melaka,14,mean,3134
1/1/2022,Melaka,15,mean,3208
1/1/2022,Melaka,16,mean,3289
1/1/2022,Melaka,17,mean,3360
1/1/2022,Melaka,18,mean,3433
1/1/2022,Melaka,19,mean,3532
1/1/2022,Melaka,20,mean,3636
1/1/2022,Melaka,21,mean,3723
1/1/2022,Melaka,22,mean,3788
1/1/2022,Melaka,23,mean,3847
1/1/2022,Melaka,24,mean,3924
1/1/2022,Melaka,25,mean,3994
1/1/2022,Melaka,26,mean,4062
1/1/2022,Melaka,27,mean,4146
1/1/2022,Melaka,28,mean,4215
1/1/2022,Melaka,29,mean,4295
1/1/2022,Melaka,30,mean,4375
1/1/2022,Melaka,31,mean,4451
1/1/2022,Melaka,32,mean,4515
1/1/2022,Melaka,33,mean,4622
1/1/2022,Melaka,34,mean,4714
1/1/2022,Melaka,35,mean,4790
1/1/2022,Melaka,36,mean,4865
1/1/2022,Melaka,37,mean,4938
1/1/2022,Melaka,38,mean,5003
1/1/2022,Melaka,39,mean,5080
1/1/2022,Melaka,40,mean,5172
1/1/2022,Melaka,41,mean,5275
1/1/2022,Melaka,42,mean,5356
1/1/2022,Melaka,43,mean,5449
1/1/2022,Melaka,44,mean,5565
1/1/2022,Melaka,45,mean,5668
1/1/2022,Melaka,46,mean,5769
1/1/2022,Melaka,47,mean,5871
1/1/2022,Melaka,48,mean,5953
1/1/2022,Melaka,49,mean,6054
1/1/2022,Melaka,50,mean,6165
1/1/2022,Melaka,51,mean,6255
1/1/2022,Melaka,52,mean,6343
1/1/2022,Melaka,53,mean,6468
1/1/2022,Melaka,54,mean,6600
1/1/2022,Melaka,55,mean,6701
1/1/2022,Melaka,56,mean,6810
1/1/2022,Melaka,57,mean,6937
1/1/2022,Melaka,58,mean,7068
1/1/2022,Melaka,59,mean,7230
1/1/2022,Melaka,60,mean,7344
1/1/2022,Melaka,61,mean,7518
1/1/2022,Melaka,62,mean,7640
1/1/2022,Melaka,63,mean,7783
1/1/2022,Melaka,64,mean,7922
1/1/2022,Melaka,65,mean,8073
1/1/2022,Melaka,66,mean,8242
1/1/2022,Melaka,67,mean,8389
1/1/2022,Melaka,68,mean,8579
1/1/2022,Melaka,69,mean,8781
1/1/2022,Melaka,70,mean,8955
1/1/2022,Melaka,71,mean,9094
1/1/2022,Melaka,72,mean,9262
1/1/2022,Melaka,73,mean,9430
1/1/2022,Melaka,74,mean,9612
1/1/2022,Melaka,75,mean,9808
1/1/2022,Melaka,76,mean,9970
1/1/2022,Melaka,77,mean,10151
1/1/2022,Melaka,78,mean,10419
1/1/2022,Melaka,79,mean,10727
1/1/2022,Melaka,80,mean,11054
1/1/2022,Melaka,81,mean,11330
1/1/2022,Melaka,82,mean,11704
1/1/2022,Melaka,83,mean,11958
1/1/2022,Melaka,84,mean,12235
1/1/2022,Melaka,85,mean,12526
1/1/2022,Melaka,86,mean,12955
1/1/2022,Melaka,87,mean,13389
1/1/2022,Melaka,88,mean,13718
1/1/2022,Melaka,89,mean,14220
1/1/2022,Melaka,90,mean,14749
1/1/2022,Melaka,91,mean,15430
1/1/2022,Melaka,92,mean,16043
1/1/2022,Melaka,93,mean,16627
1/1/2022,Melaka,94,mean,17371
1/1/2022,Melaka,95,mean,18446
1/1/2022,Melaka,96,mean,19690
1/1/2022,Melaka,97,mean,21396
1/1/2022,Melaka,98,mean,23793
1/1/2022,Melaka,99,mean,27732
1/1/2022,Melaka,100,mean,50461
1/1/2022,Negeri Sembilan,1,mean,1321
1/1/2022,Negeri Sembilan,2,mean,1621
1/1/2022,Negeri Sembilan,3,mean,1753
1/1/2022,Negeri Sembilan,4,mean,1862
1/1/2022,Negeri Sembilan,5,mean,1944
1/1/2022,Negeri Sembilan,6,mean,2034
1/1/2022,Negeri Sembilan,7,mean,2118
1/1/2022,Negeri Sembilan,8,mean,2198
1/1/2022,Negeri Sembilan,9,mean,2263
1/1/2022,Negeri Sembilan,10,mean,2335
1/1/2022,Negeri Sembilan,11,mean,2411
1/1/2022,Negeri Sembilan,12,mean,2478
1/1/2022,Negeri Sembilan,13,mean,2559
1/1/2022,Negeri Sembilan,14,mean,2645
1/1/2022,Negeri Sembilan,15,mean,2730
1/1/2022,Negeri Sembilan,16,mean,2806
1/1/2022,Negeri Sembilan,17,mean,2890
1/1/2022,Negeri Sembilan,18,mean,2979
1/1/2022,Negeri Sembilan,19,mean,3034
1/1/2022,Negeri Sembilan,20,mean,3103
1/1/2022,Negeri Sembilan,21,mean,3160
1/1/2022,Negeri Sembilan,22,mean,3217
1/1/2022,Negeri Sembilan,23,mean,3263
1/1/2022,Negeri Sembilan,24,mean,3309
1/1/2022,Negeri Sembilan,25,mean,3366
1/1/2022,Negeri Sembilan,26,mean,3425
1/1/2022,Negeri Sembilan,27,mean,3469
1/1/2022,Negeri Sembilan,28,mean,3530
1/1/2022,Negeri Sembilan,29,mean,3583
1/1/2022,Negeri Sembilan,30,mean,3640
1/1/2022,Negeri Sembilan,31,mean,3697
1/1/2022,Negeri Sembilan,32,mean,3751
1/1/2022,Negeri Sembilan,33,mean,3808
1/1/2022,Negeri Sembilan,34,mean,3867
1/1/2022,Negeri Sembilan,35,mean,3942
1/1/2022,Negeri Sembilan,36,mean,4009
1/1/2022,Negeri Sembilan,37,mean,4084
1/1/2022,Negeri Sembilan,38,mean,4163
1/1/2022,Negeri Sembilan,39,mean,4228
1/1/2022,Negeri Sembilan,40,mean,4300
1/1/2022,Negeri Sembilan,41,mean,4373
1/1/2022,Negeri Sembilan,42,mean,4458
1/1/2022,Negeri Sembilan,43,mean,4536
1/1/2022,Negeri Sembilan,44,mean,4627
1/1/2022,Negeri Sembilan,45,mean,4705
1/1/2022,Negeri Sembilan,46,mean,4797
1/1/2022,Negeri Sembilan,47,mean,4886
1/1/2022,Negeri Sembilan,48,mean,4971
1/1/2022,Negeri Sembilan,49,mean,5072
1/1/2022,Negeri Sembilan,50,mean,5175
1/1/2022,Negeri Sembilan,51,mean,5259
1/1/2022,Negeri Sembilan,52,mean,5344
1/1/2022,Negeri Sembilan,53,mean,5431
1/1/2022,Negeri Sembilan,54,mean,5534
1/1/2022,Negeri Sembilan,55,mean,5664
1/1/2022,Negeri Sembilan,56,mean,5764
1/1/2022,Negeri Sembilan,57,mean,5859
1/1/2022,Negeri Sembilan,58,mean,5985
1/1/2022,Negeri Sembilan,59,mean,6113
1/1/2022,Negeri Sembilan,60,mean,6239
1/1/2022,Negeri Sembilan,61,mean,6347
1/1/2022,Negeri Sembilan,62,mean,6437
1/1/2022,Negeri Sembilan,63,mean,6551
1/1/2022,Negeri Sembilan,64,mean,6709
1/1/2022,Negeri Sembilan,65,mean,6838
1/1/2022,Negeri Sembilan,66,mean,6960
1/1/2022,Negeri Sembilan,67,mean,7130
1/1/2022,Negeri Sembilan,68,mean,7270
1/1/2022,Negeri Sembilan,69,mean,7412
1/1/2022,Negeri Sembilan,70,mean,7594
1/1/2022,Negeri Sembilan,71,mean,7765
1/1/2022,Negeri Sembilan,72,mean,7913
1/1/2022,Negeri Sembilan,73,mean,8083
1/1/2022,Negeri Sembilan,74,mean,8229
1/1/2022,Negeri Sembilan,75,mean,8422
1/1/2022,Negeri Sembilan,76,mean,8589
1/1/2022,Negeri Sembilan,77,mean,8746
1/1/2022,Negeri Sembilan,78,mean,8929
1/1/2022,Negeri Sembilan,79,mean,9120
1/1/2022,Negeri Sembilan,80,mean,9382
1/1/2022,Negeri Sembilan,81,mean,9650
1/1/2022,Negeri Sembilan,82,mean,9881
1/1/2022,Negeri Sembilan,83,mean,10133
1/1/2022,Negeri Sembilan,84,mean,10475
1/1/2022,Negeri Sembilan,85,mean,10904
1/1/2022,Negeri Sembilan,86,mean,11283
1/1/2022,Negeri Sembilan,87,mean,11747
1/1/2022,Negeri Sembilan,88,mean,12074
1/1/2022,Negeri Sembilan,89,mean,12392
1/1/2022,Negeri Sembilan,90,mean,12826
1/1/2022,Negeri Sembilan,91,mean,13405
1/1/2022,Negeri Sembilan,92,mean,13923
1/1/2022,Negeri Sembilan,93,mean,14555
1/1/2022,Negeri Sembilan,94,mean,15388
1/1/2022,Negeri Sembilan,95,mean,16224
1/1/2022,Negeri Sembilan,96,mean,17824
1/1/2022,Negeri Sembilan,97,mean,19050
1/1/2022,Negeri Sembilan,98,mean,21182
1/1/2022,Negeri Sembilan,99,mean,24195
1/1/2022,Negeri Sembilan,100,mean,32408
1/1/2022,Pahang,1,mean,1322
1/1/2022,Pahang,2,mean,1643
1/1/2022,Pahang,3,mean,1813
1/1/2022,Pahang,4,mean,1928
1/1/2022,Pahang,5,mean,2044
1/1/2022,Pahang,6,mean,2152
1/1/2022,Pahang,7,mean,2245
1/1/2022,Pahang,8,mean,2356
1/1/2022,Pahang,9,mean,2448
1/1/2022,Pahang,10,mean,2527
1/1/2022,Pahang,11,mean,2615
1/1/2022,Pahang,12,mean,2712
1/1/2022,Pahang,13,mean,2797
1/1/2022,Pahang,14,mean,2878
1/1/2022,Pahang,15,mean,2958
1/1/2022,Pahang,16,mean,3022
1/1/2022,Pahang,17,mean,3070
1/1/2022,Pahang,18,mean,3117
1/1/2022,Pahang,19,mean,3157
1/1/2022,Pahang,20,mean,3199
1/1/2022,Pahang,21,mean,3247
1/1/2022,Pahang,22,mean,3299
1/1/2022,Pahang,23,mean,3340
1/1/2022,Pahang,24,mean,3380
1/1/2022,Pahang,25,mean,3416
1/1/2022,Pahang,26,mean,3458
1/1/2022,Pahang,27,mean,3494
1/1/2022,Pahang,28,mean,3535
1/1/2022,Pahang,29,mean,3574
1/1/2022,Pahang,30,mean,3622
1/1/2022,Pahang,31,mean,3667
1/1/2022,Pahang,32,mean,3720
1/1/2022,Pahang,33,mean,3766
1/1/2022,Pahang,34,mean,3815
1/1/2022,Pahang,35,mean,3859
1/1/2022,Pahang,36,mean,3906
1/1/2022,Pahang,37,mean,3962
1/1/2022,Pahang,38,mean,4032
1/1/2022,Pahang,39,mean,4092
1/1/2022,Pahang,40,mean,4139
1/1/2022,Pahang,41,mean,4193
1/1/2022,Pahang,42,mean,4246
1/1/2022,Pahang,43,mean,4296
1/1/2022,Pahang,44,mean,4352
1/1/2022,Pahang,45,mean,4414
1/1/2022,Pahang,46,mean,4470
1/1/2022,Pahang,47,mean,4535
1/1/2022,Pahang,48,mean,4583
1/1/2022,Pahang,49,mean,4637
1/1/2022,Pahang,50,mean,4709
1/1/2022,Pahang,51,mean,4780
1/1/2022,Pahang,52,mean,4857
1/1/2022,Pahang,53,mean,4934
1/1/2022,Pahang,54,mean,5000
1/1/2022,Pahang,55,mean,5068
1/1/2022,Pahang,56,mean,5140
1/1/2022,Pahang,57,mean,5223
1/1/2022,Pahang,58,mean,5303
1/1/2022,Pahang,59,mean,5368
1/1/2022,Pahang,60,mean,5462
1/1/2022,Pahang,61,mean,5554
1/1/2022,Pahang,62,mean,5638
1/1/2022,Pahang,63,mean,5717
1/1/2022,Pahang,64,mean,5794
1/1/2022,Pahang,65,mean,5872
1/1/2022,Pahang,66,mean,5962
1/1/2022,Pahang,67,mean,6056
1/1/2022,Pahang,68,mean,6168
1/1/2022,Pahang,69,mean,6280
1/1/2022,Pahang,70,mean,6366
1/1/2022,Pahang,71,mean,6476
1/1/2022,Pahang,72,mean,6588
1/1/2022,Pahang,73,mean,6708
1/1/2022,Pahang,74,mean,6824
1/1/2022,Pahang,75,mean,6950
1/1/2022,Pahang,76,mean,7105
1/1/2022,Pahang,77,mean,7220
1/1/2022,Pahang,78,mean,7351
1/1/2022,Pahang,79,mean,7542
1/1/2022,Pahang,80,mean,7711
1/1/2022,Pahang,81,mean,7882
1/1/2022,Pahang,82,mean,8044
1/1/2022,Pahang,83,mean,8200
1/1/2022,Pahang,84,mean,8411
1/1/2022,Pahang,85,mean,8646
1/1/2022,Pahang,86,mean,8831
1/1/2022,Pahang,87,mean,9060
1/1/2022,Pahang,88,mean,9365
1/1/2022,Pahang,89,mean,9698
1/1/2022,Pahang,90,mean,9971
1/1/2022,Pahang,91,mean,10342
1/1/2022,Pahang,92,mean,10730
1/1/2022,Pahang,93,mean,11201
1/1/2022,Pahang,94,mean,11834
1/1/2022,Pahang,95,mean,12477
1/1/2022,Pahang,96,mean,13270
1/1/2022,Pahang,97,mean,14137
1/1/2022,Pahang,98,mean,15596
1/1/2022,Pahang,99,mean,17262
1/1/2022,Pahang,100,mean,24278
1/1/2022,Perak,1,mean,991
1/1/2022,Perak,2,mean,1214
1/1/2022,Perak,3,mean,1371
1/1/2022,Perak,4,mean,1504
1/1/2022,Perak,5,mean,1577
1/1/2022,Perak,6,mean,1667
1/1/2022,Perak,7,mean,1742
1/1/2022,Perak,8,mean,1820
1/1/2022,Perak,9,mean,1901
1/1/2022,Perak,10,mean,1985
1/1/2022,Perak,11,mean,2051
1/1/2022,Perak,12,mean,2109
1/1/2022,Perak,13,mean,2178
1/1/2022,Perak,14,mean,2244
1/1/2022,Perak,15,mean,2308
1/1/2022,Perak,16,mean,2379
1/1/2022,Perak,17,mean,2456
1/1/2022,Perak,18,mean,2527
1/1/2022,Perak,19,mean,2594
1/1/2022,Perak,20,mean,2650
1/1/2022,Perak,21,mean,2711
1/1/2022,Perak,22,mean,2769
1/1/2022,Perak,23,mean,2825
1/1/2022,Perak,24,mean,2889
1/1/2022,Perak,25,mean,2950
1/1/2022,Perak,26,mean,3011
1/1/2022,Perak,27,mean,3069
1/1/2022,Perak,28,mean,3119
1/1/2022,Perak,29,mean,3180
1/1/2022,Perak,30,mean,3230
1/1/2022,Perak,31,mean,3272
1/1/2022,Perak,32,mean,3324
1/1/2022,Perak,33,mean,3374
1/1/2022,Perak,34,mean,3428
1/1/2022,Perak,35,mean,3487
1/1/2022,Perak,36,mean,3535
1/1/2022,Perak,37,mean,3585
1/1/2022,Perak,38,mean,3649
1/1/2022,Perak,39,mean,3708
1/1/2022,Perak,40,mean,3762
1/1/2022,Perak,41,mean,3827
1/1/2022,Perak,42,mean,3891
1/1/2022,Perak,43,mean,3959
1/1/2022,Perak,44,mean,4026
1/1/2022,Perak,45,mean,4097
1/1/2022,Perak,46,mean,4185
1/1/2022,Perak,47,mean,4264
1/1/2022,Perak,48,mean,4337
1/1/2022,Perak,49,mean,4397
1/1/2022,Perak,50,mean,4462
1/1/2022,Perak,51,mean,4534
1/1/2022,Perak,52,mean,4620
1/1/2022,Perak,53,mean,4693
1/1/2022,Perak,54,mean,4772
1/1/2022,Perak,55,mean,4859
1/1/2022,Perak,56,mean,4944
1/1/2022,Perak,57,mean,5036
1/1/2022,Perak,58,mean,5120
1/1/2022,Perak,59,mean,5209
1/1/2022,Perak,60,mean,5293
1/1/2022,Perak,61,mean,5375
1/1/2022,Perak,62,mean,5480
1/1/2022,Perak,63,mean,5587
1/1/2022,Perak,64,mean,5673
1/1/2022,Perak,65,mean,5777
1/1/2022,Perak,66,mean,5886
1/1/2022,Perak,67,mean,6014
1/1/2022,Perak,68,mean,6142
1/1/2022,Perak,69,mean,6263
1/1/2022,Perak,70,mean,6356
1/1/2022,Perak,71,mean,6450
1/1/2022,Perak,72,mean,6569
1/1/2022,Perak,73,mean,6695
1/1/2022,Perak,74,mean,6848
1/1/2022,Perak,75,mean,7038
1/1/2022,Perak,76,mean,7191
1/1/2022,Perak,77,mean,7323
1/1/2022,Perak,78,mean,7464
1/1/2022,Perak,79,mean,7615
1/1/2022,Perak,80,mean,7819
1/1/2022,Perak,81,mean,8027
1/1/2022,Perak,82,mean,8259
1/1/2022,Perak,83,mean,8509
1/1/2022,Perak,84,mean,8772
1/1/2022,Perak,85,mean,9027
1/1/2022,Perak,86,mean,9271
1/1/2022,Perak,87,mean,9570
1/1/2022,Perak,88,mean,9825
1/1/2022,Perak,89,mean,10153
1/1/2022,Perak,90,mean,10529
1/1/2022,Perak,91,mean,10982
1/1/2022,Perak,92,mean,11434
1/1/2022,Perak,93,mean,11981
1/1/2022,Perak,94,mean,12638
1/1/2022,Perak,95,mean,13584
1/1/2022,Perak,96,mean,14578
1/1/2022,Perak,97,mean,15753
1/1/2022,Perak,98,mean,17325
1/1/2022,Perak,99,mean,19672
1/1/2022,Perak,100,mean,34058
1/1/2022,Perlis,1,mean,929
1/1/2022,Perlis,2,mean,1222
1/1/2022,Perlis,3,mean,1367
1/1/2022,Perlis,4,mean,1499
1/1/2022,Perlis,5,mean,1631
1/1/2022,Perlis,6,mean,1729
1/1/2022,Perlis,7,mean,1816
1/1/2022,Perlis,8,mean,1928
1/1/2022,Perlis,9,mean,2064
1/1/2022,Perlis,10,mean,2152
1/1/2022,Perlis,11,mean,2234
1/1/2022,Perlis,12,mean,2298
1/1/2022,Perlis,13,mean,2364
1/1/2022,Perlis,14,mean,2432
1/1/2022,Perlis,15,mean,2491
1/1/2022,Perlis,16,mean,2554
1/1/2022,Perlis,17,mean,2623
1/1/2022,Perlis,18,mean,2690
1/1/2022,Perlis,19,mean,2739
1/1/2022,Perlis,20,mean,2797
1/1/2022,Perlis,21,mean,2862
1/1/2022,Perlis,22,mean,2902
1/1/2022,Perlis,23,mean,2940
1/1/2022,Perlis,24,mean,2991
1/1/2022,Perlis,25,mean,3041
1/1/2022,Perlis,26,mean,3110
1/1/2022,Perlis,27,mean,3194
1/1/2022,Perlis,28,mean,3243
1/1/2022,Perlis,29,mean,3309
1/1/2022,Perlis,30,mean,3370
1/1/2022,Perlis,31,mean,3417
1/1/2022,Perlis,32,mean,3475
1/1/2022,Perlis,33,mean,3555
1/1/2022,Perlis,34,mean,3626
1/1/2022,Perlis,35,mean,3695
1/1/2022,Perlis,36,mean,3767
1/1/2022,Perlis,37,mean,3837
1/1/2022,Perlis,38,mean,3903
1/1/2022,Perlis,39,mean,3990
1/1/2022,Perlis,40,mean,4069
1/1/2022,Perlis,41,mean,4125
1/1/2022,Perlis,42,mean,4198
1/1/2022,Perlis,43,mean,4264
1/1/2022,Perlis,44,mean,4315
1/1/2022,Perlis,45,mean,4362
1/1/2022,Perlis,46,mean,4406
1/1/2022,Perlis,47,mean,4464
1/1/2022,Perlis,48,mean,4540
1/1/2022,Perlis,49,mean,4633
1/1/2022,Perlis,50,mean,4697
1/1/2022,Perlis,51,mean,4760
1/1/2022,Perlis,52,mean,4821
1/1/2022,Perlis,53,mean,4898
1/1/2022,Perlis,54,mean,4978
1/1/2022,Perlis,55,mean,5046
1/1/2022,Perlis,56,mean,5092
1/1/2022,Perlis,57,mean,5154
1/1/2022,Perlis,58,mean,5210
1/1/2022,Perlis,59,mean,5263
1/1/2022,Perlis,60,mean,5338
1/1/2022,Perlis,61,mean,5416
1/1/2022,Perlis,62,mean,5512
1/1/2022,Perlis,63,mean,5619
1/1/2022,Perlis,64,mean,5716
1/1/2022,Perlis,65,mean,5803
1/1/2022,Perlis,66,mean,5915
1/1/2022,Perlis,67,mean,6046
1/1/2022,Perlis,68,mean,6128
1/1/2022,Perlis,69,mean,6209
1/1/2022,Perlis,70,mean,6316
1/1/2022,Perlis,71,mean,6437
1/1/2022,Perlis,72,mean,6576
1/1/2022,Perlis,73,mean,6697
1/1/2022,Perlis,74,mean,6848
1/1/2022,Perlis,75,mean,6956
1/1/2022,Perlis,76,mean,7098
1/1/2022,Perlis,77,mean,7220
1/1/2022,Perlis,78,mean,7356
1/1/2022,Perlis,79,mean,7481
1/1/2022,Perlis,80,mean,7662
1/1/2022,Perlis,81,mean,7907
1/1/2022,Perlis,82,mean,8042
1/1/2022,Perlis,83,mean,8242
1/1/2022,Perlis,84,mean,8399
1/1/2022,Perlis,85,mean,8667
1/1/2022,Perlis,86,mean,8912
1/1/2022,Perlis,87,mean,9165
1/1/2022,Perlis,88,mean,9417
1/1/2022,Perlis,89,mean,9735
1/1/2022,Perlis,90,mean,10078
1/1/2022,Perlis,91,mean,10523
1/1/2022,Perlis,92,mean,10997
1/1/2022,Perlis,93,mean,11506
1/1/2022,Perlis,94,mean,12171
1/1/2022,Perlis,95,mean,12790
1/1/2022,Perlis,96,mean,13608
1/1/2022,Perlis,97,mean,14552
1/1/2022,Perlis,98,mean,15440
1/1/2022,Perlis,99,mean,17901
1/1/2022,Perlis,100,mean,25506
1/1/2022,Pulau Pinang,1,mean,1224
1/1/2022,Pulau Pinang,2,mean,1678
1/1/2022,Pulau Pinang,3,mean,1893
1/1/2022,Pulau Pinang,4,mean,2081
1/1/2022,Pulau Pinang,5,mean,2203
1/1/2022,Pulau Pinang,6,mean,2307
1/1/2022,Pulau Pinang,7,mean,2409
1/1/2022,Pulau Pinang,8,mean,2516
1/1/2022,Pulau Pinang,9,mean,2617
1/1/2022,Pulau Pinang,10,mean,2697
1/1/2022,Pulau Pinang,11,mean,2793
1/1/2022,Pulau Pinang,12,mean,2909
1/1/2022,Pulau Pinang,13,mean,2988
1/1/2022,Pulau Pinang,14,mean,3069
1/1/2022,Pulau Pinang,15,mean,3177
1/1/2022,Pulau Pinang,16,mean,3267
1/1/2022,Pulau Pinang,17,mean,3355
1/1/2022,Pulau Pinang,18,mean,3447
1/1/2022,Pulau Pinang,19,mean,3540
1/1/2022,Pulau Pinang,20,mean,3622
1/1/2022,Pulau Pinang,21,mean,3719
1/1/2022,Pulau Pinang,22,mean,3816
1/1/2022,Pulau Pinang,23,mean,3919
1/1/2022,Pulau Pinang,24,mean,4008
1/1/2022,Pulau Pinang,25,mean,4109
1/1/2022,Pulau Pinang,26,mean,4227
1/1/2022,Pulau Pinang,27,mean,4317
1/1/2022,Pulau Pinang,28,mean,4411
1/1/2022,Pulau Pinang,29,mean,4509
1/1/2022,Pulau Pinang,30,mean,4595
1/1/2022,Pulau Pinang,31,mean,4690
1/1/2022,Pulau Pinang,32,mean,4781
1/1/2022,Pulau Pinang,33,mean,4882
1/1/2022,Pulau Pinang,34,mean,4971
1/1/2022,Pulau Pinang,35,mean,5057
1/1/2022,Pulau Pinang,36,mean,5158
1/1/2022,Pulau Pinang,37,mean,5246
1/1/2022,Pulau Pinang,38,mean,5340
1/1/2022,Pulau Pinang,39,mean,5435
1/1/2022,Pulau Pinang,40,mean,5536
1/1/2022,Pulau Pinang,41,mean,5628
1/1/2022,Pulau Pinang,42,mean,5717
1/1/2022,Pulau Pinang,43,mean,5798
1/1/2022,Pulau Pinang,44,mean,5884
1/1/2022,Pulau Pinang,45,mean,5978
1/1/2022,Pulau Pinang,46,mean,6092
1/1/2022,Pulau Pinang,47,mean,6197
1/1/2022,Pulau Pinang,48,mean,6290
1/1/2022,Pulau Pinang,49,mean,6379
1/1/2022,Pulau Pinang,50,mean,6459
1/1/2022,Pulau Pinang,51,mean,6548
1/1/2022,Pulau Pinang,52,mean,6665
1/1/2022,Pulau Pinang,53,mean,6762
1/1/2022,Pulau Pinang,54,mean,6878
1/1/2022,Pulau Pinang,55,mean,6977
1/1/2022,Pulau Pinang,56,mean,7087
1/1/2022,Pulau Pinang,57,mean,7228
1/1/2022,Pulau Pinang,58,mean,7354
1/1/2022,Pulau Pinang,59,mean,7463
1/1/2022,Pulau Pinang,60,mean,7588
1/1/2022,Pulau Pinang,61,mean,7690
1/1/2022,Pulau Pinang,62,mean,7818
1/1/2022,Pulau Pinang,63,mean,7982
1/1/2022,Pulau Pinang,64,mean,8138
1/1/2022,Pulau Pinang,65,mean,8300
1/1/2022,Pulau Pinang,66,mean,8441
1/1/2022,Pulau Pinang,67,mean,8598
1/1/2022,Pulau Pinang,68,mean,8759
1/1/2022,Pulau Pinang,69,mean,8896
1/1/2022,Pulau Pinang,70,mean,9079
1/1/2022,Pulau Pinang,71,mean,9243
1/1/2022,Pulau Pinang,72,mean,9409
1/1/2022,Pulau Pinang,73,mean,9620
1/1/2022,Pulau Pinang,74,mean,9836
1/1/2022,Pulau Pinang,75,mean,10037
1/1/2022,Pulau Pinang,76,mean,10243
1/1/2022,Pulau Pinang,77,mean,10494
1/1/2022,Pulau Pinang,78,mean,10754
1/1/2022,Pulau Pinang,79,mean,11043
1/1/2022,Pulau Pinang,80,mean,11334
1/1/2022,Pulau Pinang,81,mean,11622
1/1/2022,Pulau Pinang,82,mean,11904
1/1/2022,Pulau Pinang,83,mean,12226
1/1/2022,Pulau Pinang,84,mean,12607
1/1/2022,Pulau Pinang,85,mean,13010
1/1/2022,Pulau Pinang,86,mean,13380
1/1/2022,Pulau Pinang,87,mean,13770
1/1/2022,Pulau Pinang,88,mean,14209
1/1/2022,Pulau Pinang,89,mean,14754
1/1/2022,Pulau Pinang,90,mean,15231
1/1/2022,Pulau Pinang,91,mean,15857
1/1/2022,Pulau Pinang,92,mean,16425
1/1/2022,Pulau Pinang,93,mean,17120
1/1/2022,Pulau Pinang,94,mean,18247
1/1/2022,Pulau Pinang,95,mean,19589
1/1/2022,Pulau Pinang,96,mean,21054
1/1/2022,Pulau Pinang,97,mean,22784
1/1/2022,Pulau Pinang,98,mean,25068
1/1/2022,Pulau Pinang,99,mean,28960
1/1/2022,Pulau Pinang,100,mean,46054
1/1/2022,Sabah,1,mean,996
1/1/2022,Sabah,2,mean,1267
1/1/2022,Sabah,3,mean,1399
1/1/2022,Sabah,4,mean,1514
1/1/2022,Sabah,5,mean,1609
1/1/2022,Sabah,6,mean,1692
1/1/2022,Sabah,7,mean,1771
1/1/2022,Sabah,8,mean,1851
1/1/2022,Sabah,9,mean,1917
1/1/2022,Sabah,10,mean,1980
1/1/2022,Sabah,11,mean,2040
1/1/2022,Sabah,12,mean,2102
1/1/2022,Sabah,13,mean,2161
1/1/2022,Sabah,14,mean,2217
1/1/2022,Sabah,15,mean,2291
1/1/2022,Sabah,16,mean,2354
1/1/2022,Sabah,17,mean,2409
1/1/2022,Sabah,18,mean,2471
1/1/2022,Sabah,19,mean,2532
1/1/2022,Sabah,20,mean,2581
1/1/2022,Sabah,21,mean,2645
1/1/2022,Sabah,22,mean,2701
1/1/2022,Sabah,23,mean,2759
1/1/2022,Sabah,24,mean,2820
1/1/2022,Sabah,25,mean,2877
1/1/2022,Sabah,26,mean,2931
1/1/2022,Sabah,27,mean,2995
1/1/2022,Sabah,28,mean,3057
1/1/2022,Sabah,29,mean,3116
1/1/2022,Sabah,30,mean,3177
1/1/2022,Sabah,31,mean,3232
1/1/2022,Sabah,32,mean,3288
1/1/2022,Sabah,33,mean,3357
1/1/2022,Sabah,34,mean,3414
1/1/2022,Sabah,35,mean,3477
1/1/2022,Sabah,36,mean,3541
1/1/2022,Sabah,37,mean,3607
1/1/2022,Sabah,38,mean,3667
1/1/2022,Sabah,39,mean,3727
1/1/2022,Sabah,40,mean,3799
1/1/2022,Sabah,41,mean,3878
1/1/2022,Sabah,42,mean,3950
1/1/2022,Sabah,43,mean,4019
1/1/2022,Sabah,44,mean,4088
1/1/2022,Sabah,45,mean,4161
1/1/2022,Sabah,46,mean,4235
1/1/2022,Sabah,47,mean,4314
1/1/2022,Sabah,48,mean,4390
1/1/2022,Sabah,49,mean,4464
1/1/2022,Sabah,50,mean,4536
1/1/2022,Sabah,51,mean,4621
1/1/2022,Sabah,52,mean,4710
1/1/2022,Sabah,53,mean,4804
1/1/2022,Sabah,54,mean,4893
1/1/2022,Sabah,55,mean,4985
1/1/2022,Sabah,56,mean,5086
1/1/2022,Sabah,57,mean,5185
1/1/2022,Sabah,58,mean,5286
1/1/2022,Sabah,59,mean,5381
1/1/2022,Sabah,60,mean,5471
1/1/2022,Sabah,61,mean,5564
1/1/2022,Sabah,62,mean,5659
1/1/2022,Sabah,63,mean,5764
1/1/2022,Sabah,64,mean,5869
1/1/2022,Sabah,65,mean,5983
1/1/2022,Sabah,66,mean,6104
1/1/2022,Sabah,67,mean,6209
1/1/2022,Sabah,68,mean,6321
1/1/2022,Sabah,69,mean,6451
1/1/2022,Sabah,70,mean,6607
1/1/2022,Sabah,71,mean,6765
1/1/2022,Sabah,72,mean,6910
1/1/2022,Sabah,73,mean,7072
1/1/2022,Sabah,74,mean,7243
1/1/2022,Sabah,75,mean,7429
1/1/2022,Sabah,76,mean,7609
1/1/2022,Sabah,77,mean,7799
1/1/2022,Sabah,78,mean,7992
1/1/2022,Sabah,79,mean,8215
1/1/2022,Sabah,80,mean,8435
1/1/2022,Sabah,81,mean,8634
1/1/2022,Sabah,82,mean,8906
1/1/2022,Sabah,83,mean,9206
1/1/2022,Sabah,84,mean,9485
1/1/2022,Sabah,85,mean,9741
1/1/2022,Sabah,86,mean,10088
1/1/2022,Sabah,87,mean,10456
1/1/2022,Sabah,88,mean,10815
1/1/2022,Sabah,89,mean,11199
1/1/2022,Sabah,90,mean,11626
1/1/2022,Sabah,91,mean,12085
1/1/2022,Sabah,92,mean,12594
1/1/2022,Sabah,93,mean,13172
1/1/2022,Sabah,94,mean,13868
1/1/2022,Sabah,95,mean,14806
1/1/2022,Sabah,96,mean,15941
1/1/2022,Sabah,97,mean,17353
1/1/2022,Sabah,98,mean,19097
1/1/2022,Sabah,99,mean,22801
1/1/2022,Sabah,100,mean,43629
1/1/2022,Sarawak,1,mean,986
1/1/2022,Sarawak,2,mean,1226
1/1/2022,Sarawak,3,mean,1378
1/1/2022,Sarawak,4,mean,1501
1/1/2022,Sarawak,5,mean,1613
1/1/2022,Sarawak,6,mean,1716
1/1/2022,Sarawak,7,mean,1809
1/1/2022,Sarawak,8,mean,1897
1/1/2022,Sarawak,9,mean,1981
1/1/2022,Sarawak,10,mean,2055
1/1/2022,Sarawak,11,mean,2116
1/1/2022,Sarawak,12,mean,2174
1/1/2022,Sarawak,13,mean,2247
1/1/2022,Sarawak,14,mean,2313
1/1/2022,Sarawak,15,mean,2375
1/1/2022,Sarawak,16,mean,2445
1/1/2022,Sarawak,17,mean,2521
1/1/2022,Sarawak,18,mean,2589
1/1/2022,Sarawak,19,mean,2652
1/1/2022,Sarawak,20,mean,2713
1/1/2022,Sarawak,21,mean,2783
1/1/2022,Sarawak,22,mean,2844
1/1/2022,Sarawak,23,mean,2907
1/1/2022,Sarawak,24,mean,2986
1/1/2022,Sarawak,25,mean,3060
1/1/2022,Sarawak,26,mean,3123
1/1/2022,Sarawak,27,mean,3189
1/1/2022,Sarawak,28,mean,3260
1/1/2022,Sarawak,29,mean,3333
1/1/2022,Sarawak,30,mean,3395
1/1/2022,Sarawak,31,mean,3460
1/1/2022,Sarawak,32,mean,3527
1/1/2022,Sarawak,33,mean,3593
1/1/2022,Sarawak,34,mean,3666
1/1/2022,Sarawak,35,mean,3736
1/1/2022,Sarawak,36,mean,3816
1/1/2022,Sarawak,37,mean,3902
1/1/2022,Sarawak,38,mean,3986
1/1/2022,Sarawak,39,mean,4052
1/1/2022,Sarawak,40,mean,4123
1/1/2022,Sarawak,41,mean,4205
1/1/2022,Sarawak,42,mean,4283
1/1/2022,Sarawak,43,mean,4357
1/1/2022,Sarawak,44,mean,4434
1/1/2022,Sarawak,45,mean,4519
1/1/2022,Sarawak,46,mean,4599
1/1/2022,Sarawak,47,mean,4677
1/1/2022,Sarawak,48,mean,4757
1/1/2022,Sarawak,49,mean,4835
1/1/2022,Sarawak,50,mean,4934
1/1/2022,Sarawak,51,mean,5021
1/1/2022,Sarawak,52,mean,5112
1/1/2022,Sarawak,53,mean,5206
1/1/2022,Sarawak,54,mean,5302
1/1/2022,Sarawak,55,mean,5410
1/1/2022,Sarawak,56,mean,5501
1/1/2022,Sarawak,57,mean,5601
1/1/2022,Sarawak,58,mean,5709
1/1/2022,Sarawak,59,mean,5827
1/1/2022,Sarawak,60,mean,5945
1/1/2022,Sarawak,61,mean,6060
1/1/2022,Sarawak,62,mean,6160
1/1/2022,Sarawak,63,mean,6260
1/1/2022,Sarawak,64,mean,6382
1/1/2022,Sarawak,65,mean,6509
1/1/2022,Sarawak,66,mean,6619
1/1/2022,Sarawak,67,mean,6752
1/1/2022,Sarawak,68,mean,6906
1/1/2022,Sarawak,69,mean,7048
1/1/2022,Sarawak,70,mean,7193
1/1/2022,Sarawak,71,mean,7375
1/1/2022,Sarawak,72,mean,7551
1/1/2022,Sarawak,73,mean,7723
1/1/2022,Sarawak,74,mean,7904
1/1/2022,Sarawak,75,mean,8122
1/1/2022,Sarawak,76,mean,8286
1/1/2022,Sarawak,77,mean,8481
1/1/2022,Sarawak,78,mean,8684
1/1/2022,Sarawak,79,mean,8891
1/1/2022,Sarawak,80,mean,9102
1/1/2022,Sarawak,81,mean,9343
1/1/2022,Sarawak,82,mean,9645
1/1/2022,Sarawak,83,mean,9943
1/1/2022,Sarawak,84,mean,10176
1/1/2022,Sarawak,85,mean,10453
1/1/2022,Sarawak,86,mean,10760
1/1/2022,Sarawak,87,mean,11108
1/1/2022,Sarawak,88,mean,11506
1/1/2022,Sarawak,89,mean,11904
1/1/2022,Sarawak,90,mean,12371
1/1/2022,Sarawak,91,mean,12925
1/1/2022,Sarawak,92,mean,13498
1/1/2022,Sarawak,93,mean,14075
1/1/2022,Sarawak,94,mean,14817
1/1/2022,Sarawak,95,mean,15567
1/1/2022,Sarawak,96,mean,16614
1/1/2022,Sarawak,97,mean,18030
1/1/2022,Sarawak,98,mean,19724
1/1/2022,Sarawak,99,mean,22729
1/1/2022,Sarawak,100,mean,33426
1/1/2022,Selangor,1,mean,2136
1/1/2022,Selangor,2,mean,2826
1/1/2022,Selangor,3,mean,3140
1/1/2022,Selangor,4,mean,3327
1/1/2022,Selangor,5,mean,3512
1/1/2022,Selangor,6,mean,3722
1/1/2022,Selangor,7,mean,3932
1/1/2022,Selangor,8,mean,4077
1/1/2022,Selangor,9,mean,4189
1/1/2022,Selangor,10,mean,4324
1/1/2022,Selangor,11,mean,4467
1/1/2022,Selangor,12,mean,4619
1/1/2022,Selangor,13,mean,4762
1/1/2022,Selangor,14,mean,4901
1/1/2022,Selangor,15,mean,5027
1/1/2022,Selangor,16,mean,5158
1/1/2022,Selangor,17,mean,5299
1/1/2022,Selangor,18,mean,5425
1/1/2022,Selangor,19,mean,5556
1/1/2022,Selangor,20,mean,5661
1/1/2022,Selangor,21,mean,5769
1/1/2022,Selangor,22,mean,5903
1/1/2022,Selangor,23,mean,6029
1/1/2022,Selangor,24,mean,6168
1/1/2022,Selangor,25,mean,6309
1/1/2022,Selangor,26,mean,6436
1/1/2022,Selangor,27,mean,6576
1/1/2022,Selangor,28,mean,6718
1/1/2022,Selangor,29,mean,6850
1/1/2022,Selangor,30,mean,6998
1/1/2022,Selangor,31,mean,7131
1/1/2022,Selangor,32,mean,7266
1/1/2022,Selangor,33,mean,7387
1/1/2022,Selangor,34,mean,7518
1/1/2022,Selangor,35,mean,7642
1/1/2022,Selangor,36,mean,7760
1/1/2022,Selangor,37,mean,7882
1/1/2022,Selangor,38,mean,8026
1/1/2022,Selangor,39,mean,8172
1/1/2022,Selangor,40,mean,8312
1/1/2022,Selangor,41,mean,8478
1/1/2022,Selangor,42,mean,8638
1/1/2022,Selangor,43,mean,8795
1/1/2022,Selangor,44,mean,8950
1/1/2022,Selangor,45,mean,9104
1/1/2022,Selangor,46,mean,9277
1/1/2022,Selangor,47,mean,9419
1/1/2022,Selangor,48,mean,9579
1/1/2022,Selangor,49,mean,9747
1/1/2022,Selangor,50,mean,9905
1/1/2022,Selangor,51,mean,10070
1/1/2022,Selangor,52,mean,10222
1/1/2022,Selangor,53,mean,10373
1/1/2022,Selangor,54,mean,10508
1/1/2022,Selangor,55,mean,10625
1/1/2022,Selangor,56,mean,10759
1/1/2022,Selangor,57,mean,10911
1/1/2022,Selangor,58,mean,11067
1/1/2022,Selangor,59,mean,11213
1/1/2022,Selangor,60,mean,11357
1/1/2022,Selangor,61,mean,11494
1/1/2022,Selangor,62,mean,11636
1/1/2022,Selangor,63,mean,11783
1/1/2022,Selangor,64,mean,11935
1/1/2022,Selangor,65,mean,12104
1/1/2022,Selangor,66,mean,12270
1/1/2022,Selangor,67,mean,12436
1/1/2022,Selangor,68,mean,12622
1/1/2022,Selangor,69,mean,12829
1/1/2022,Selangor,70,mean,13069
1/1/2022,Selangor,71,mean,13277
1/1/2022,Selangor,72,mean,13471
1/1/2022,Selangor,73,mean,13673
1/1/2022,Selangor,74,mean,13913
1/1/2022,Selangor,75,mean,14151
1/1/2022,Selangor,76,mean,14381
1/1/2022,Selangor,77,mean,14613
1/1/2022,Selangor,78,mean,14894
1/1/2022,Selangor,79,mean,15198
1/1/2022,Selangor,80,mean,15540
1/1/2022,Selangor,81,mean,15867
1/1/2022,Selangor,82,mean,16202
1/1/2022,Selangor,83,mean,16643
1/1/2022,Selangor,84,mean,17130
1/1/2022,Selangor,85,mean,17605
1/1/2022,Selangor,86,mean,18145
1/1/2022,Selangor,87,mean,18775
1/1/2022,Selangor,88,mean,19508
1/1/2022,Selangor,89,mean,20199
1/1/2022,Selangor,90,mean,20990
1/1/2022,Selangor,91,mean,21850
1/1/2022,Selangor,92,mean,22778
1/1/2022,Selangor,93,mean,23909
1/1/2022,Selangor,94,mean,25139
1/1/2022,Selangor,95,mean,26780
1/1/2022,Selangor,96,mean,29200
1/1/2022,Selangor,97,mean,32501
1/1/2022,Selangor,98,mean,37069
1/1/2022,Selangor,99,mean,46702
1/1/2022,Selangor,100,mean,85662
1/1/2022,Terengganu,1,mean,1358
1/1/2022,Terengganu,2,mean,1862
1/1/2022,Terengganu,3,mean,2240
1/1/2022,Terengganu,4,mean,2536
1/1/2022,Terengganu,5,mean,2654
1/1/2022,Terengganu,6,mean,2781
1/1/2022,Terengganu,7,mean,2904
1/1/2022,Terengganu,8,mean,2998
1/1/2022,Terengganu,9,mean,3072
1/1/2022,Terengganu,10,mean,3150
1/1/2022,Terengganu,11,mean,3212
1/1/2022,Terengganu,12,mean,3275
1/1/2022,Terengganu,13,mean,3329
1/1/2022,Terengganu,14,mean,3391
1/1/2022,Terengganu,15,mean,3466
1/1/2022,Terengganu,16,mean,3537
1/1/2022,Terengganu,17,mean,3607
1/1/2022,Terengganu,18,mean,3665
1/1/2022,Terengganu,19,mean,3727
1/1/2022,Terengganu,20,mean,3804
1/1/2022,Terengganu,21,mean,3881
1/1/2022,Terengganu,22,mean,3954
1/1/2022,Terengganu,23,mean,4017
1/1/2022,Terengganu,24,mean,4091
1/1/2022,Terengganu,25,mean,4160
1/1/2022,Terengganu,26,mean,4220
1/1/2022,Terengganu,27,mean,4274
1/1/2022,Terengganu,28,mean,4350
1/1/2022,Terengganu,29,mean,4426
1/1/2022,Terengganu,30,mean,4485
1/1/2022,Terengganu,31,mean,4544
1/1/2022,Terengganu,32,mean,4606
1/1/2022,Terengganu,33,mean,4668
1/1/2022,Terengganu,34,mean,4753
1/1/2022,Terengganu,35,mean,4841
1/1/2022,Terengganu,36,mean,4910
1/1/2022,Terengganu,37,mean,4962
1/1/2022,Terengganu,38,mean,5013
1/1/2022,Terengganu,39,mean,5063
1/1/2022,Terengganu,40,mean,5116
1/1/2022,Terengganu,41,mean,5185
1/1/2022,Terengganu,42,mean,5251
1/1/2022,Terengganu,43,mean,5321
1/1/2022,Terengganu,44,mean,5381
1/1/2022,Terengganu,45,mean,5444
1/1/2022,Terengganu,46,mean,5515
1/1/2022,Terengganu,47,mean,5602
1/1/2022,Terengganu,48,mean,5677
1/1/2022,Terengganu,49,mean,5758
1/1/2022,Terengganu,50,mean,5837
1/1/2022,Terengganu,51,mean,5924
1/1/2022,Terengganu,52,mean,5990
1/1/2022,Terengganu,53,mean,6063
1/1/2022,Terengganu,54,mean,6124
1/1/2022,Terengganu,55,mean,6191
1/1/2022,Terengganu,56,mean,6271
1/1/2022,Terengganu,57,mean,6361
1/1/2022,Terengganu,58,mean,6452
1/1/2022,Terengganu,59,mean,6539
1/1/2022,Terengganu,60,mean,6631
1/1/2022,Terengganu,61,mean,6711
1/1/2022,Terengganu,62,mean,6787
1/1/2022,Terengganu,63,mean,6865
1/1/2022,Terengganu,64,mean,6972
1/1/2022,Terengganu,65,mean,7061
1/1/2022,Terengganu,66,mean,7148
1/1/2022,Terengganu,67,mean,7276
1/1/2022,Terengganu,68,mean,7399
1/1/2022,Terengganu,69,mean,7482
1/1/2022,Terengganu,70,mean,7593
1/1/2022,Terengganu,71,mean,7747
1/1/2022,Terengganu,72,mean,7884
1/1/2022,Terengganu,73,mean,7992
1/1/2022,Terengganu,74,mean,8171
1/1/2022,Terengganu,75,mean,8341
1/1/2022,Terengganu,76,mean,8486
1/1/2022,Terengganu,77,mean,8626
1/1/2022,Terengganu,78,mean,8753
1/1/2022,Terengganu,79,mean,8937
1/1/2022,Terengganu,80,mean,9125
1/1/2022,Terengganu,81,mean,9317
1/1/2022,Terengganu,82,mean,9525
1/1/2022,Terengganu,83,mean,9791
1/1/2022,Terengganu,84,mean,10094
1/1/2022,Terengganu,85,mean,10425
1/1/2022,Terengganu,86,mean,10786
1/1/2022,Terengganu,87,mean,11091
1/1/2022,Terengganu,88,mean,11440
1/1/2022,Terengganu,89,mean,11898
1/1/2022,Terengganu,90,mean,12348
1/1/2022,Terengganu,91,mean,12940
1/1/2022,Terengganu,92,mean,13497
1/1/2022,Terengganu,93,mean,14252
1/1/2022,Terengganu,94,mean,15296
1/1/2022,Terengganu,95,mean,16419
1/1/2022,Terengganu,96,mean,17675
1/1/2022,Terengganu,97,mean,19254
1/1/2022,Terengganu,98,mean,21245
1/1/2022,Terengganu,99,mean,24412
1/1/2022,Terengganu,100,mean,40103
1/1/2022,W.P. Kuala Lumpur,1,mean,2016
1/1/2022,W.P. Kuala Lumpur,2,mean,2677
1/1/2022,W.P. Kuala Lumpur,3,mean,3084
1/1/2022,W.P. Kuala Lumpur,4,mean,3394
1/1/2022,W.P. Kuala Lumpur,5,mean,3684
1/1/2022,W.P. Kuala Lumpur,6,mean,3941
1/1/2022,W.P. Kuala Lumpur,7,mean,4118
1/1/2022,W.P. Kuala Lumpur,8,mean,4288
1/1/2022,W.P. Kuala Lumpur,9,mean,4463
1/1/2022,W.P. Kuala Lumpur,10,mean,4616
1/1/2022,W.P. Kuala Lumpur,11,mean,4757
1/1/2022,W.P. Kuala Lumpur,12,mean,4925
1/1/2022,W.P. Kuala Lumpur,13,mean,5086
1/1/2022,W.P. Kuala Lumpur,14,mean,5242
1/1/2022,W.P. Kuala Lumpur,15,mean,5431
1/1/2022,W.P. Kuala Lumpur,16,mean,5615
1/1/2022,W.P. Kuala Lumpur,17,mean,5774
1/1/2022,W.P. Kuala Lumpur,18,mean,5914
1/1/2022,W.P. Kuala Lumpur,19,mean,6066
1/1/2022,W.P. Kuala Lumpur,20,mean,6195
1/1/2022,W.P. Kuala Lumpur,21,mean,6354
1/1/2022,W.P. Kuala Lumpur,22,mean,6465
1/1/2022,W.P. Kuala Lumpur,23,mean,6581
1/1/2022,W.P. Kuala Lumpur,24,mean,6712
1/1/2022,W.P. Kuala Lumpur,25,mean,6857
1/1/2022,W.P. Kuala Lumpur,26,mean,6966
1/1/2022,W.P. Kuala Lumpur,27,mean,7098
1/1/2022,W.P. Kuala Lumpur,28,mean,7237
1/1/2022,W.P. Kuala Lumpur,29,mean,7372
1/1/2022,W.P. Kuala Lumpur,30,mean,7492
1/1/2022,W.P. Kuala Lumpur,31,mean,7644
1/1/2022,W.P. Kuala Lumpur,32,mean,7793
1/1/2022,W.P. Kuala Lumpur,33,mean,7923
1/1/2022,W.P. Kuala Lumpur,34,mean,8051
1/1/2022,W.P. Kuala Lumpur,35,mean,8181
1/1/2022,W.P. Kuala Lumpur,36,mean,8283
1/1/2022,W.P. Kuala Lumpur,37,mean,8408
1/1/2022,W.P. Kuala Lumpur,38,mean,8544
1/1/2022,W.P. Kuala Lumpur,39,mean,8699
1/1/2022,W.P. Kuala Lumpur,40,mean,8825
1/1/2022,W.P. Kuala Lumpur,41,mean,8949
1/1/2022,W.P. Kuala Lumpur,42,mean,9094
1/1/2022,W.P. Kuala Lumpur,43,mean,9239
1/1/2022,W.P. Kuala Lumpur,44,mean,9368
1/1/2022,W.P. Kuala Lumpur,45,mean,9485
1/1/2022,W.P. Kuala Lumpur,46,mean,9603
1/1/2022,W.P. Kuala Lumpur,47,mean,9738
1/1/2022,W.P. Kuala Lumpur,48,mean,9883
1/1/2022,W.P. Kuala Lumpur,49,mean,10032
1/1/2022,W.P. Kuala Lumpur,50,mean,10165
1/1/2022,W.P. Kuala Lumpur,51,mean,10330
1/1/2022,W.P. Kuala Lumpur,52,mean,10521
1/1/2022,W.P. Kuala Lumpur,53,mean,10658
1/1/2022,W.P. Kuala Lumpur,54,mean,10796
1/1/2022,W.P. Kuala Lumpur,55,mean,10954
1/1/2022,W.P. Kuala Lumpur,56,mean,11105
1/1/2022,W.P. Kuala Lumpur,57,mean,11259
1/1/2022,W.P. Kuala Lumpur,58,mean,11417
1/1/2022,W.P. Kuala Lumpur,59,mean,11598
1/1/2022,W.P. Kuala Lumpur,60,mean,11796
1/1/2022,W.P. Kuala Lumpur,61,mean,11988
1/1/2022,W.P. Kuala Lumpur,62,mean,12166
1/1/2022,W.P. Kuala Lumpur,63,mean,12313
1/1/2022,W.P. Kuala Lumpur,64,mean,12519
1/1/2022,W.P. Kuala Lumpur,65,mean,12720
1/1/2022,W.P. Kuala Lumpur,66,mean,12900
1/1/2022,W.P. Kuala Lumpur,67,mean,13105
1/1/2022,W.P. Kuala Lumpur,68,mean,13313
1/1/2022,W.P. Kuala Lumpur,69,mean,13510
1/1/2022,W.P. Kuala Lumpur,70,mean,13759
1/1/2022,W.P. Kuala Lumpur,71,mean,13983
1/1/2022,W.P. Kuala Lumpur,72,mean,14272
1/1/2022,W.P. Kuala Lumpur,73,mean,14568
1/1/2022,W.P. Kuala Lumpur,74,mean,14871
1/1/2022,W.P. Kuala Lumpur,75,mean,15146
1/1/2022,W.P. Kuala Lumpur,76,mean,15406
1/1/2022,W.P. Kuala Lumpur,77,mean,15702
1/1/2022,W.P. Kuala Lumpur,78,mean,16017
1/1/2022,W.P. Kuala Lumpur,79,mean,16316
1/1/2022,W.P. Kuala Lumpur,80,mean,16628
1/1/2022,W.P. Kuala Lumpur,81,mean,16998
1/1/2022,W.P. Kuala Lumpur,82,mean,17352
1/1/2022,W.P. Kuala Lumpur,83,mean,17731
1/1/2022,W.P. Kuala Lumpur,84,mean,18184
1/1/2022,W.P. Kuala Lumpur,85,mean,18746
1/1/2022,W.P. Kuala Lumpur,86,mean,19305
1/1/2022,W.P. Kuala Lumpur,87,mean,19845
1/1/2022,W.P. Kuala Lumpur,88,mean,20510
1/1/2022,W.P. Kuala Lumpur,89,mean,21209
1/1/2022,W.P. Kuala Lumpur,90,mean,21848
1/1/2022,W.P. Kuala Lumpur,91,mean,23046
1/1/2022,W.P. Kuala Lumpur,92,mean,24379
1/1/2022,W.P. Kuala Lumpur,93,mean,25508
1/1/2022,W.P. Kuala Lumpur,94,mean,27043
1/1/2022,W.P. Kuala Lumpur,95,mean,29016
1/1/2022,W.P. Kuala Lumpur,96,mean,31069
1/1/2022,W.P. Kuala Lumpur,97,mean,34714
1/1/2022,W.P. Kuala Lumpur,98,mean,40612
1/1/2022,W.P. Kuala Lumpur,99,mean,56782
1/1/2022,W.P. Kuala Lumpur,100,mean,120000
1/1/2022,W.P. Labuan,1,mean,2318
1/1/2022,W.P. Labuan,2,mean,2596
1/1/2022,W.P. Labuan,3,mean,2783
1/1/2022,W.P. Labuan,4,mean,3000
1/1/2022,W.P. Labuan,5,mean,3223
1/1/2022,W.P. Labuan,6,mean,3319
1/1/2022,W.P. Labuan,7,mean,3401
1/1/2022,W.P. Labuan,8,mean,3499
1/1/2022,W.P. Labuan,9,mean,3568
1/1/2022,W.P. Labuan,10,mean,3672
1/1/2022,W.P. Labuan,11,mean,3765
1/1/2022,W.P. Labuan,12,mean,3843
1/1/2022,W.P. Labuan,13,mean,3928
1/1/2022,W.P. Labuan,14,mean,4020
1/1/2022,W.P. Labuan,15,mean,4143
1/1/2022,W.P. Labuan,16,mean,4277
1/1/2022,W.P. Labuan,17,mean,4401
1/1/2022,W.P. Labuan,18,mean,4457
1/1/2022,W.P. Labuan,19,mean,4542
1/1/2022,W.P. Labuan,20,mean,4667
1/1/2022,W.P. Labuan,21,mean,4721
1/1/2022,W.P. Labuan,22,mean,4761
1/1/2022,W.P. Labuan,23,mean,4844
1/1/2022,W.P. Labuan,24,mean,4939
1/1/2022,W.P. Labuan,25,mean,5018
1/1/2022,W.P. Labuan,26,mean,5095
1/1/2022,W.P. Labuan,27,mean,5182
1/1/2022,W.P. Labuan,28,mean,5224
1/1/2022,W.P. Labuan,29,mean,5306
1/1/2022,W.P. Labuan,30,mean,5345
1/1/2022,W.P. Labuan,31,mean,5426
1/1/2022,W.P. Labuan,32,mean,5484
1/1/2022,W.P. Labuan,33,mean,5545
1/1/2022,W.P. Labuan,34,mean,5622
1/1/2022,W.P. Labuan,35,mean,5699
1/1/2022,W.P. Labuan,36,mean,5767
1/1/2022,W.P. Labuan,37,mean,5814
1/1/2022,W.P. Labuan,38,mean,5868
1/1/2022,W.P. Labuan,39,mean,5966
1/1/2022,W.P. Labuan,40,mean,6012
1/1/2022,W.P. Labuan,41,mean,6073
1/1/2022,W.P. Labuan,42,mean,6154
1/1/2022,W.P. Labuan,43,mean,6218
1/1/2022,W.P. Labuan,44,mean,6269
1/1/2022,W.P. Labuan,45,mean,6351
1/1/2022,W.P. Labuan,46,mean,6423
1/1/2022,W.P. Labuan,47,mean,6559
1/1/2022,W.P. Labuan,48,mean,6697
1/1/2022,W.P. Labuan,49,mean,6778
1/1/2022,W.P. Labuan,50,mean,6868
1/1/2022,W.P. Labuan,51,mean,6937
1/1/2022,W.P. Labuan,52,mean,6994
1/1/2022,W.P. Labuan,53,mean,7064
1/1/2022,W.P. Labuan,54,mean,7187
1/1/2022,W.P. Labuan,55,mean,7279
1/1/2022,W.P. Labuan,56,mean,7381
1/1/2022,W.P. Labuan,57,mean,7493
1/1/2022,W.P. Labuan,58,mean,7645
1/1/2022,W.P. Labuan,59,mean,7726
1/1/2022,W.P. Labuan,60,mean,7814
1/1/2022,W.P. Labuan,61,mean,7941
1/1/2022,W.P. Labuan,62,mean,8019
1/1/2022,W.P. Labuan,63,mean,8108
1/1/2022,W.P. Labuan,64,mean,8243
1/1/2022,W.P. Labuan,65,mean,8336
1/1/2022,W.P. Labuan,66,mean,8442
1/1/2022,W.P. Labuan,67,mean,8581
1/1/2022,W.P. Labuan,68,mean,8735
1/1/2022,W.P. Labuan,69,mean,8820
1/1/2022,W.P. Labuan,70,mean,8975
1/1/2022,W.P. Labuan,71,mean,9132
1/1/2022,W.P. Labuan,72,mean,9278
1/1/2022,W.P. Labuan,73,mean,9395
1/1/2022,W.P. Labuan,74,mean,9548
1/1/2022,W.P. Labuan,75,mean,9721
1/1/2022,W.P. Labuan,76,mean,9815
1/1/2022,W.P. Labuan,77,mean,9961
1/1/2022,W.P. Labuan,78,mean,10192
1/1/2022,W.P. Labuan,79,mean,10474
1/1/2022,W.P. Labuan,80,mean,10724
1/1/2022,W.P. Labuan,81,mean,10827
1/1/2022,W.P. Labuan,82,mean,11064
1/1/2022,W.P. Labuan,83,mean,11407
1/1/2022,W.P. Labuan,84,mean,11727
1/1/2022,W.P. Labuan,85,mean,12194
1/1/2022,W.P. Labuan,86,mean,12423
1/1/2022,W.P. Labuan,87,mean,12720
1/1/2022,W.P. Labuan,88,mean,12976
1/1/2022,W.P. Labuan,89,mean,13681
1/1/2022,W.P. Labuan,90,mean,13942
1/1/2022,W.P. Labuan,91,mean,14645
1/1/2022,W.P. Labuan,92,mean,15155
1/1/2022,W.P. Labuan,93,mean,15803
1/1/2022,W.P. Labuan,94,mean,16630
1/1/2022,W.P. Labuan,95,mean,17744
1/1/2022,W.P. Labuan,96,mean,18931
1/1/2022,W.P. Labuan,97,mean,19966
1/1/2022,W.P. Labuan,98,mean,21356
1/1/2022,W.P. Labuan,99,mean,24957
1/1/2022,W.P. Labuan,100,mean,36995
1/1/2022,W.P. Putrajaya,1,mean,3104
1/1/2022,W.P. Putrajaya,2,mean,3627
1/1/2022,W.P. Putrajaya,3,mean,3880
1/1/2022,W.P. Putrajaya,4,mean,4076
1/1/2022,W.P. Putrajaya,5,mean,4294
1/1/2022,W.P. Putrajaya,6,mean,4466
1/1/2022,W.P. Putrajaya,7,mean,4677
1/1/2022,W.P. Putrajaya,8,mean,4739
1/1/2022,W.P. Putrajaya,9,mean,4802
1/1/2022,W.P. Putrajaya,10,mean,4930
1/1/2022,W.P. Putrajaya,11,mean,4973
1/1/2022,W.P. Putrajaya,12,mean,5062
1/1/2022,W.P. Putrajaya,13,mean,5226
1/1/2022,W.P. Putrajaya,14,mean,5421
1/1/2022,W.P. Putrajaya,15,mean,5532
1/1/2022,W.P. Putrajaya,16,mean,5741
1/1/2022,W.P. Putrajaya,17,mean,5919
1/1/2022,W.P. Putrajaya,18,mean,6029
1/1/2022,W.P. Putrajaya,19,mean,6150
1/1/2022,W.P. Putrajaya,20,mean,6241
1/1/2022,W.P. Putrajaya,21,mean,6333
1/1/2022,W.P. Putrajaya,22,mean,6454
1/1/2022,W.P. Putrajaya,23,mean,6720
1/1/2022,W.P. Putrajaya,24,mean,6850
1/1/2022,W.P. Putrajaya,25,mean,6956
1/1/2022,W.P. Putrajaya,26,mean,7074
1/1/2022,W.P. Putrajaya,27,mean,7207
1/1/2022,W.P. Putrajaya,28,mean,7348
1/1/2022,W.P. Putrajaya,29,mean,7461
1/1/2022,W.P. Putrajaya,30,mean,7753
1/1/2022,W.P. Putrajaya,31,mean,7969
1/1/2022,W.P. Putrajaya,32,mean,8131
1/1/2022,W.P. Putrajaya,33,mean,8212
1/1/2022,W.P. Putrajaya,34,mean,8301
1/1/2022,W.P. Putrajaya,35,mean,8425
1/1/2022,W.P. Putrajaya,36,mean,8568
1/1/2022,W.P. Putrajaya,37,mean,8659
1/1/2022,W.P. Putrajaya,38,mean,8783
1/1/2022,W.P. Putrajaya,39,mean,8865
1/1/2022,W.P. Putrajaya,40,mean,8910
1/1/2022,W.P. Putrajaya,41,mean,9010
1/1/2022,W.P. Putrajaya,42,mean,9102
1/1/2022,W.P. Putrajaya,43,mean,9195
1/1/2022,W.P. Putrajaya,44,mean,9323
1/1/2022,W.P. Putrajaya,45,mean,9406
1/1/2022,W.P. Putrajaya,46,mean,9583
1/1/2022,W.P. Putrajaya,47,mean,9630
1/1/2022,W.P. Putrajaya,48,mean,9740
1/1/2022,W.P. Putrajaya,49,mean,9887
1/1/2022,W.P. Putrajaya,50,mean,10001
1/1/2022,W.P. Putrajaya,51,mean,10163
1/1/2022,W.P. Putrajaya,52,mean,10307
1/1/2022,W.P. Putrajaya,53,mean,10400
1/1/2022,W.P. Putrajaya,54,mean,10532
1/1/2022,W.P. Putrajaya,55,mean,10602
1/1/2022,W.P. Putrajaya,56,mean,10732
1/1/2022,W.P. Putrajaya,57,mean,10855
1/1/2022,W.P. Putrajaya,58,mean,11012
1/1/2022,W.P. Putrajaya,59,mean,11141
1/1/2022,W.P. Putrajaya,60,mean,11234
1/1/2022,W.P. Putrajaya,61,mean,11354
1/1/2022,W.P. Putrajaya,62,mean,11550
1/1/2022,W.P. Putrajaya,63,mean,11770
1/1/2022,W.P. Putrajaya,64,mean,12027
1/1/2022,W.P. Putrajaya,65,mean,12247
1/1/2022,W.P. Putrajaya,66,mean,12544
1/1/2022,W.P. Putrajaya,67,mean,12956
1/1/2022,W.P. Putrajaya,68,mean,13179
1/1/2022,W.P. Putrajaya,69,mean,13411
1/1/2022,W.P. Putrajaya,70,mean,13599
1/1/2022,W.P. Putrajaya,71,mean,13810
1/1/2022,W.P. Putrajaya,72,mean,14105
1/1/2022,W.P. Putrajaya,73,mean,14528
1/1/2022,W.P. Putrajaya,74,mean,14920
1/1/2022,W.P. Putrajaya,75,mean,15113
1/1/2022,W.P. Putrajaya,76,mean,15820
1/1/2022,W.P. Putrajaya,77,mean,16586
1/1/2022,W.P. Putrajaya,78,mean,17012
1/1/2022,W.P. Putrajaya,79,mean,17485
1/1/2022,W.P. Putrajaya,80,mean,17893
1/1/2022,W.P. Putrajaya,81,mean,18567
1/1/2022,W.P. Putrajaya,82,mean,19205
1/1/2022,W.P. Putrajaya,83,mean,19681
1/1/2022,W.P. Putrajaya,84,mean,20322
1/1/2022,W.P. Putrajaya,85,mean,21052
1/1/2022,W.P. Putrajaya,86,mean,21992
1/1/2022,W.P. Putrajaya,87,mean,22877
1/1/2022,W.P. Putrajaya,88,mean,23596
1/1/2022,W.P. Putrajaya,89,mean,24635
1/1/2022,W.P. Putrajaya,90,mean,25983
1/1/2022,W.P. Putrajaya,91,mean,27528
1/1/2022,W.P. Putrajaya,92,mean,28683
1/1/2022,W.P. Putrajaya,93,mean,30576
1/1/2022,W.P. Putrajaya,94,mean,32409
1/1/2022,W.P. Putrajaya,95,mean,34156
1/1/2022,W.P. Putrajaya,96,mean,36301
1/1/2022,W.P. Putrajaya,97,mean,39541
1/1/2022,W.P. Putrajaya,98,mean,43712
1/1/2022,W.P. Putrajaya,99,mean,53640
1/1/2022,W.P. Putrajaya,100,mean,69563
1/1/2019,Johor,1,mean,1067
1/1/2019,Johor,2,mean,1487
1/1/2019,Johor,3,mean,1772
1/1/2019,Johor,4,mean,1997
1/1/2019,Johor,5,mean,2169
1/1/2019,Johor,6,mean,2336
1/1/2019,Johor,7,mean,2479
1/1/2019,Johor,8,mean,2551
1/1/2019,Johor,9,mean,2623
1/1/2019,Johor,10,mean,2698
1/1/2019,Johor,11,mean,2774
1/1/2019,Johor,12,mean,2861
1/1/2019,Johor,13,mean,2960
1/1/2019,Johor,14,mean,3057
1/1/2019,Johor,15,mean,3145
1/1/2019,Johor,16,mean,3232
1/1/2019,Johor,17,mean,3326
1/1/2019,Johor,18,mean,3419
1/1/2019,Johor,19,mean,3521
1/1/2019,Johor,20,mean,3627
1/1/2019,Johor,21,mean,3712
1/1/2019,Johor,22,mean,3793
1/1/2019,Johor,23,mean,3871
1/1/2019,Johor,24,mean,3963
1/1/2019,Johor,25,mean,4046
1/1/2019,Johor,26,mean,4140
1/1/2019,Johor,27,mean,4230
1/1/2019,Johor,28,mean,4327
1/1/2019,Johor,29,mean,4401
1/1/2019,Johor,30,mean,4480
1/1/2019,Johor,31,mean,4574
1/1/2019,Johor,32,mean,4649
1/1/2019,Johor,33,mean,4742
1/1/2019,Johor,34,mean,4839
1/1/2019,Johor,35,mean,4924
1/1/2019,Johor,36,mean,5001
1/1/2019,Johor,37,mean,5080
1/1/2019,Johor,38,mean,5168
1/1/2019,Johor,39,mean,5266
1/1/2019,Johor,40,mean,5363
1/1/2019,Johor,41,mean,5454
1/1/2019,Johor,42,mean,5541
1/1/2019,Johor,43,mean,5635
1/1/2019,Johor,44,mean,5726
1/1/2019,Johor,45,mean,5816
1/1/2019,Johor,46,mean,5922
1/1/2019,Johor,47,mean,6029
1/1/2019,Johor,48,mean,6135
1/1/2019,Johor,49,mean,6246
1/1/2019,Johor,50,mean,6376
1/1/2019,Johor,51,mean,6496
1/1/2019,Johor,52,mean,6609
1/1/2019,Johor,53,mean,6725
1/1/2019,Johor,54,mean,6836
1/1/2019,Johor,55,mean,6944
1/1/2019,Johor,56,mean,7049
1/1/2019,Johor,57,mean,7145
1/1/2019,Johor,58,mean,7262
1/1/2019,Johor,59,mean,7368
1/1/2019,Johor,60,mean,7486
1/1/2019,Johor,61,mean,7601
1/1/2019,Johor,62,mean,7730
1/1/2019,Johor,63,mean,7852
1/1/2019,Johor,64,mean,7948
1/1/2019,Johor,65,mean,8108
1/1/2019,Johor,66,mean,8267
1/1/2019,Johor,67,mean,8400
1/1/2019,Johor,68,mean,8548
1/1/2019,Johor,69,mean,8677
1/1/2019,Johor,70,mean,8834
1/1/2019,Johor,71,mean,8998
1/1/2019,Johor,72,mean,9165
1/1/2019,Johor,73,mean,9348
1/1/2019,Johor,74,mean,9533
1/1/2019,Johor,75,mean,9706
1/1/2019,Johor,76,mean,9905
1/1/2019,Johor,77,mean,10085
1/1/2019,Johor,78,mean,10269
1/1/2019,Johor,79,mean,10499
1/1/2019,Johor,80,mean,10715
1/1/2019,Johor,81,mean,11031
1/1/2019,Johor,82,mean,11314
1/1/2019,Johor,83,mean,11609
1/1/2019,Johor,84,mean,11933
1/1/2019,Johor,85,mean,12273
1/1/2019,Johor,86,mean,12611
1/1/2019,Johor,87,mean,12983
1/1/2019,Johor,88,mean,13355
1/1/2019,Johor,89,mean,13872
1/1/2019,Johor,90,mean,14397
1/1/2019,Johor,91,mean,14952
1/1/2019,Johor,92,mean,15595
1/1/2019,Johor,93,mean,16222
1/1/2019,Johor,94,mean,16959
1/1/2019,Johor,95,mean,17955
1/1/2019,Johor,96,mean,19316
1/1/2019,Johor,97,mean,21022
1/1/2019,Johor,98,mean,23372
1/1/2019,Johor,99,mean,28757
1/1/2019,Johor,100,mean,49315
1/1/2019,Kedah,1,mean,961
1/1/2019,Kedah,2,mean,1139
1/1/2019,Kedah,3,mean,1257
1/1/2019,Kedah,4,mean,1466
1/1/2019,Kedah,5,mean,1592
1/1/2019,Kedah,6,mean,1695
1/1/2019,Kedah,7,mean,1776
1/1/2019,Kedah,8,mean,1886
1/1/2019,Kedah,9,mean,1983
1/1/2019,Kedah,10,mean,2067
1/1/2019,Kedah,11,mean,2138
1/1/2019,Kedah,12,mean,2213
1/1/2019,Kedah,13,mean,2292
1/1/2019,Kedah,14,mean,2374
1/1/2019,Kedah,15,mean,2461
1/1/2019,Kedah,16,mean,2517
1/1/2019,Kedah,17,mean,2559
1/1/2019,Kedah,18,mean,2596
1/1/2019,Kedah,19,mean,2631
1/1/2019,Kedah,20,mean,2670
1/1/2019,Kedah,21,mean,2706
1/1/2019,Kedah,22,mean,2761
1/1/2019,Kedah,23,mean,2811
1/1/2019,Kedah,24,mean,2861
1/1/2019,Kedah,25,mean,2911
1/1/2019,Kedah,26,mean,2966
1/1/2019,Kedah,27,mean,3015
1/1/2019,Kedah,28,mean,3063
1/1/2019,Kedah,29,mean,3108
1/1/2019,Kedah,30,mean,3158
1/1/2019,Kedah,31,mean,3206
1/1/2019,Kedah,32,mean,3261
1/1/2019,Kedah,33,mean,3317
1/1/2019,Kedah,34,mean,3371
1/1/2019,Kedah,35,mean,3424
1/1/2019,Kedah,36,mean,3469
1/1/2019,Kedah,37,mean,3527
1/1/2019,Kedah,38,mean,3577
1/1/2019,Kedah,39,mean,3648
1/1/2019,Kedah,40,mean,3694
1/1/2019,Kedah,41,mean,3745
1/1/2019,Kedah,42,mean,3815
1/1/2019,Kedah,43,mean,3888
1/1/2019,Kedah,44,mean,3959
1/1/2019,Kedah,45,mean,4013
1/1/2019,Kedah,46,mean,4069
1/1/2019,Kedah,47,mean,4123
1/1/2019,Kedah,48,mean,4183
1/1/2019,Kedah,49,mean,4251
1/1/2019,Kedah,50,mean,4301
1/1/2019,Kedah,51,mean,4358
1/1/2019,Kedah,52,mean,4420
1/1/2019,Kedah,53,mean,4491
1/1/2019,Kedah,54,mean,4569
1/1/2019,Kedah,55,mean,4644
1/1/2019,Kedah,56,mean,4713
1/1/2019,Kedah,57,mean,4787
1/1/2019,Kedah,58,mean,4860
1/1/2019,Kedah,59,mean,4935
1/1/2019,Kedah,60,mean,5005
1/1/2019,Kedah,61,mean,5099
1/1/2019,Kedah,62,mean,5206
1/1/2019,Kedah,63,mean,5304
1/1/2019,Kedah,64,mean,5392
1/1/2019,Kedah,65,mean,5500
1/1/2019,Kedah,66,mean,5587
1/1/2019,Kedah,67,mean,5688
1/1/2019,Kedah,68,mean,5798
1/1/2019,Kedah,69,mean,5910
1/1/2019,Kedah,70,mean,6030
1/1/2019,Kedah,71,mean,6166
1/1/2019,Kedah,72,mean,6318
1/1/2019,Kedah,73,mean,6443
1/1/2019,Kedah,74,mean,6571
1/1/2019,Kedah,75,mean,6716
1/1/2019,Kedah,76,mean,6870
1/1/2019,Kedah,77,mean,7021
1/1/2019,Kedah,78,mean,7166
1/1/2019,Kedah,79,mean,7312
1/1/2019,Kedah,80,mean,7476
1/1/2019,Kedah,81,mean,7648
1/1/2019,Kedah,82,mean,7906
1/1/2019,Kedah,83,mean,8093
1/1/2019,Kedah,84,mean,8315
1/1/2019,Kedah,85,mean,8555
1/1/2019,Kedah,86,mean,8789
1/1/2019,Kedah,87,mean,9031
1/1/2019,Kedah,88,mean,9342
1/1/2019,Kedah,89,mean,9690
1/1/2019,Kedah,90,mean,10026
1/1/2019,Kedah,91,mean,10387
1/1/2019,Kedah,92,mean,10854
1/1/2019,Kedah,93,mean,11247
1/1/2019,Kedah,94,mean,11817
1/1/2019,Kedah,95,mean,12475
1/1/2019,Kedah,96,mean,13484
1/1/2019,Kedah,97,mean,14908
1/1/2019,Kedah,98,mean,16717
1/1/2019,Kedah,99,mean,19375
1/1/2019,Kedah,100,mean,29073
1/1/2019,Kelantan,1,mean,827
1/1/2019,Kelantan,2,mean,1043
1/1/2019,Kelantan,3,mean,1156
1/1/2019,Kelantan,4,mean,1280
1/1/2019,Kelantan,5,mean,1441
1/1/2019,Kelantan,6,mean,1522
1/1/2019,Kelantan,7,mean,1593
1/1/2019,Kelantan,8,mean,1652
1/1/2019,Kelantan,9,mean,1711
1/1/2019,Kelantan,10,mean,1765
1/1/2019,Kelantan,11,mean,1817
1/1/2019,Kelantan,12,mean,1874
1/1/2019,Kelantan,13,mean,1929
1/1/2019,Kelantan,14,mean,1985
1/1/2019,Kelantan,15,mean,2036
1/1/2019,Kelantan,16,mean,2092
1/1/2019,Kelantan,17,mean,2139
1/1/2019,Kelantan,18,mean,2184
1/1/2019,Kelantan,19,mean,2231
1/1/2019,Kelantan,20,mean,2281
1/1/2019,Kelantan,21,mean,2328
1/1/2019,Kelantan,22,mean,2378
1/1/2019,Kelantan,23,mean,2427
1/1/2019,Kelantan,24,mean,2473
1/1/2019,Kelantan,25,mean,2503
1/1/2019,Kelantan,26,mean,2522
1/1/2019,Kelantan,27,mean,2544
1/1/2019,Kelantan,28,mean,2570
1/1/2019,Kelantan,29,mean,2593
1/1/2019,Kelantan,30,mean,2625
1/1/2019,Kelantan,31,mean,2658
1/1/2019,Kelantan,32,mean,2686
1/1/2019,Kelantan,33,mean,2714
1/1/2019,Kelantan,34,mean,2755
1/1/2019,Kelantan,35,mean,2799
1/1/2019,Kelantan,36,mean,2837
1/1/2019,Kelantan,37,mean,2888
1/1/2019,Kelantan,38,mean,2936
1/1/2019,Kelantan,39,mean,2979
1/1/2019,Kelantan,40,mean,3010
1/1/2019,Kelantan,41,mean,3045
1/1/2019,Kelantan,42,mean,3094
1/1/2019,Kelantan,43,mean,3142
1/1/2019,Kelantan,44,mean,3200
1/1/2019,Kelantan,45,mean,3261
1/1/2019,Kelantan,46,mean,3311
1/1/2019,Kelantan,47,mean,3362
1/1/2019,Kelantan,48,mean,3424
1/1/2019,Kelantan,49,mean,3481
1/1/2019,Kelantan,50,mean,3532
1/1/2019,Kelantan,51,mean,3596
1/1/2019,Kelantan,52,mean,3650
1/1/2019,Kelantan,53,mean,3714
1/1/2019,Kelantan,54,mean,3777
1/1/2019,Kelantan,55,mean,3836
1/1/2019,Kelantan,56,mean,3904
1/1/2019,Kelantan,57,mean,3967
1/1/2019,Kelantan,58,mean,4046
1/1/2019,Kelantan,59,mean,4111
1/1/2019,Kelantan,60,mean,4197
1/1/2019,Kelantan,61,mean,4281
1/1/2019,Kelantan,62,mean,4377
1/1/2019,Kelantan,63,mean,4458
1/1/2019,Kelantan,64,mean,4556
1/1/2019,Kelantan,65,mean,4635
1/1/2019,Kelantan,66,mean,4723
1/1/2019,Kelantan,67,mean,4829
1/1/2019,Kelantan,68,mean,4937
1/1/2019,Kelantan,69,mean,5011
1/1/2019,Kelantan,70,mean,5119
1/1/2019,Kelantan,71,mean,5240
1/1/2019,Kelantan,72,mean,5361
1/1/2019,Kelantan,73,mean,5496
1/1/2019,Kelantan,74,mean,5635
1/1/2019,Kelantan,75,mean,5770
1/1/2019,Kelantan,76,mean,5902
1/1/2019,Kelantan,77,mean,6039
1/1/2019,Kelantan,78,mean,6200
1/1/2019,Kelantan,79,mean,6379
1/1/2019,Kelantan,80,mean,6552
1/1/2019,Kelantan,81,mean,6702
1/1/2019,Kelantan,82,mean,6910
1/1/2019,Kelantan,83,mean,7184
1/1/2019,Kelantan,84,mean,7457
1/1/2019,Kelantan,85,mean,7701
1/1/2019,Kelantan,86,mean,7972
1/1/2019,Kelantan,87,mean,8234
1/1/2019,Kelantan,88,mean,8494
1/1/2019,Kelantan,89,mean,8842
1/1/2019,Kelantan,90,mean,9245
1/1/2019,Kelantan,91,mean,9760
1/1/2019,Kelantan,92,mean,10340
1/1/2019,Kelantan,93,mean,11069
1/1/2019,Kelantan,94,mean,11724
1/1/2019,Kelantan,95,mean,12572
1/1/2019,Kelantan,96,mean,13359
1/1/2019,Kelantan,97,mean,14371
1/1/2019,Kelantan,98,mean,15701
1/1/2019,Kelantan,99,mean,17968
1/1/2019,Kelantan,100,mean,27293
1/1/2019,Melaka,1,mean,1006
1/1/2019,Melaka,2,mean,1433
1/1/2019,Melaka,3,mean,1700
1/1/2019,Melaka,4,mean,1877
1/1/2019,Melaka,5,mean,2033
1/1/2019,Melaka,6,mean,2153
1/1/2019,Melaka,7,mean,2323
1/1/2019,Melaka,8,mean,2466
1/1/2019,Melaka,9,mean,2544
1/1/2019,Melaka,10,mean,2589
1/1/2019,Melaka,11,mean,2641
1/1/2019,Melaka,12,mean,2684
1/1/2019,Melaka,13,mean,2744
1/1/2019,Melaka,14,mean,2809
1/1/2019,Melaka,15,mean,2880
1/1/2019,Melaka,16,mean,2940
1/1/2019,Melaka,17,mean,2993
1/1/2019,Melaka,18,mean,3086
1/1/2019,Melaka,19,mean,3177
1/1/2019,Melaka,20,mean,3268
1/1/2019,Melaka,21,mean,3346
1/1/2019,Melaka,22,mean,3423
1/1/2019,Melaka,23,mean,3509
1/1/2019,Melaka,24,mean,3586
1/1/2019,Melaka,25,mean,3679
1/1/2019,Melaka,26,mean,3767
1/1/2019,Melaka,27,mean,3861
1/1/2019,Melaka,28,mean,3969
1/1/2019,Melaka,29,mean,4069
1/1/2019,Melaka,30,mean,4152
1/1/2019,Melaka,31,mean,4224
1/1/2019,Melaka,32,mean,4307
1/1/2019,Melaka,33,mean,4402
1/1/2019,Melaka,34,mean,4526
1/1/2019,Melaka,35,mean,4613
1/1/2019,Melaka,36,mean,4699
1/1/2019,Melaka,37,mean,4780
1/1/2019,Melaka,38,mean,4857
1/1/2019,Melaka,39,mean,4954
1/1/2019,Melaka,40,mean,5066
1/1/2019,Melaka,41,mean,5173
1/1/2019,Melaka,42,mean,5265
1/1/2019,Melaka,43,mean,5353
1/1/2019,Melaka,44,mean,5514
1/1/2019,Melaka,45,mean,5621
1/1/2019,Melaka,46,mean,5702
1/1/2019,Melaka,47,mean,5814
1/1/2019,Melaka,48,mean,5887
1/1/2019,Melaka,49,mean,5951
1/1/2019,Melaka,50,mean,6025
1/1/2019,Melaka,51,mean,6107
1/1/2019,Melaka,52,mean,6200
1/1/2019,Melaka,53,mean,6316
1/1/2019,Melaka,54,mean,6416
1/1/2019,Melaka,55,mean,6497
1/1/2019,Melaka,56,mean,6592
1/1/2019,Melaka,57,mean,6672
1/1/2019,Melaka,58,mean,6758
1/1/2019,Melaka,59,mean,6846
1/1/2019,Melaka,60,mean,6963
1/1/2019,Melaka,61,mean,7065
1/1/2019,Melaka,62,mean,7215
1/1/2019,Melaka,63,mean,7313
1/1/2019,Melaka,64,mean,7410
1/1/2019,Melaka,65,mean,7532
1/1/2019,Melaka,66,mean,7665
1/1/2019,Melaka,67,mean,7816
1/1/2019,Melaka,68,mean,7963
1/1/2019,Melaka,69,mean,8120
1/1/2019,Melaka,70,mean,8272
1/1/2019,Melaka,71,mean,8446
1/1/2019,Melaka,72,mean,8663
1/1/2019,Melaka,73,mean,8872
1/1/2019,Melaka,74,mean,9136
1/1/2019,Melaka,75,mean,9371
1/1/2019,Melaka,76,mean,9583
1/1/2019,Melaka,77,mean,9786
1/1/2019,Melaka,78,mean,10128
1/1/2019,Melaka,79,mean,10373
1/1/2019,Melaka,80,mean,10605
1/1/2019,Melaka,81,mean,10839
1/1/2019,Melaka,82,mean,11103
1/1/2019,Melaka,83,mean,11492
1/1/2019,Melaka,84,mean,11800
1/1/2019,Melaka,85,mean,12118
1/1/2019,Melaka,86,mean,12513
1/1/2019,Melaka,87,mean,12908
1/1/2019,Melaka,88,mean,13251
1/1/2019,Melaka,89,mean,13681
1/1/2019,Melaka,90,mean,14135
1/1/2019,Melaka,91,mean,14714
1/1/2019,Melaka,92,mean,15319
1/1/2019,Melaka,93,mean,15835
1/1/2019,Melaka,94,mean,16365
1/1/2019,Melaka,95,mean,17179
1/1/2019,Melaka,96,mean,18393
1/1/2019,Melaka,97,mean,20589
1/1/2019,Melaka,98,mean,23625
1/1/2019,Melaka,99,mean,29639
1/1/2019,Melaka,100,mean,53513
1/1/2019,Negeri Sembilan,1,mean,948
1/1/2019,Negeri Sembilan,2,mean,1378
1/1/2019,Negeri Sembilan,3,mean,1564
1/1/2019,Negeri Sembilan,4,mean,1752
1/1/2019,Negeri Sembilan,5,mean,1872
1/1/2019,Negeri Sembilan,6,mean,1983
1/1/2019,Negeri Sembilan,7,mean,2113
1/1/2019,Negeri Sembilan,8,mean,2241
1/1/2019,Negeri Sembilan,9,mean,2318
1/1/2019,Negeri Sembilan,10,mean,2378
1/1/2019,Negeri Sembilan,11,mean,2429
1/1/2019,Negeri Sembilan,12,mean,2496
1/1/2019,Negeri Sembilan,13,mean,2532
1/1/2019,Negeri Sembilan,14,mean,2562
1/1/2019,Negeri Sembilan,15,mean,2590
1/1/2019,Negeri Sembilan,16,mean,2631
1/1/2019,Negeri Sembilan,17,mean,2665
1/1/2019,Negeri Sembilan,18,mean,2696
1/1/2019,Negeri Sembilan,19,mean,2733
1/1/2019,Negeri Sembilan,20,mean,2774
1/1/2019,Negeri Sembilan,21,mean,2825
1/1/2019,Negeri Sembilan,22,mean,2874
1/1/2019,Negeri Sembilan,23,mean,2929
1/1/2019,Negeri Sembilan,24,mean,2977
1/1/2019,Negeri Sembilan,25,mean,3038
1/1/2019,Negeri Sembilan,26,mean,3096
1/1/2019,Negeri Sembilan,27,mean,3162
1/1/2019,Negeri Sembilan,28,mean,3239
1/1/2019,Negeri Sembilan,29,mean,3318
1/1/2019,Negeri Sembilan,30,mean,3390
1/1/2019,Negeri Sembilan,31,mean,3460
1/1/2019,Negeri Sembilan,32,mean,3530
1/1/2019,Negeri Sembilan,33,mean,3626
1/1/2019,Negeri Sembilan,34,mean,3702
1/1/2019,Negeri Sembilan,35,mean,3787
1/1/2019,Negeri Sembilan,36,mean,3878
1/1/2019,Negeri Sembilan,37,mean,3949
1/1/2019,Negeri Sembilan,38,mean,4034
1/1/2019,Negeri Sembilan,39,mean,4105
1/1/2019,Negeri Sembilan,40,mean,4179
1/1/2019,Negeri Sembilan,41,mean,4256
1/1/2019,Negeri Sembilan,42,mean,4322
1/1/2019,Negeri Sembilan,43,mean,4396
1/1/2019,Negeri Sembilan,44,mean,4504
1/1/2019,Negeri Sembilan,45,mean,4581
1/1/2019,Negeri Sembilan,46,mean,4675
1/1/2019,Negeri Sembilan,47,mean,4767
1/1/2019,Negeri Sembilan,48,mean,4879
1/1/2019,Negeri Sembilan,49,mean,4939
1/1/2019,Negeri Sembilan,50,mean,4979
1/1/2019,Negeri Sembilan,51,mean,5024
1/1/2019,Negeri Sembilan,52,mean,5081
1/1/2019,Negeri Sembilan,53,mean,5152
1/1/2019,Negeri Sembilan,54,mean,5218
1/1/2019,Negeri Sembilan,55,mean,5306
1/1/2019,Negeri Sembilan,56,mean,5429
1/1/2019,Negeri Sembilan,57,mean,5510
1/1/2019,Negeri Sembilan,58,mean,5595
1/1/2019,Negeri Sembilan,59,mean,5677
1/1/2019,Negeri Sembilan,60,mean,5784
1/1/2019,Negeri Sembilan,61,mean,5951
1/1/2019,Negeri Sembilan,62,mean,6095
1/1/2019,Negeri Sembilan,63,mean,6242
1/1/2019,Negeri Sembilan,64,mean,6340
1/1/2019,Negeri Sembilan,65,mean,6473
1/1/2019,Negeri Sembilan,66,mean,6579
1/1/2019,Negeri Sembilan,67,mean,6708
1/1/2019,Negeri Sembilan,68,mean,6854
1/1/2019,Negeri Sembilan,69,mean,6995
1/1/2019,Negeri Sembilan,70,mean,7137
1/1/2019,Negeri Sembilan,71,mean,7263
1/1/2019,Negeri Sembilan,72,mean,7441
1/1/2019,Negeri Sembilan,73,mean,7597
1/1/2019,Negeri Sembilan,74,mean,7791
1/1/2019,Negeri Sembilan,75,mean,7959
1/1/2019,Negeri Sembilan,76,mean,8108
1/1/2019,Negeri Sembilan,77,mean,8358
1/1/2019,Negeri Sembilan,78,mean,8607
1/1/2019,Negeri Sembilan,79,mean,8847
1/1/2019,Negeri Sembilan,80,mean,9160
1/1/2019,Negeri Sembilan,81,mean,9445
1/1/2019,Negeri Sembilan,82,mean,9746
1/1/2019,Negeri Sembilan,83,mean,10052
1/1/2019,Negeri Sembilan,84,mean,10433
1/1/2019,Negeri Sembilan,85,mean,10732
1/1/2019,Negeri Sembilan,86,mean,11051
1/1/2019,Negeri Sembilan,87,mean,11503
1/1/2019,Negeri Sembilan,88,mean,11934
1/1/2019,Negeri Sembilan,89,mean,12404
1/1/2019,Negeri Sembilan,90,mean,12943
1/1/2019,Negeri Sembilan,91,mean,13563
1/1/2019,Negeri Sembilan,92,mean,14160
1/1/2019,Negeri Sembilan,93,mean,15247
1/1/2019,Negeri Sembilan,94,mean,16262
1/1/2019,Negeri Sembilan,95,mean,17425
1/1/2019,Negeri Sembilan,96,mean,18873
1/1/2019,Negeri Sembilan,97,mean,20226
1/1/2019,Negeri Sembilan,98,mean,22671
1/1/2019,Negeri Sembilan,99,mean,26462
1/1/2019,Negeri Sembilan,100,mean,36069
1/1/2019,Pahang,1,mean,960
1/1/2019,Pahang,2,mean,1395
1/1/2019,Pahang,3,mean,1686
1/1/2019,Pahang,4,mean,1866
1/1/2019,Pahang,5,mean,2022
1/1/2019,Pahang,6,mean,2158
1/1/2019,Pahang,7,mean,2280
1/1/2019,Pahang,8,mean,2395
1/1/2019,Pahang,9,mean,2479
1/1/2019,Pahang,10,mean,2530
1/1/2019,Pahang,11,mean,2572
1/1/2019,Pahang,12,mean,2617
1/1/2019,Pahang,13,mean,2655
1/1/2019,Pahang,14,mean,2698
1/1/2019,Pahang,15,mean,2737
1/1/2019,Pahang,16,mean,2791
1/1/2019,Pahang,17,mean,2838
1/1/2019,Pahang,18,mean,2894
1/1/2019,Pahang,19,mean,2942
1/1/2019,Pahang,20,mean,2994
1/1/2019,Pahang,21,mean,3040
1/1/2019,Pahang,22,mean,3088
1/1/2019,Pahang,23,mean,3129
1/1/2019,Pahang,24,mean,3163
1/1/2019,Pahang,25,mean,3203
1/1/2019,Pahang,26,mean,3242
1/1/2019,Pahang,27,mean,3289
1/1/2019,Pahang,28,mean,3344
1/1/2019,Pahang,29,mean,3384
1/1/2019,Pahang,30,mean,3427
1/1/2019,Pahang,31,mean,3471
1/1/2019,Pahang,32,mean,3509
1/1/2019,Pahang,33,mean,3545
1/1/2019,Pahang,34,mean,3579
1/1/2019,Pahang,35,mean,3621
1/1/2019,Pahang,36,mean,3677
1/1/2019,Pahang,37,mean,3726
1/1/2019,Pahang,38,mean,3775
1/1/2019,Pahang,39,mean,3829
1/1/2019,Pahang,40,mean,3883
1/1/2019,Pahang,41,mean,3928
1/1/2019,Pahang,42,mean,3973
1/1/2019,Pahang,43,mean,4041
1/1/2019,Pahang,44,mean,4091
1/1/2019,Pahang,45,mean,4139
1/1/2019,Pahang,46,mean,4188
1/1/2019,Pahang,47,mean,4244
1/1/2019,Pahang,48,mean,4301
1/1/2019,Pahang,49,mean,4357
1/1/2019,Pahang,50,mean,4407
1/1/2019,Pahang,51,mean,4464
1/1/2019,Pahang,52,mean,4509
1/1/2019,Pahang,53,mean,4568
1/1/2019,Pahang,54,mean,4634
1/1/2019,Pahang,55,mean,4697
1/1/2019,Pahang,56,mean,4769
1/1/2019,Pahang,57,mean,4833
1/1/2019,Pahang,58,mean,4920
1/1/2019,Pahang,59,mean,5009
1/1/2019,Pahang,60,mean,5097
1/1/2019,Pahang,61,mean,5174
1/1/2019,Pahang,62,mean,5268
1/1/2019,Pahang,63,mean,5364
1/1/2019,Pahang,64,mean,5447
1/1/2019,Pahang,65,mean,5540
1/1/2019,Pahang,66,mean,5635
1/1/2019,Pahang,67,mean,5731
1/1/2019,Pahang,68,mean,5849
1/1/2019,Pahang,69,mean,5952
1/1/2019,Pahang,70,mean,6079
1/1/2019,Pahang,71,mean,6185
1/1/2019,Pahang,72,mean,6305
1/1/2019,Pahang,73,mean,6423
1/1/2019,Pahang,74,mean,6550
1/1/2019,Pahang,75,mean,6694
1/1/2019,Pahang,76,mean,6847
1/1/2019,Pahang,77,mean,6977
1/1/2019,Pahang,78,mean,7137
1/1/2019,Pahang,79,mean,7340
1/1/2019,Pahang,80,mean,7490
1/1/2019,Pahang,81,mean,7683
1/1/2019,Pahang,82,mean,7860
1/1/2019,Pahang,83,mean,8048
1/1/2019,Pahang,84,mean,8268
1/1/2019,Pahang,85,mean,8522
1/1/2019,Pahang,86,mean,8852
1/1/2019,Pahang,87,mean,9183
1/1/2019,Pahang,88,mean,9512
1/1/2019,Pahang,89,mean,9829
1/1/2019,Pahang,90,mean,10218
1/1/2019,Pahang,91,mean,10678
1/1/2019,Pahang,92,mean,11196
1/1/2019,Pahang,93,mean,11564
1/1/2019,Pahang,94,mean,12142
1/1/2019,Pahang,95,mean,12806
1/1/2019,Pahang,96,mean,13764
1/1/2019,Pahang,97,mean,15109
1/1/2019,Pahang,98,mean,16545
1/1/2019,Pahang,99,mean,19274
1/1/2019,Pahang,100,mean,26348
1/1/2019,Perak,1,mean,788
1/1/2019,Perak,2,mean,1094
1/1/2019,Perak,3,mean,1231
1/1/2019,Perak,4,mean,1480
1/1/2019,Perak,5,mean,1599
1/1/2019,Perak,6,mean,1704
1/1/2019,Perak,7,mean,1791
1/1/2019,Perak,8,mean,1863
1/1/2019,Perak,9,mean,1942
1/1/2019,Perak,10,mean,2011
1/1/2019,Perak,11,mean,2084
1/1/2019,Perak,12,mean,2154
1/1/2019,Perak,13,mean,2229
1/1/2019,Perak,14,mean,2318
1/1/2019,Perak,15,mean,2375
1/1/2019,Perak,16,mean,2443
1/1/2019,Perak,17,mean,2502
1/1/2019,Perak,18,mean,2534
1/1/2019,Perak,19,mean,2563
1/1/2019,Perak,20,mean,2596
1/1/2019,Perak,21,mean,2634
1/1/2019,Perak,22,mean,2669
1/1/2019,Perak,23,mean,2705
1/1/2019,Perak,24,mean,2752
1/1/2019,Perak,25,mean,2798
1/1/2019,Perak,26,mean,2848
1/1/2019,Perak,27,mean,2895
1/1/2019,Perak,28,mean,2939
1/1/2019,Perak,29,mean,2981
1/1/2019,Perak,30,mean,3023
1/1/2019,Perak,31,mean,3083
1/1/2019,Perak,32,mean,3155
1/1/2019,Perak,33,mean,3210
1/1/2019,Perak,34,mean,3268
1/1/2019,Perak,35,mean,3318
1/1/2019,Perak,36,mean,3383
1/1/2019,Perak,37,mean,3450
1/1/2019,Perak,38,mean,3516
1/1/2019,Perak,39,mean,3573
1/1/2019,Perak,40,mean,3628
1/1/2019,Perak,41,mean,3688
1/1/2019,Perak,42,mean,3747
1/1/2019,Perak,43,mean,3811
1/1/2019,Perak,44,mean,3877
1/1/2019,Perak,45,mean,3933
1/1/2019,Perak,46,mean,3998
1/1/2019,Perak,47,mean,4062
1/1/2019,Perak,48,mean,4119
1/1/2019,Perak,49,mean,4173
1/1/2019,Perak,50,mean,4243
1/1/2019,Perak,51,mean,4310
1/1/2019,Perak,52,mean,4377
1/1/2019,Perak,53,mean,4447
1/1/2019,Perak,54,mean,4522
1/1/2019,Perak,55,mean,4607
1/1/2019,Perak,56,mean,4670
1/1/2019,Perak,57,mean,4746
1/1/2019,Perak,58,mean,4821
1/1/2019,Perak,59,mean,4906
1/1/2019,Perak,60,mean,4996
1/1/2019,Perak,61,mean,5081
1/1/2019,Perak,62,mean,5163
1/1/2019,Perak,63,mean,5261
1/1/2019,Perak,64,mean,5355
1/1/2019,Perak,65,mean,5484
1/1/2019,Perak,66,mean,5598
1/1/2019,Perak,67,mean,5748
1/1/2019,Perak,68,mean,5856
1/1/2019,Perak,69,mean,5960
1/1/2019,Perak,70,mean,6042
1/1/2019,Perak,71,mean,6152
1/1/2019,Perak,72,mean,6268
1/1/2019,Perak,73,mean,6383
1/1/2019,Perak,74,mean,6516
1/1/2019,Perak,75,mean,6660
1/1/2019,Perak,76,mean,6795
1/1/2019,Perak,77,mean,6934
1/1/2019,Perak,78,mean,7134
1/1/2019,Perak,79,mean,7336
1/1/2019,Perak,80,mean,7537
1/1/2019,Perak,81,mean,7744
1/1/2019,Perak,82,mean,7915
1/1/2019,Perak,83,mean,8109
1/1/2019,Perak,84,mean,8376
1/1/2019,Perak,85,mean,8629
1/1/2019,Perak,86,mean,8881
1/1/2019,Perak,87,mean,9146
1/1/2019,Perak,88,mean,9425
1/1/2019,Perak,89,mean,9771
1/1/2019,Perak,90,mean,10154
1/1/2019,Perak,91,mean,10493
1/1/2019,Perak,92,mean,10986
1/1/2019,Perak,93,mean,11597
1/1/2019,Perak,94,mean,12257
1/1/2019,Perak,95,mean,13223
1/1/2019,Perak,96,mean,14158
1/1/2019,Perak,97,mean,15155
1/1/2019,Perak,98,mean,16721
1/1/2019,Perak,99,mean,20057
1/1/2019,Perak,100,mean,41685
1/1/2019,Perlis,1,mean,740
1/1/2019,Perlis,2,mean,988
1/1/2019,Perlis,3,mean,1142
1/1/2019,Perlis,4,mean,1454
1/1/2019,Perlis,5,mean,1581
1/1/2019,Perlis,6,mean,1687
1/1/2019,Perlis,7,mean,1806
1/1/2019,Perlis,8,mean,1944
1/1/2019,Perlis,9,mean,2042
1/1/2019,Perlis,10,mean,2125
1/1/2019,Perlis,11,mean,2187
1/1/2019,Perlis,12,mean,2255
1/1/2019,Perlis,13,mean,2336
1/1/2019,Perlis,14,mean,2430
1/1/2019,Perlis,15,mean,2479
1/1/2019,Perlis,16,mean,2507
1/1/2019,Perlis,17,mean,2538
1/1/2019,Perlis,18,mean,2575
1/1/2019,Perlis,19,mean,2606
1/1/2019,Perlis,20,mean,2643
1/1/2019,Perlis,21,mean,2682
1/1/2019,Perlis,22,mean,2712
1/1/2019,Perlis,23,mean,2758
1/1/2019,Perlis,24,mean,2811
1/1/2019,Perlis,25,mean,2861
1/1/2019,Perlis,26,mean,2929
1/1/2019,Perlis,27,mean,2996
1/1/2019,Perlis,28,mean,3036
1/1/2019,Perlis,29,mean,3107
1/1/2019,Perlis,30,mean,3194
1/1/2019,Perlis,31,mean,3270
1/1/2019,Perlis,32,mean,3328
1/1/2019,Perlis,33,mean,3395
1/1/2019,Perlis,34,mean,3463
1/1/2019,Perlis,35,mean,3524
1/1/2019,Perlis,36,mean,3589
1/1/2019,Perlis,37,mean,3649
1/1/2019,Perlis,38,mean,3726
1/1/2019,Perlis,39,mean,3795
1/1/2019,Perlis,40,mean,3853
1/1/2019,Perlis,41,mean,3894
1/1/2019,Perlis,42,mean,3953
1/1/2019,Perlis,43,mean,4015
1/1/2019,Perlis,44,mean,4087
1/1/2019,Perlis,45,mean,4174
1/1/2019,Perlis,46,mean,4254
1/1/2019,Perlis,47,mean,4297
1/1/2019,Perlis,48,mean,4378
1/1/2019,Perlis,49,mean,4474
1/1/2019,Perlis,50,mean,4546
1/1/2019,Perlis,51,mean,4619
1/1/2019,Perlis,52,mean,4678
1/1/2019,Perlis,53,mean,4736
1/1/2019,Perlis,54,mean,4829
1/1/2019,Perlis,55,mean,4931
1/1/2019,Perlis,56,mean,4992
1/1/2019,Perlis,57,mean,5032
1/1/2019,Perlis,58,mean,5086
1/1/2019,Perlis,59,mean,5193
1/1/2019,Perlis,60,mean,5317
1/1/2019,Perlis,61,mean,5402
1/1/2019,Perlis,62,mean,5518
1/1/2019,Perlis,63,mean,5612
1/1/2019,Perlis,64,mean,5711
1/1/2019,Perlis,65,mean,5827
1/1/2019,Perlis,66,mean,5940
1/1/2019,Perlis,67,mean,6050
1/1/2019,Perlis,68,mean,6135
1/1/2019,Perlis,69,mean,6259
1/1/2019,Perlis,70,mean,6404
1/1/2019,Perlis,71,mean,6494
1/1/2019,Perlis,72,mean,6635
1/1/2019,Perlis,73,mean,6789
1/1/2019,Perlis,74,mean,6892
1/1/2019,Perlis,75,mean,7043
1/1/2019,Perlis,76,mean,7169
1/1/2019,Perlis,77,mean,7327
1/1/2019,Perlis,78,mean,7440
1/1/2019,Perlis,79,mean,7605
1/1/2019,Perlis,80,mean,7790
1/1/2019,Perlis,81,mean,7997
1/1/2019,Perlis,82,mean,8199
1/1/2019,Perlis,83,mean,8371
1/1/2019,Perlis,84,mean,8522
1/1/2019,Perlis,85,mean,8673
1/1/2019,Perlis,86,mean,8839
1/1/2019,Perlis,87,mean,9004
1/1/2019,Perlis,88,mean,9191
1/1/2019,Perlis,89,mean,9444
1/1/2019,Perlis,90,mean,9707
1/1/2019,Perlis,91,mean,10085
1/1/2019,Perlis,92,mean,10472
1/1/2019,Perlis,93,mean,10977
1/1/2019,Perlis,94,mean,11424
1/1/2019,Perlis,95,mean,11831
1/1/2019,Perlis,96,mean,12362
1/1/2019,Perlis,97,mean,13226
1/1/2019,Perlis,98,mean,14342
1/1/2019,Perlis,99,mean,16038
1/1/2019,Perlis,100,mean,23218
1/1/2019,Pulau Pinang,1,mean,1110
1/1/2019,Pulau Pinang,2,mean,1612
1/1/2019,Pulau Pinang,3,mean,1889
1/1/2019,Pulau Pinang,4,mean,2104
1/1/2019,Pulau Pinang,5,mean,2265
1/1/2019,Pulau Pinang,6,mean,2425
1/1/2019,Pulau Pinang,7,mean,2529
1/1/2019,Pulau Pinang,8,mean,2595
1/1/2019,Pulau Pinang,9,mean,2649
1/1/2019,Pulau Pinang,10,mean,2718
1/1/2019,Pulau Pinang,11,mean,2812
1/1/2019,Pulau Pinang,12,mean,2926
1/1/2019,Pulau Pinang,13,mean,3030
1/1/2019,Pulau Pinang,14,mean,3112
1/1/2019,Pulau Pinang,15,mean,3196
1/1/2019,Pulau Pinang,16,mean,3274
1/1/2019,Pulau Pinang,17,mean,3354
1/1/2019,Pulau Pinang,18,mean,3427
1/1/2019,Pulau Pinang,19,mean,3509
1/1/2019,Pulau Pinang,20,mean,3588
1/1/2019,Pulau Pinang,21,mean,3677
1/1/2019,Pulau Pinang,22,mean,3769
1/1/2019,Pulau Pinang,23,mean,3870
1/1/2019,Pulau Pinang,24,mean,3959
1/1/2019,Pulau Pinang,25,mean,4028
1/1/2019,Pulau Pinang,26,mean,4092
1/1/2019,Pulau Pinang,27,mean,4162
1/1/2019,Pulau Pinang,28,mean,4241
1/1/2019,Pulau Pinang,29,mean,4328
1/1/2019,Pulau Pinang,30,mean,4420
1/1/2019,Pulau Pinang,31,mean,4505
1/1/2019,Pulau Pinang,32,mean,4581
1/1/2019,Pulau Pinang,33,mean,4684
1/1/2019,Pulau Pinang,34,mean,4754
1/1/2019,Pulau Pinang,35,mean,4849
1/1/2019,Pulau Pinang,36,mean,4939
1/1/2019,Pulau Pinang,37,mean,5025
1/1/2019,Pulau Pinang,38,mean,5097
1/1/2019,Pulau Pinang,39,mean,5187
1/1/2019,Pulau Pinang,40,mean,5272
1/1/2019,Pulau Pinang,41,mean,5351
1/1/2019,Pulau Pinang,42,mean,5430
1/1/2019,Pulau Pinang,43,mean,5500
1/1/2019,Pulau Pinang,44,mean,5581
1/1/2019,Pulau Pinang,45,mean,5663
1/1/2019,Pulau Pinang,46,mean,5749
1/1/2019,Pulau Pinang,47,mean,5848
1/1/2019,Pulau Pinang,48,mean,5933
1/1/2019,Pulau Pinang,49,mean,6033
1/1/2019,Pulau Pinang,50,mean,6126
1/1/2019,Pulau Pinang,51,mean,6221
1/1/2019,Pulau Pinang,52,mean,6332
1/1/2019,Pulau Pinang,53,mean,6432
1/1/2019,Pulau Pinang,54,mean,6558
1/1/2019,Pulau Pinang,55,mean,6673
1/1/2019,Pulau Pinang,56,mean,6772
1/1/2019,Pulau Pinang,57,mean,6878
1/1/2019,Pulau Pinang,58,mean,7000
1/1/2019,Pulau Pinang,59,mean,7109
1/1/2019,Pulau Pinang,60,mean,7213
1/1/2019,Pulau Pinang,61,mean,7304
1/1/2019,Pulau Pinang,62,mean,7447
1/1/2019,Pulau Pinang,63,mean,7567
1/1/2019,Pulau Pinang,64,mean,7673
1/1/2019,Pulau Pinang,65,mean,7778
1/1/2019,Pulau Pinang,66,mean,7932
1/1/2019,Pulau Pinang,67,mean,8078
1/1/2019,Pulau Pinang,68,mean,8203
1/1/2019,Pulau Pinang,69,mean,8327
1/1/2019,Pulau Pinang,70,mean,8484
1/1/2019,Pulau Pinang,71,mean,8653
1/1/2019,Pulau Pinang,72,mean,8814
1/1/2019,Pulau Pinang,73,mean,8982
1/1/2019,Pulau Pinang,74,mean,9161
1/1/2019,Pulau Pinang,75,mean,9409
1/1/2019,Pulau Pinang,76,mean,9669
1/1/2019,Pulau Pinang,77,mean,9917
1/1/2019,Pulau Pinang,78,mean,10161
1/1/2019,Pulau Pinang,79,mean,10337
1/1/2019,Pulau Pinang,80,mean,10571
1/1/2019,Pulau Pinang,81,mean,10791
1/1/2019,Pulau Pinang,82,mean,11045
1/1/2019,Pulau Pinang,83,mean,11273
1/1/2019,Pulau Pinang,84,mean,11524
1/1/2019,Pulau Pinang,85,mean,11840
1/1/2019,Pulau Pinang,86,mean,12127
1/1/2019,Pulau Pinang,87,mean,12423
1/1/2019,Pulau Pinang,88,mean,12843
1/1/2019,Pulau Pinang,89,mean,13314
1/1/2019,Pulau Pinang,90,mean,13743
1/1/2019,Pulau Pinang,91,mean,14297
1/1/2019,Pulau Pinang,92,mean,14810
1/1/2019,Pulau Pinang,93,mean,15505
1/1/2019,Pulau Pinang,94,mean,16139
1/1/2019,Pulau Pinang,95,mean,16967
1/1/2019,Pulau Pinang,96,mean,18291
1/1/2019,Pulau Pinang,97,mean,20080
1/1/2019,Pulau Pinang,98,mean,22355
1/1/2019,Pulau Pinang,99,mean,27894
1/1/2019,Pulau Pinang,100,mean,48206
1/1/2019,Sabah,1,mean,835
1/1/2019,Sabah,2,mean,1059
1/1/2019,Sabah,3,mean,1167
1/1/2019,Sabah,4,mean,1309
1/1/2019,Sabah,5,mean,1460
1/1/2019,Sabah,6,mean,1554
1/1/2019,Sabah,7,mean,1623
1/1/2019,Sabah,8,mean,1682
1/1/2019,Sabah,9,mean,1742
1/1/2019,Sabah,10,mean,1806
1/1/2019,Sabah,11,mean,1865
1/1/2019,Sabah,12,mean,1937
1/1/2019,Sabah,13,mean,1999
1/1/2019,Sabah,14,mean,2058
1/1/2019,Sabah,15,mean,2108
1/1/2019,Sabah,16,mean,2164
1/1/2019,Sabah,17,mean,2227
1/1/2019,Sabah,18,mean,2296
1/1/2019,Sabah,19,mean,2360
1/1/2019,Sabah,20,mean,2416
1/1/2019,Sabah,21,mean,2469
1/1/2019,Sabah,22,mean,2511
1/1/2019,Sabah,23,mean,2544
1/1/2019,Sabah,24,mean,2572
1/1/2019,Sabah,25,mean,2602
1/1/2019,Sabah,26,mean,2642
1/1/2019,Sabah,27,mean,2679
1/1/2019,Sabah,28,mean,2721
1/1/2019,Sabah,29,mean,2775
1/1/2019,Sabah,30,mean,2832
1/1/2019,Sabah,31,mean,2895
1/1/2019,Sabah,32,mean,2957
1/1/2019,Sabah,33,mean,3016
1/1/2019,Sabah,34,mean,3078
1/1/2019,Sabah,35,mean,3138
1/1/2019,Sabah,36,mean,3196
1/1/2019,Sabah,37,mean,3263
1/1/2019,Sabah,38,mean,3328
1/1/2019,Sabah,39,mean,3388
1/1/2019,Sabah,40,mean,3454
1/1/2019,Sabah,41,mean,3528
1/1/2019,Sabah,42,mean,3600
1/1/2019,Sabah,43,mean,3679
1/1/2019,Sabah,44,mean,3756
1/1/2019,Sabah,45,mean,3827
1/1/2019,Sabah,46,mean,3897
1/1/2019,Sabah,47,mean,3977
1/1/2019,Sabah,48,mean,4051
1/1/2019,Sabah,49,mean,4112
1/1/2019,Sabah,50,mean,4187
1/1/2019,Sabah,51,mean,4279
1/1/2019,Sabah,52,mean,4367
1/1/2019,Sabah,53,mean,4450
1/1/2019,Sabah,54,mean,4527
1/1/2019,Sabah,55,mean,4621
1/1/2019,Sabah,56,mean,4719
1/1/2019,Sabah,57,mean,4816
1/1/2019,Sabah,58,mean,4926
1/1/2019,Sabah,59,mean,5023
1/1/2019,Sabah,60,mean,5129
1/1/2019,Sabah,61,mean,5230
1/1/2019,Sabah,62,mean,5340
1/1/2019,Sabah,63,mean,5457
1/1/2019,Sabah,64,mean,5565
1/1/2019,Sabah,65,mean,5688
1/1/2019,Sabah,66,mean,5822
1/1/2019,Sabah,67,mean,5935
1/1/2019,Sabah,68,mean,6049
1/1/2019,Sabah,69,mean,6185
1/1/2019,Sabah,70,mean,6300
1/1/2019,Sabah,71,mean,6435
1/1/2019,Sabah,72,mean,6577
1/1/2019,Sabah,73,mean,6735
1/1/2019,Sabah,74,mean,6914
1/1/2019,Sabah,75,mean,7083
1/1/2019,Sabah,76,mean,7264
1/1/2019,Sabah,77,mean,7441
1/1/2019,Sabah,78,mean,7656
1/1/2019,Sabah,79,mean,7879
1/1/2019,Sabah,80,mean,8107
1/1/2019,Sabah,81,mean,8304
1/1/2019,Sabah,82,mean,8528
1/1/2019,Sabah,83,mean,8787
1/1/2019,Sabah,84,mean,9098
1/1/2019,Sabah,85,mean,9409
1/1/2019,Sabah,86,mean,9726
1/1/2019,Sabah,87,mean,10052
1/1/2019,Sabah,88,mean,10419
1/1/2019,Sabah,89,mean,10841
1/1/2019,Sabah,90,mean,11251
1/1/2019,Sabah,91,mean,11679
1/1/2019,Sabah,92,mean,12159
1/1/2019,Sabah,93,mean,12693
1/1/2019,Sabah,94,mean,13371
1/1/2019,Sabah,95,mean,14189
1/1/2019,Sabah,96,mean,15306
1/1/2019,Sabah,97,mean,16532
1/1/2019,Sabah,98,mean,18383
1/1/2019,Sabah,99,mean,21323
1/1/2019,Sabah,100,mean,33776
1/1/2019,Sarawak,1,mean,892
1/1/2019,Sarawak,2,mean,1095
1/1/2019,Sarawak,3,mean,1197
1/1/2019,Sarawak,4,mean,1366
1/1/2019,Sarawak,5,mean,1504
1/1/2019,Sarawak,6,mean,1593
1/1/2019,Sarawak,7,mean,1678
1/1/2019,Sarawak,8,mean,1762
1/1/2019,Sarawak,9,mean,1836
1/1/2019,Sarawak,10,mean,1911
1/1/2019,Sarawak,11,mean,1984
1/1/2019,Sarawak,12,mean,2055
1/1/2019,Sarawak,13,mean,2116
1/1/2019,Sarawak,14,mean,2175
1/1/2019,Sarawak,15,mean,2230
1/1/2019,Sarawak,16,mean,2294
1/1/2019,Sarawak,17,mean,2367
1/1/2019,Sarawak,18,mean,2428
1/1/2019,Sarawak,19,mean,2486
1/1/2019,Sarawak,20,mean,2525
1/1/2019,Sarawak,21,mean,2557
1/1/2019,Sarawak,22,mean,2591
1/1/2019,Sarawak,23,mean,2632
1/1/2019,Sarawak,24,mean,2677
1/1/2019,Sarawak,25,mean,2717
1/1/2019,Sarawak,26,mean,2772
1/1/2019,Sarawak,27,mean,2832
1/1/2019,Sarawak,28,mean,2883
1/1/2019,Sarawak,29,mean,2938
1/1/2019,Sarawak,30,mean,2999
1/1/2019,Sarawak,31,mean,3062
1/1/2019,Sarawak,32,mean,3131
1/1/2019,Sarawak,33,mean,3191
1/1/2019,Sarawak,34,mean,3256
1/1/2019,Sarawak,35,mean,3319
1/1/2019,Sarawak,36,mean,3388
1/1/2019,Sarawak,37,mean,3457
1/1/2019,Sarawak,38,mean,3529
1/1/2019,Sarawak,39,mean,3608
1/1/2019,Sarawak,40,mean,3689
1/1/2019,Sarawak,41,mean,3759
1/1/2019,Sarawak,42,mean,3839
1/1/2019,Sarawak,43,mean,3914
1/1/2019,Sarawak,44,mean,3994
1/1/2019,Sarawak,45,mean,4068
1/1/2019,Sarawak,46,mean,4158
1/1/2019,Sarawak,47,mean,4240
1/1/2019,Sarawak,48,mean,4317
1/1/2019,Sarawak,49,mean,4411
1/1/2019,Sarawak,50,mean,4501
1/1/2019,Sarawak,51,mean,4588
1/1/2019,Sarawak,52,mean,4678
1/1/2019,Sarawak,53,mean,4759
1/1/2019,Sarawak,54,mean,4845
1/1/2019,Sarawak,55,mean,4929
1/1/2019,Sarawak,56,mean,5025
1/1/2019,Sarawak,57,mean,5132
1/1/2019,Sarawak,58,mean,5222
1/1/2019,Sarawak,59,mean,5316
1/1/2019,Sarawak,60,mean,5423
1/1/2019,Sarawak,61,mean,5526
1/1/2019,Sarawak,62,mean,5637
1/1/2019,Sarawak,63,mean,5774
1/1/2019,Sarawak,64,mean,5899
1/1/2019,Sarawak,65,mean,6023
1/1/2019,Sarawak,66,mean,6159
1/1/2019,Sarawak,67,mean,6301
1/1/2019,Sarawak,68,mean,6423
1/1/2019,Sarawak,69,mean,6550
1/1/2019,Sarawak,70,mean,6690
1/1/2019,Sarawak,71,mean,6843
1/1/2019,Sarawak,72,mean,6982
1/1/2019,Sarawak,73,mean,7140
1/1/2019,Sarawak,74,mean,7292
1/1/2019,Sarawak,75,mean,7475
1/1/2019,Sarawak,76,mean,7687
1/1/2019,Sarawak,77,mean,7897
1/1/2019,Sarawak,78,mean,8088
1/1/2019,Sarawak,79,mean,8277
1/1/2019,Sarawak,80,mean,8512
1/1/2019,Sarawak,81,mean,8776
1/1/2019,Sarawak,82,mean,9019
1/1/2019,Sarawak,83,mean,9243
1/1/2019,Sarawak,84,mean,9543
1/1/2019,Sarawak,85,mean,9840
1/1/2019,Sarawak,86,mean,10183
1/1/2019,Sarawak,87,mean,10551
1/1/2019,Sarawak,88,mean,10888
1/1/2019,Sarawak,89,mean,11237
1/1/2019,Sarawak,90,mean,11668
1/1/2019,Sarawak,91,mean,12071
1/1/2019,Sarawak,92,mean,12628
1/1/2019,Sarawak,93,mean,13201
1/1/2019,Sarawak,94,mean,13896
1/1/2019,Sarawak,95,mean,14644
1/1/2019,Sarawak,96,mean,15490
1/1/2019,Sarawak,97,mean,16565
1/1/2019,Sarawak,98,mean,18210
1/1/2019,Sarawak,99,mean,21076
1/1/2019,Sarawak,100,mean,30282
1/1/2019,Selangor,1,mean,1460
1/1/2019,Selangor,2,mean,2006
1/1/2019,Selangor,3,mean,2326
1/1/2019,Selangor,4,mean,2544
1/1/2019,Selangor,5,mean,2673
1/1/2019,Selangor,6,mean,2845
1/1/2019,Selangor,7,mean,3021
1/1/2019,Selangor,8,mean,3167
1/1/2019,Selangor,9,mean,3310
1/1/2019,Selangor,10,mean,3422
1/1/2019,Selangor,11,mean,3540
1/1/2019,Selangor,12,mean,3654
1/1/2019,Selangor,13,mean,3774
1/1/2019,Selangor,14,mean,3903
1/1/2019,Selangor,15,mean,4018
1/1/2019,Selangor,16,mean,4122
1/1/2019,Selangor,17,mean,4240
1/1/2019,Selangor,18,mean,4350
1/1/2019,Selangor,19,mean,4464
1/1/2019,Selangor,20,mean,4601
1/1/2019,Selangor,21,mean,4714
1/1/2019,Selangor,22,mean,4831
1/1/2019,Selangor,23,mean,4961
1/1/2019,Selangor,24,mean,5085
1/1/2019,Selangor,25,mean,5201
1/1/2019,Selangor,26,mean,5311
1/1/2019,Selangor,27,mean,5419
1/1/2019,Selangor,28,mean,5555
1/1/2019,Selangor,29,mean,5673
1/1/2019,Selangor,30,mean,5780
1/1/2019,Selangor,31,mean,5881
1/1/2019,Selangor,32,mean,5998
1/1/2019,Selangor,33,mean,6120
1/1/2019,Selangor,34,mean,6257
1/1/2019,Selangor,35,mean,6366
1/1/2019,Selangor,36,mean,6483
1/1/2019,Selangor,37,mean,6597
1/1/2019,Selangor,38,mean,6708
1/1/2019,Selangor,39,mean,6825
1/1/2019,Selangor,40,mean,6919
1/1/2019,Selangor,41,mean,7008
1/1/2019,Selangor,42,mean,7108
1/1/2019,Selangor,43,mean,7214
1/1/2019,Selangor,44,mean,7334
1/1/2019,Selangor,45,mean,7459
1/1/2019,Selangor,46,mean,7581
1/1/2019,Selangor,47,mean,7725
1/1/2019,Selangor,48,mean,7874
1/1/2019,Selangor,49,mean,8013
1/1/2019,Selangor,50,mean,8142
1/1/2019,Selangor,51,mean,8268
1/1/2019,Selangor,52,mean,8422
1/1/2019,Selangor,53,mean,8569
1/1/2019,Selangor,54,mean,8706
1/1/2019,Selangor,55,mean,8843
1/1/2019,Selangor,56,mean,8990
1/1/2019,Selangor,57,mean,9153
1/1/2019,Selangor,58,mean,9301
1/1/2019,Selangor,59,mean,9482
1/1/2019,Selangor,60,mean,9650
1/1/2019,Selangor,61,mean,9823
1/1/2019,Selangor,62,mean,9984
1/1/2019,Selangor,63,mean,10143
1/1/2019,Selangor,64,mean,10337
1/1/2019,Selangor,65,mean,10523
1/1/2019,Selangor,66,mean,10709
1/1/2019,Selangor,67,mean,10912
1/1/2019,Selangor,68,mean,11110
1/1/2019,Selangor,69,mean,11311
1/1/2019,Selangor,70,mean,11534
1/1/2019,Selangor,71,mean,11754
1/1/2019,Selangor,72,mean,11955
1/1/2019,Selangor,73,mean,12200
1/1/2019,Selangor,74,mean,12461
1/1/2019,Selangor,75,mean,12730
1/1/2019,Selangor,76,mean,13023
1/1/2019,Selangor,77,mean,13316
1/1/2019,Selangor,78,mean,13636
1/1/2019,Selangor,79,mean,13957
1/1/2019,Selangor,80,mean,14278
1/1/2019,Selangor,81,mean,14609
1/1/2019,Selangor,82,mean,14994
1/1/2019,Selangor,83,mean,15426
1/1/2019,Selangor,84,mean,15864
1/1/2019,Selangor,85,mean,16437
1/1/2019,Selangor,86,mean,17066
1/1/2019,Selangor,87,mean,17574
1/1/2019,Selangor,88,mean,18217
1/1/2019,Selangor,89,mean,18946
1/1/2019,Selangor,90,mean,19753
1/1/2019,Selangor,91,mean,20615
1/1/2019,Selangor,92,mean,21704
1/1/2019,Selangor,93,mean,23001
1/1/2019,Selangor,94,mean,24298
1/1/2019,Selangor,95,mean,25948
1/1/2019,Selangor,96,mean,27880
1/1/2019,Selangor,97,mean,31004
1/1/2019,Selangor,98,mean,35649
1/1/2019,Selangor,99,mean,43410
1/1/2019,Selangor,100,mean,76460
1/1/2019,Terengganu,1,mean,961
1/1/2019,Terengganu,2,mean,1515
1/1/2019,Terengganu,3,mean,1823
1/1/2019,Terengganu,4,mean,2074
1/1/2019,Terengganu,5,mean,2266
1/1/2019,Terengganu,6,mean,2478
1/1/2019,Terengganu,7,mean,2586
1/1/2019,Terengganu,8,mean,2670
1/1/2019,Terengganu,9,mean,2810
1/1/2019,Terengganu,10,mean,2892
1/1/2019,Terengganu,11,mean,2958
1/1/2019,Terengganu,12,mean,3012
1/1/2019,Terengganu,13,mean,3054
1/1/2019,Terengganu,14,mean,3086
1/1/2019,Terengganu,15,mean,3126
1/1/2019,Terengganu,16,mean,3168
1/1/2019,Terengganu,17,mean,3211
1/1/2019,Terengganu,18,mean,3249
1/1/2019,Terengganu,19,mean,3292
1/1/2019,Terengganu,20,mean,3344
1/1/2019,Terengganu,21,mean,3401
1/1/2019,Terengganu,22,mean,3472
1/1/2019,Terengganu,23,mean,3533
1/1/2019,Terengganu,24,mean,3580
1/1/2019,Terengganu,25,mean,3633
1/1/2019,Terengganu,26,mean,3689
1/1/2019,Terengganu,27,mean,3751
1/1/2019,Terengganu,28,mean,3820
1/1/2019,Terengganu,29,mean,3883
1/1/2019,Terengganu,30,mean,3948
1/1/2019,Terengganu,31,mean,4032
1/1/2019,Terengganu,32,mean,4103
1/1/2019,Terengganu,33,mean,4189
1/1/2019,Terengganu,34,mean,4252
1/1/2019,Terengganu,35,mean,4304
1/1/2019,Terengganu,36,mean,4365
1/1/2019,Terengganu,37,mean,4445
1/1/2019,Terengganu,38,mean,4515
1/1/2019,Terengganu,39,mean,4586
1/1/2019,Terengganu,40,mean,4666
1/1/2019,Terengganu,41,mean,4766
1/1/2019,Terengganu,42,mean,4846
1/1/2019,Terengganu,43,mean,4944
1/1/2019,Terengganu,44,mean,5024
1/1/2019,Terengganu,45,mean,5118
1/1/2019,Terengganu,46,mean,5197
1/1/2019,Terengganu,47,mean,5279
1/1/2019,Terengganu,48,mean,5358
1/1/2019,Terengganu,49,mean,5449
1/1/2019,Terengganu,50,mean,5522
1/1/2019,Terengganu,51,mean,5594
1/1/2019,Terengganu,52,mean,5687
1/1/2019,Terengganu,53,mean,5779
1/1/2019,Terengganu,54,mean,5877
1/1/2019,Terengganu,55,mean,6000
1/1/2019,Terengganu,56,mean,6106
1/1/2019,Terengganu,57,mean,6186
1/1/2019,Terengganu,58,mean,6299
1/1/2019,Terengganu,59,mean,6400
1/1/2019,Terengganu,60,mean,6504
1/1/2019,Terengganu,61,mean,6577
1/1/2019,Terengganu,62,mean,6685
1/1/2019,Terengganu,63,mean,6778
1/1/2019,Terengganu,64,mean,6882
1/1/2019,Terengganu,65,mean,6985
1/1/2019,Terengganu,66,mean,7062
1/1/2019,Terengganu,67,mean,7184
1/1/2019,Terengganu,68,mean,7299
1/1/2019,Terengganu,69,mean,7404
1/1/2019,Terengganu,70,mean,7526
1/1/2019,Terengganu,71,mean,7656
1/1/2019,Terengganu,72,mean,7775
1/1/2019,Terengganu,73,mean,7916
1/1/2019,Terengganu,74,mean,8102
1/1/2019,Terengganu,75,mean,8286
1/1/2019,Terengganu,76,mean,8481
1/1/2019,Terengganu,77,mean,8653
1/1/2019,Terengganu,78,mean,8834
1/1/2019,Terengganu,79,mean,9030
1/1/2019,Terengganu,80,mean,9192
1/1/2019,Terengganu,81,mean,9338
1/1/2019,Terengganu,82,mean,9561
1/1/2019,Terengganu,83,mean,9761
1/1/2019,Terengganu,84,mean,9989
1/1/2019,Terengganu,85,mean,10220
1/1/2019,Terengganu,86,mean,10478
1/1/2019,Terengganu,87,mean,10833
1/1/2019,Terengganu,88,mean,11205
1/1/2019,Terengganu,89,mean,11628
1/1/2019,Terengganu,90,mean,11974
1/1/2019,Terengganu,91,mean,12382
1/1/2019,Terengganu,92,mean,12846
1/1/2019,Terengganu,93,mean,13358
1/1/2019,Terengganu,94,mean,14034
1/1/2019,Terengganu,95,mean,14869
1/1/2019,Terengganu,96,mean,15880
1/1/2019,Terengganu,97,mean,16860
1/1/2019,Terengganu,98,mean,18359
1/1/2019,Terengganu,99,mean,21867
1/1/2019,Terengganu,100,mean,36465
1/1/2019,W.P. Kuala Lumpur,1,mean,2462
1/1/2019,W.P. Kuala Lumpur,2,mean,3389
1/1/2019,W.P. Kuala Lumpur,3,mean,3701
1/1/2019,W.P. Kuala Lumpur,4,mean,3954
1/1/2019,W.P. Kuala Lumpur,5,mean,4223
1/1/2019,W.P. Kuala Lumpur,6,mean,4423
1/1/2019,W.P. Kuala Lumpur,7,mean,4576
1/1/2019,W.P. Kuala Lumpur,8,mean,4736
1/1/2019,W.P. Kuala Lumpur,9,mean,4920
1/1/2019,W.P. Kuala Lumpur,10,mean,5076
1/1/2019,W.P. Kuala Lumpur,11,mean,5256
1/1/2019,W.P. Kuala Lumpur,12,mean,5424
1/1/2019,W.P. Kuala Lumpur,13,mean,5563
1/1/2019,W.P. Kuala Lumpur,14,mean,5703
1/1/2019,W.P. Kuala Lumpur,15,mean,5838
1/1/2019,W.P. Kuala Lumpur,16,mean,5977
1/1/2019,W.P. Kuala Lumpur,17,mean,6129
1/1/2019,W.P. Kuala Lumpur,18,mean,6267
1/1/2019,W.P. Kuala Lumpur,19,mean,6429
1/1/2019,W.P. Kuala Lumpur,20,mean,6550
1/1/2019,W.P. Kuala Lumpur,21,mean,6705
1/1/2019,W.P. Kuala Lumpur,22,mean,6837
1/1/2019,W.P. Kuala Lumpur,23,mean,6984
1/1/2019,W.P. Kuala Lumpur,24,mean,7110
1/1/2019,W.P. Kuala Lumpur,25,mean,7232
1/1/2019,W.P. Kuala Lumpur,26,mean,7387
1/1/2019,W.P. Kuala Lumpur,27,mean,7522
1/1/2019,W.P. Kuala Lumpur,28,mean,7659
1/1/2019,W.P. Kuala Lumpur,29,mean,7785
1/1/2019,W.P. Kuala Lumpur,30,mean,7900
1/1/2019,W.P. Kuala Lumpur,31,mean,8026
1/1/2019,W.P. Kuala Lumpur,32,mean,8148
1/1/2019,W.P. Kuala Lumpur,33,mean,8279
1/1/2019,W.P. Kuala Lumpur,34,mean,8371
1/1/2019,W.P. Kuala Lumpur,35,mean,8488
1/1/2019,W.P. Kuala Lumpur,36,mean,8595
1/1/2019,W.P. Kuala Lumpur,37,mean,8704
1/1/2019,W.P. Kuala Lumpur,38,mean,8835
1/1/2019,W.P. Kuala Lumpur,39,mean,8969
1/1/2019,W.P. Kuala Lumpur,40,mean,9091
1/1/2019,W.P. Kuala Lumpur,41,mean,9211
1/1/2019,W.P. Kuala Lumpur,42,mean,9320
1/1/2019,W.P. Kuala Lumpur,43,mean,9439
1/1/2019,W.P. Kuala Lumpur,44,mean,9576
1/1/2019,W.P. Kuala Lumpur,45,mean,9758
1/1/2019,W.P. Kuala Lumpur,46,mean,9925
1/1/2019,W.P. Kuala Lumpur,47,mean,10056
1/1/2019,W.P. Kuala Lumpur,48,mean,10190
1/1/2019,W.P. Kuala Lumpur,49,mean,10347
1/1/2019,W.P. Kuala Lumpur,50,mean,10494
1/1/2019,W.P. Kuala Lumpur,51,mean,10612
1/1/2019,W.P. Kuala Lumpur,52,mean,10749
1/1/2019,W.P. Kuala Lumpur,53,mean,10904
1/1/2019,W.P. Kuala Lumpur,54,mean,11065
1/1/2019,W.P. Kuala Lumpur,55,mean,11185
1/1/2019,W.P. Kuala Lumpur,56,mean,11338
1/1/2019,W.P. Kuala Lumpur,57,mean,11499
1/1/2019,W.P. Kuala Lumpur,58,mean,11689
1/1/2019,W.P. Kuala Lumpur,59,mean,11859
1/1/2019,W.P. Kuala Lumpur,60,mean,12003
1/1/2019,W.P. Kuala Lumpur,61,mean,12152
1/1/2019,W.P. Kuala Lumpur,62,mean,12323
1/1/2019,W.P. Kuala Lumpur,63,mean,12525
1/1/2019,W.P. Kuala Lumpur,64,mean,12710
1/1/2019,W.P. Kuala Lumpur,65,mean,12897
1/1/2019,W.P. Kuala Lumpur,66,mean,13108
1/1/2019,W.P. Kuala Lumpur,67,mean,13337
1/1/2019,W.P. Kuala Lumpur,68,mean,13534
1/1/2019,W.P. Kuala Lumpur,69,mean,13735
1/1/2019,W.P. Kuala Lumpur,70,mean,13999
1/1/2019,W.P. Kuala Lumpur,71,mean,14190
1/1/2019,W.P. Kuala Lumpur,72,mean,14380
1/1/2019,W.P. Kuala Lumpur,73,mean,14628
1/1/2019,W.P. Kuala Lumpur,74,mean,14881
1/1/2019,W.P. Kuala Lumpur,75,mean,15111
1/1/2019,W.P. Kuala Lumpur,76,mean,15361
1/1/2019,W.P. Kuala Lumpur,77,mean,15616
1/1/2019,W.P. Kuala Lumpur,78,mean,15859
1/1/2019,W.P. Kuala Lumpur,79,mean,16181
1/1/2019,W.P. Kuala Lumpur,80,mean,16515
1/1/2019,W.P. Kuala Lumpur,81,mean,16861
1/1/2019,W.P. Kuala Lumpur,82,mean,17308
1/1/2019,W.P. Kuala Lumpur,83,mean,17793
1/1/2019,W.P. Kuala Lumpur,84,mean,18318
1/1/2019,W.P. Kuala Lumpur,85,mean,18797
1/1/2019,W.P. Kuala Lumpur,86,mean,19365
1/1/2019,W.P. Kuala Lumpur,87,mean,20004
1/1/2019,W.P. Kuala Lumpur,88,mean,20749
1/1/2019,W.P. Kuala Lumpur,89,mean,21469
1/1/2019,W.P. Kuala Lumpur,90,mean,22149
1/1/2019,W.P. Kuala Lumpur,91,mean,23139
1/1/2019,W.P. Kuala Lumpur,92,mean,24407
1/1/2019,W.P. Kuala Lumpur,93,mean,25896
1/1/2019,W.P. Kuala Lumpur,94,mean,28178
1/1/2019,W.P. Kuala Lumpur,95,mean,30573
1/1/2019,W.P. Kuala Lumpur,96,mean,33035
1/1/2019,W.P. Kuala Lumpur,97,mean,36196
1/1/2019,W.P. Kuala Lumpur,98,mean,41893
1/1/2019,W.P. Kuala Lumpur,99,mean,51807
1/1/2019,W.P. Kuala Lumpur,100,mean,85718
1/1/2019,W.P. Labuan,1,mean,1804
1/1/2019,W.P. Labuan,2,mean,2200
1/1/2019,W.P. Labuan,3,mean,2357
1/1/2019,W.P. Labuan,4,mean,2526
1/1/2019,W.P. Labuan,5,mean,2586
1/1/2019,W.P. Labuan,6,mean,2635
1/1/2019,W.P. Labuan,7,mean,2705
1/1/2019,W.P. Labuan,8,mean,2831
1/1/2019,W.P. Labuan,9,mean,2900
1/1/2019,W.P. Labuan,10,mean,2991
1/1/2019,W.P. Labuan,11,mean,3111
1/1/2019,W.P. Labuan,12,mean,3251
1/1/2019,W.P. Labuan,13,mean,3332
1/1/2019,W.P. Labuan,14,mean,3501
1/1/2019,W.P. Labuan,15,mean,3658
1/1/2019,W.P. Labuan,16,mean,3816
1/1/2019,W.P. Labuan,17,mean,3927
1/1/2019,W.P. Labuan,18,mean,4069
1/1/2019,W.P. Labuan,19,mean,4207
1/1/2019,W.P. Labuan,20,mean,4258
1/1/2019,W.P. Labuan,21,mean,4288
1/1/2019,W.P. Labuan,22,mean,4321
1/1/2019,W.P. Labuan,23,mean,4378
1/1/2019,W.P. Labuan,24,mean,4460
1/1/2019,W.P. Labuan,25,mean,4534
1/1/2019,W.P. Labuan,26,mean,4641
1/1/2019,W.P. Labuan,27,mean,4726
1/1/2019,W.P. Labuan,28,mean,4830
1/1/2019,W.P. Labuan,29,mean,4916
1/1/2019,W.P. Labuan,30,mean,4983
1/1/2019,W.P. Labuan,31,mean,5072
1/1/2019,W.P. Labuan,32,mean,5156
1/1/2019,W.P. Labuan,33,mean,5289
1/1/2019,W.P. Labuan,34,mean,5356
1/1/2019,W.P. Labuan,35,mean,5417
1/1/2019,W.P. Labuan,36,mean,5486
1/1/2019,W.P. Labuan,37,mean,5594
1/1/2019,W.P. Labuan,38,mean,5687
1/1/2019,W.P. Labuan,39,mean,5770
1/1/2019,W.P. Labuan,40,mean,5863
1/1/2019,W.P. Labuan,41,mean,5957
1/1/2019,W.P. Labuan,42,mean,6057
1/1/2019,W.P. Labuan,43,mean,6157
1/1/2019,W.P. Labuan,44,mean,6246
1/1/2019,W.P. Labuan,45,mean,6303
1/1/2019,W.P. Labuan,46,mean,6371
1/1/2019,W.P. Labuan,47,mean,6495
1/1/2019,W.P. Labuan,48,mean,6581
1/1/2019,W.P. Labuan,49,mean,6639
1/1/2019,W.P. Labuan,50,mean,6704
1/1/2019,W.P. Labuan,51,mean,6795
1/1/2019,W.P. Labuan,52,mean,6940
1/1/2019,W.P. Labuan,53,mean,7010
1/1/2019,W.P. Labuan,54,mean,7078
1/1/2019,W.P. Labuan,55,mean,7160
1/1/2019,W.P. Labuan,56,mean,7300
1/1/2019,W.P. Labuan,57,mean,7433
1/1/2019,W.P. Labuan,58,mean,7596
1/1/2019,W.P. Labuan,59,mean,7682
1/1/2019,W.P. Labuan,60,mean,7798
1/1/2019,W.P. Labuan,61,mean,7934
1/1/2019,W.P. Labuan,62,mean,8082
1/1/2019,W.P. Labuan,63,mean,8253
1/1/2019,W.P. Labuan,64,mean,8376
1/1/2019,W.P. Labuan,65,mean,8524
1/1/2019,W.P. Labuan,66,mean,8675
1/1/2019,W.P. Labuan,67,mean,8947
1/1/2019,W.P. Labuan,68,mean,9105
1/1/2019,W.P. Labuan,69,mean,9280
1/1/2019,W.P. Labuan,70,mean,9399
1/1/2019,W.P. Labuan,71,mean,9515
1/1/2019,W.P. Labuan,72,mean,9711
1/1/2019,W.P. Labuan,73,mean,9899
1/1/2019,W.P. Labuan,74,mean,10052
1/1/2019,W.P. Labuan,75,mean,10167
1/1/2019,W.P. Labuan,76,mean,10316
1/1/2019,W.P. Labuan,77,mean,10492
1/1/2019,W.P. Labuan,78,mean,10725
1/1/2019,W.P. Labuan,79,mean,11003
1/1/2019,W.P. Labuan,80,mean,11230
1/1/2019,W.P. Labuan,81,mean,11469
1/1/2019,W.P. Labuan,82,mean,11799
1/1/2019,W.P. Labuan,83,mean,12369
1/1/2019,W.P. Labuan,84,mean,12897
1/1/2019,W.P. Labuan,85,mean,13218
1/1/2019,W.P. Labuan,86,mean,13532
1/1/2019,W.P. Labuan,87,mean,13911
1/1/2019,W.P. Labuan,88,mean,14287
1/1/2019,W.P. Labuan,89,mean,14796
1/1/2019,W.P. Labuan,90,mean,15125
1/1/2019,W.P. Labuan,91,mean,15610
1/1/2019,W.P. Labuan,92,mean,16345
1/1/2019,W.P. Labuan,93,mean,17012
1/1/2019,W.P. Labuan,94,mean,17621
1/1/2019,W.P. Labuan,95,mean,18979
1/1/2019,W.P. Labuan,96,mean,19662
1/1/2019,W.P. Labuan,97,mean,21227
1/1/2019,W.P. Labuan,98,mean,23850
1/1/2019,W.P. Labuan,99,mean,26890
1/1/2019,W.P. Labuan,100,mean,34842
1/1/2019,W.P. Putrajaya,1,mean,2983
1/1/2019,W.P. Putrajaya,2,mean,3685
1/1/2019,W.P. Putrajaya,3,mean,3851
1/1/2019,W.P. Putrajaya,4,mean,4000
1/1/2019,W.P. Putrajaya,5,mean,4146
1/1/2019,W.P. Putrajaya,6,mean,4226
1/1/2019,W.P. Putrajaya,7,mean,4317
1/1/2019,W.P. Putrajaya,8,mean,4448
1/1/2019,W.P. Putrajaya,9,mean,4564
1/1/2019,W.P. Putrajaya,10,mean,4673
1/1/2019,W.P. Putrajaya,11,mean,4790
1/1/2019,W.P. Putrajaya,12,mean,4875
1/1/2019,W.P. Putrajaya,13,mean,5069
1/1/2019,W.P. Putrajaya,14,mean,5165
1/1/2019,W.P. Putrajaya,15,mean,5263
1/1/2019,W.P. Putrajaya,16,mean,5395
1/1/2019,W.P. Putrajaya,17,mean,5566
1/1/2019,W.P. Putrajaya,18,mean,5663
1/1/2019,W.P. Putrajaya,19,mean,5795
1/1/2019,W.P. Putrajaya,20,mean,5897
1/1/2019,W.P. Putrajaya,21,mean,6054
1/1/2019,W.P. Putrajaya,22,mean,6267
1/1/2019,W.P. Putrajaya,23,mean,6433
1/1/2019,W.P. Putrajaya,24,mean,6601
1/1/2019,W.P. Putrajaya,25,mean,6744
1/1/2019,W.P. Putrajaya,26,mean,6877
1/1/2019,W.P. Putrajaya,27,mean,7026
1/1/2019,W.P. Putrajaya,28,mean,7172
1/1/2019,W.P. Putrajaya,29,mean,7284
1/1/2019,W.P. Putrajaya,30,mean,7402
1/1/2019,W.P. Putrajaya,31,mean,7505
1/1/2019,W.P. Putrajaya,32,mean,7679
1/1/2019,W.P. Putrajaya,33,mean,7765
1/1/2019,W.P. Putrajaya,34,mean,7926
1/1/2019,W.P. Putrajaya,35,mean,8076
1/1/2019,W.P. Putrajaya,36,mean,8217
1/1/2019,W.P. Putrajaya,37,mean,8303
1/1/2019,W.P. Putrajaya,38,mean,8434
1/1/2019,W.P. Putrajaya,39,mean,8563
1/1/2019,W.P. Putrajaya,40,mean,8634
1/1/2019,W.P. Putrajaya,41,mean,8740
1/1/2019,W.P. Putrajaya,42,mean,8893
1/1/2019,W.P. Putrajaya,43,mean,9003
1/1/2019,W.P. Putrajaya,44,mean,9179
1/1/2019,W.P. Putrajaya,45,mean,9328
1/1/2019,W.P. Putrajaya,46,mean,9421
1/1/2019,W.P. Putrajaya,47,mean,9516
1/1/2019,W.P. Putrajaya,48,mean,9645
1/1/2019,W.P. Putrajaya,49,mean,9762
1/1/2019,W.P. Putrajaya,50,mean,9915
1/1/2019,W.P. Putrajaya,51,mean,10089
1/1/2019,W.P. Putrajaya,52,mean,10255
1/1/2019,W.P. Putrajaya,53,mean,10374
1/1/2019,W.P. Putrajaya,54,mean,10521
1/1/2019,W.P. Putrajaya,55,mean,10726
1/1/2019,W.P. Putrajaya,56,mean,10968
1/1/2019,W.P. Putrajaya,57,mean,11077
1/1/2019,W.P. Putrajaya,58,mean,11170
1/1/2019,W.P. Putrajaya,59,mean,11323
1/1/2019,W.P. Putrajaya,60,mean,11495
1/1/2019,W.P. Putrajaya,61,mean,11692
1/1/2019,W.P. Putrajaya,62,mean,11844
1/1/2019,W.P. Putrajaya,63,mean,11978
1/1/2019,W.P. Putrajaya,64,mean,12071
1/1/2019,W.P. Putrajaya,65,mean,12209
1/1/2019,W.P. Putrajaya,66,mean,12590
1/1/2019,W.P. Putrajaya,67,mean,12723
1/1/2019,W.P. Putrajaya,68,mean,13007
1/1/2019,W.P. Putrajaya,69,mean,13176
1/1/2019,W.P. Putrajaya,70,mean,13305
1/1/2019,W.P. Putrajaya,71,mean,13679
1/1/2019,W.P. Putrajaya,72,mean,14060
1/1/2019,W.P. Putrajaya,73,mean,14291
1/1/2019,W.P. Putrajaya,74,mean,14540
1/1/2019,W.P. Putrajaya,75,mean,14880
1/1/2019,W.P. Putrajaya,76,mean,15185
1/1/2019,W.P. Putrajaya,77,mean,15368
1/1/2019,W.P. Putrajaya,78,mean,15596
1/1/2019,W.P. Putrajaya,79,mean,15792
1/1/2019,W.P. Putrajaya,80,mean,16124
1/1/2019,W.P. Putrajaya,81,mean,16640
1/1/2019,W.P. Putrajaya,82,mean,17134
1/1/2019,W.P. Putrajaya,83,mean,17836
1/1/2019,W.P. Putrajaya,84,mean,18210
1/1/2019,W.P. Putrajaya,85,mean,18673
1/1/2019,W.P. Putrajaya,86,mean,19279
1/1/2019,W.P. Putrajaya,87,mean,19804
1/1/2019,W.P. Putrajaya,88,mean,20452
1/1/2019,W.P. Putrajaya,89,mean,20870
1/1/2019,W.P. Putrajaya,90,mean,21715
1/1/2019,W.P. Putrajaya,91,mean,23036
1/1/2019,W.P. Putrajaya,92,mean,24525
1/1/2019,W.P. Putrajaya,93,mean,25802
1/1/2019,W.P. Putrajaya,94,mean,28701
1/1/2019,W.P. Putrajaya,95,mean,31083
1/1/2019,W.P. Putrajaya,96,mean,35193
1/1/2019,W.P. Putrajaya,97,mean,37645
1/1/2019,W.P. Putrajaya,98,mean,43627
1/1/2019,W.P. Putrajaya,99,mean,55429
1/1/2019,W.P. Putrajaya,100,mean,75803
