state,date,sex,age,ethnicity,population
Johor,1/1/2025,both,0-4,bumi_malay,182.8
Johor,1/1/2025,both,0-4,bumi_other,6.2
Johor,1/1/2025,both,0-4,chinese,44
Johor,1/1/2025,both,0-4,indian,13.7
Johor,1/1/2025,both,0-4,other_citizen,2.5
Johor,1/1/2025,both,0-4,other_noncitizen,2.5
Johor,1/1/2025,both,5-9,bumi_malay,196.1
Johor,1/1/2025,both,5-9,bumi_other,5.6
Johor,1/1/2025,both,5-9,chinese,82.7
Johor,1/1/2025,both,5-9,indian,18.2
Johor,1/1/2025,both,5-9,other_citizen,1.2
Johor,1/1/2025,both,5-9,other_noncitizen,2.3
Johor,1/1/2025,both,10-14,bumi_malay,197.6
Johor,1/1/2025,both,10-14,bumi_other,5.3
Johor,1/1/2025,both,10-14,chinese,95.5
Johor,1/1/2025,both,10-14,indian,20.6
Johor,1/1/2025,both,10-14,other_citizen,1.1
Johor,1/1/2025,both,10-14,other_noncitizen,1.6
Johor,1/1/2025,both,15-19,bumi_malay,197.5
Johor,1/1/2025,both,15-19,bumi_other,5.2
Johor,1/1/2025,both,15-19,chinese,102.5
Johor,1/1/2025,both,15-19,indian,22.1
Johor,1/1/2025,both,15-19,other_citizen,1.1
Johor,1/1/2025,both,15-19,other_noncitizen,18.6
Johor,1/1/2025,both,20-24,bumi_malay,198.4
Johor,1/1/2025,both,20-24,bumi_other,5.9
Johor,1/1/2025,both,20-24,chinese,98.2
Johor,1/1/2025,both,20-24,indian,21
Johor,1/1/2025,both,20-24,other_citizen,4.1
Johor,1/1/2025,both,20-24,other_noncitizen,77.9
Johor,1/1/2025,both,25-29,bumi_malay,192.9
Johor,1/1/2025,both,25-29,bumi_other,3.9
Johor,1/1/2025,both,25-29,chinese,102.6
Johor,1/1/2025,both,25-29,indian,20.4
Johor,1/1/2025,both,25-29,other_citizen,2.4
Johor,1/1/2025,both,25-29,other_noncitizen,82.5
Johor,1/1/2025,both,30-34,bumi_malay,173.1
Johor,1/1/2025,both,30-34,bumi_other,3
Johor,1/1/2025,both,30-34,chinese,96
Johor,1/1/2025,both,30-34,indian,19.4
Johor,1/1/2025,both,30-34,other_citizen,1
Johor,1/1/2025,both,30-34,other_noncitizen,55.9
Johor,1/1/2025,both,35-39,bumi_malay,174.9
Johor,1/1/2025,both,35-39,bumi_other,4.8
Johor,1/1/2025,both,35-39,chinese,90.9
Johor,1/1/2025,both,35-39,indian,17.4
Johor,1/1/2025,both,35-39,other_citizen,0.9
Johor,1/1/2025,both,35-39,other_noncitizen,39.1
Johor,1/1/2025,both,40-44,bumi_malay,165.5
Johor,1/1/2025,both,40-44,bumi_other,5.9
Johor,1/1/2025,both,40-44,chinese,89.9
Johor,1/1/2025,both,40-44,indian,20.1
Johor,1/1/2025,both,40-44,other_citizen,0.5
Johor,1/1/2025,both,40-44,other_noncitizen,26.1
Johor,1/1/2025,both,45-49,bumi_malay,126.2
Johor,1/1/2025,both,45-49,bumi_other,4.3
Johor,1/1/2025,both,45-49,chinese,83.9
Johor,1/1/2025,both,45-49,indian,18.1
Johor,1/1/2025,both,45-49,other_citizen,1.4
Johor,1/1/2025,both,45-49,other_noncitizen,18.8
Johor,1/1/2025,both,50-54,bumi_malay,112.8
Johor,1/1/2025,both,50-54,bumi_other,3.3
Johor,1/1/2025,both,50-54,chinese,80.8
Johor,1/1/2025,both,50-54,indian,14.7
Johor,1/1/2025,both,50-54,other_citizen,1
Johor,1/1/2025,both,50-54,other_noncitizen,12.9
Johor,1/1/2025,both,55-59,bumi_malay,102.9
Johor,1/1/2025,both,55-59,bumi_other,2.2
Johor,1/1/2025,both,55-59,chinese,74.8
Johor,1/1/2025,both,55-59,indian,12.8
Johor,1/1/2025,both,55-59,other_citizen,0.6
Johor,1/1/2025,both,55-59,other_noncitizen,9.9
Johor,1/1/2025,both,60-64,bumi_malay,91.8
Johor,1/1/2025,both,60-64,bumi_other,1.5
Johor,1/1/2025,both,60-64,chinese,65.8
Johor,1/1/2025,both,60-64,indian,10.6
Johor,1/1/2025,both,60-64,other_citizen,0.5
Johor,1/1/2025,both,60-64,other_noncitizen,6.5
Johor,1/1/2025,both,65-69,bumi_malay,72.7
Johor,1/1/2025,both,65-69,bumi_other,1.1
Johor,1/1/2025,both,65-69,chinese,56.3
Johor,1/1/2025,both,65-69,indian,8.1
Johor,1/1/2025,both,65-69,other_citizen,0.6
Johor,1/1/2025,both,65-69,other_noncitizen,10.8
Johor,1/1/2025,both,70-74,bumi_malay,41.8
Johor,1/1/2025,both,70-74,bumi_other,1
Johor,1/1/2025,both,70-74,chinese,22.6
Johor,1/1/2025,both,70-74,indian,5.2
Johor,1/1/2025,both,70-74,other_citizen,0.8
Johor,1/1/2025,both,70-74,other_noncitizen,7
Johor,1/1/2025,both,75-79,bumi_malay,26.3
Johor,1/1/2025,both,75-79,bumi_other,0.8
Johor,1/1/2025,both,75-79,chinese,15.7
Johor,1/1/2025,both,75-79,indian,2.9
Johor,1/1/2025,both,75-79,other_citizen,0.1
Johor,1/1/2025,both,75-79,other_noncitizen,3.8
Johor,1/1/2025,both,80-84,bumi_malay,13.1
Johor,1/1/2025,both,80-84,bumi_other,0.5
Johor,1/1/2025,both,80-84,chinese,7.8
Johor,1/1/2025,both,80-84,indian,1.7
Johor,1/1/2025,both,80-84,other_citizen,0
Johor,1/1/2025,both,80-84,other_noncitizen,4.1
Johor,1/1/2025,both,85+,bumi_malay,11.2
Johor,1/1/2025,both,85+,bumi_other,0.8
Johor,1/1/2025,both,85+,chinese,3.6
Johor,1/1/2025,both,85+,indian,1.2
Johor,1/1/2025,both,85+,other_citizen,0
Johor,1/1/2025,both,85+,other_noncitizen,4.6
Johor,1/1/2025,female,0-4,bumi_malay,88.5
Johor,1/1/2025,female,0-4,bumi_other,3
Johor,1/1/2025,female,0-4,chinese,21.4
Johor,1/1/2025,female,0-4,indian,6.7
Johor,1/1/2025,female,0-4,other_citizen,1.2
Johor,1/1/2025,female,0-4,other_noncitizen,1.1
Johor,1/1/2025,female,5-9,bumi_malay,98
Johor,1/1/2025,female,5-9,bumi_other,2.8
Johor,1/1/2025,female,5-9,chinese,42.3
Johor,1/1/2025,female,5-9,indian,9.5
Johor,1/1/2025,female,5-9,other_citizen,0.6
Johor,1/1/2025,female,5-9,other_noncitizen,1.1
Johor,1/1/2025,female,10-14,bumi_malay,95.9
Johor,1/1/2025,female,10-14,bumi_other,2.6
Johor,1/1/2025,female,10-14,chinese,46.5
Johor,1/1/2025,female,10-14,indian,10.1
Johor,1/1/2025,female,10-14,other_citizen,0.6
Johor,1/1/2025,female,10-14,other_noncitizen,0.8
Johor,1/1/2025,female,15-19,bumi_malay,95.3
Johor,1/1/2025,female,15-19,bumi_other,2.5
Johor,1/1/2025,female,15-19,chinese,49.2
Johor,1/1/2025,female,15-19,indian,10.8
Johor,1/1/2025,female,15-19,other_citizen,0.5
Johor,1/1/2025,female,15-19,other_noncitizen,3.6
Johor,1/1/2025,female,20-24,bumi_malay,96.7
Johor,1/1/2025,female,20-24,bumi_other,3
Johor,1/1/2025,female,20-24,chinese,48.1
Johor,1/1/2025,female,20-24,indian,10.4
Johor,1/1/2025,female,20-24,other_citizen,1.3
Johor,1/1/2025,female,20-24,other_noncitizen,13.2
Johor,1/1/2025,female,25-29,bumi_malay,93
Johor,1/1/2025,female,25-29,bumi_other,2.4
Johor,1/1/2025,female,25-29,chinese,48.8
Johor,1/1/2025,female,25-29,indian,10
Johor,1/1/2025,female,25-29,other_citizen,1.1
Johor,1/1/2025,female,25-29,other_noncitizen,10.6
Johor,1/1/2025,female,30-34,bumi_malay,84.7
Johor,1/1/2025,female,30-34,bumi_other,1.8
Johor,1/1/2025,female,30-34,chinese,47.1
Johor,1/1/2025,female,30-34,indian,9.9
Johor,1/1/2025,female,30-34,other_citizen,0.8
Johor,1/1/2025,female,30-34,other_noncitizen,8.6
Johor,1/1/2025,female,35-39,bumi_malay,85.2
Johor,1/1/2025,female,35-39,bumi_other,2
Johor,1/1/2025,female,35-39,chinese,44.4
Johor,1/1/2025,female,35-39,indian,8.1
Johor,1/1/2025,female,35-39,other_citizen,0.2
Johor,1/1/2025,female,35-39,other_noncitizen,6
Johor,1/1/2025,female,40-44,bumi_malay,82.6
Johor,1/1/2025,female,40-44,bumi_other,2.6
Johor,1/1/2025,female,40-44,chinese,43.3
Johor,1/1/2025,female,40-44,indian,9.8
Johor,1/1/2025,female,40-44,other_citizen,0.3
Johor,1/1/2025,female,40-44,other_noncitizen,4.7
Johor,1/1/2025,female,45-49,bumi_malay,61.7
Johor,1/1/2025,female,45-49,bumi_other,1.3
Johor,1/1/2025,female,45-49,chinese,40.5
Johor,1/1/2025,female,45-49,indian,8.8
Johor,1/1/2025,female,45-49,other_citizen,0.3
Johor,1/1/2025,female,45-49,other_noncitizen,3.8
Johor,1/1/2025,female,50-54,bumi_malay,56.7
Johor,1/1/2025,female,50-54,bumi_other,1.2
Johor,1/1/2025,female,50-54,chinese,39.5
Johor,1/1/2025,female,50-54,indian,7.7
Johor,1/1/2025,female,50-54,other_citizen,0.2
Johor,1/1/2025,female,50-54,other_noncitizen,2.9
Johor,1/1/2025,female,55-59,bumi_malay,52.8
Johor,1/1/2025,female,55-59,bumi_other,0.9
Johor,1/1/2025,female,55-59,chinese,37.4
Johor,1/1/2025,female,55-59,indian,6.5
Johor,1/1/2025,female,55-59,other_citizen,0.3
Johor,1/1/2025,female,55-59,other_noncitizen,2.1
Johor,1/1/2025,female,60-64,bumi_malay,46.3
Johor,1/1/2025,female,60-64,bumi_other,0.6
Johor,1/1/2025,female,60-64,chinese,31.5
Johor,1/1/2025,female,60-64,indian,5.3
Johor,1/1/2025,female,60-64,other_citizen,0.2
Johor,1/1/2025,female,60-64,other_noncitizen,1.6
Johor,1/1/2025,female,65-69,bumi_malay,37.8
Johor,1/1/2025,female,65-69,bumi_other,0.5
Johor,1/1/2025,female,65-69,chinese,28.9
Johor,1/1/2025,female,65-69,indian,4.5
Johor,1/1/2025,female,65-69,other_citizen,0.1
Johor,1/1/2025,female,65-69,other_noncitizen,4.8
Johor,1/1/2025,female,70-74,bumi_malay,21.9
Johor,1/1/2025,female,70-74,bumi_other,0.5
Johor,1/1/2025,female,70-74,chinese,12
Johor,1/1/2025,female,70-74,indian,3
Johor,1/1/2025,female,70-74,other_citizen,0.3
Johor,1/1/2025,female,70-74,other_noncitizen,3
Johor,1/1/2025,female,75-79,bumi_malay,13.8
Johor,1/1/2025,female,75-79,bumi_other,0.4
Johor,1/1/2025,female,75-79,chinese,8.5
Johor,1/1/2025,female,75-79,indian,1.7
Johor,1/1/2025,female,75-79,other_citizen,0.1
Johor,1/1/2025,female,75-79,other_noncitizen,1.5
Johor,1/1/2025,female,80-84,bumi_malay,7.1
Johor,1/1/2025,female,80-84,bumi_other,0.2
Johor,1/1/2025,female,80-84,chinese,4.3
Johor,1/1/2025,female,80-84,indian,0.9
Johor,1/1/2025,female,80-84,other_citizen,0
Johor,1/1/2025,female,80-84,other_noncitizen,1.6
Johor,1/1/2025,female,85+,bumi_malay,5
Johor,1/1/2025,female,85+,bumi_other,0.4
Johor,1/1/2025,female,85+,chinese,1.1
Johor,1/1/2025,female,85+,indian,0.5
Johor,1/1/2025,female,85+,other_citizen,0
Johor,1/1/2025,female,85+,other_noncitizen,1.6
Johor,1/1/2025,male,0-4,bumi_malay,94.3
Johor,1/1/2025,male,0-4,bumi_other,3.2
Johor,1/1/2025,male,0-4,chinese,22.7
Johor,1/1/2025,male,0-4,indian,7
Johor,1/1/2025,male,0-4,other_citizen,1.2
Johor,1/1/2025,male,0-4,other_noncitizen,1.4
Johor,1/1/2025,male,5-9,bumi_malay,98.1
Johor,1/1/2025,male,5-9,bumi_other,2.8
Johor,1/1/2025,male,5-9,chinese,40.4
Johor,1/1/2025,male,5-9,indian,8.7
Johor,1/1/2025,male,5-9,other_citizen,0.6
Johor,1/1/2025,male,5-9,other_noncitizen,1.2
Johor,1/1/2025,male,10-14,bumi_malay,101.8
Johor,1/1/2025,male,10-14,bumi_other,2.7
Johor,1/1/2025,male,10-14,chinese,49
Johor,1/1/2025,male,10-14,indian,10.5
Johor,1/1/2025,male,10-14,other_citizen,0.5
Johor,1/1/2025,male,10-14,other_noncitizen,0.8
Johor,1/1/2025,male,15-19,bumi_malay,102.2
Johor,1/1/2025,male,15-19,bumi_other,2.6
Johor,1/1/2025,male,15-19,chinese,53.4
Johor,1/1/2025,male,15-19,indian,11.3
Johor,1/1/2025,male,15-19,other_citizen,0.6
Johor,1/1/2025,male,15-19,other_noncitizen,15
Johor,1/1/2025,male,20-24,bumi_malay,101.7
Johor,1/1/2025,male,20-24,bumi_other,2.9
Johor,1/1/2025,male,20-24,chinese,50.1
Johor,1/1/2025,male,20-24,indian,10.7
Johor,1/1/2025,male,20-24,other_citizen,2.8
Johor,1/1/2025,male,20-24,other_noncitizen,64.7
Johor,1/1/2025,male,25-29,bumi_malay,100
Johor,1/1/2025,male,25-29,bumi_other,1.5
Johor,1/1/2025,male,25-29,chinese,53.8
Johor,1/1/2025,male,25-29,indian,10.4
Johor,1/1/2025,male,25-29,other_citizen,1.3
Johor,1/1/2025,male,25-29,other_noncitizen,71.9
Johor,1/1/2025,male,30-34,bumi_malay,88.4
Johor,1/1/2025,male,30-34,bumi_other,1.2
Johor,1/1/2025,male,30-34,chinese,48.9
Johor,1/1/2025,male,30-34,indian,9.4
Johor,1/1/2025,male,30-34,other_citizen,0.2
Johor,1/1/2025,male,30-34,other_noncitizen,47.4
Johor,1/1/2025,male,35-39,bumi_malay,89.8
Johor,1/1/2025,male,35-39,bumi_other,2.8
Johor,1/1/2025,male,35-39,chinese,46.6
Johor,1/1/2025,male,35-39,indian,9.3
Johor,1/1/2025,male,35-39,other_citizen,0.7
Johor,1/1/2025,male,35-39,other_noncitizen,33.1
Johor,1/1/2025,male,40-44,bumi_malay,82.9
Johor,1/1/2025,male,40-44,bumi_other,3.3
Johor,1/1/2025,male,40-44,chinese,46.6
Johor,1/1/2025,male,40-44,indian,10.3
Johor,1/1/2025,male,40-44,other_citizen,0.2
Johor,1/1/2025,male,40-44,other_noncitizen,21.5
Johor,1/1/2025,male,45-49,bumi_malay,64.4
Johor,1/1/2025,male,45-49,bumi_other,3
Johor,1/1/2025,male,45-49,chinese,43.4
Johor,1/1/2025,male,45-49,indian,9.3
Johor,1/1/2025,male,45-49,other_citizen,1.1
Johor,1/1/2025,male,45-49,other_noncitizen,15
Johor,1/1/2025,male,50-54,bumi_malay,56.1
Johor,1/1/2025,male,50-54,bumi_other,2
Johor,1/1/2025,male,50-54,chinese,41.3
Johor,1/1/2025,male,50-54,indian,7
Johor,1/1/2025,male,50-54,other_citizen,0.8
Johor,1/1/2025,male,50-54,other_noncitizen,10.1
Johor,1/1/2025,male,55-59,bumi_malay,50.1
Johor,1/1/2025,male,55-59,bumi_other,1.3
Johor,1/1/2025,male,55-59,chinese,37.4
Johor,1/1/2025,male,55-59,indian,6.3
Johor,1/1/2025,male,55-59,other_citizen,0.4
Johor,1/1/2025,male,55-59,other_noncitizen,7.8
Johor,1/1/2025,male,60-64,bumi_malay,45.5
Johor,1/1/2025,male,60-64,bumi_other,0.9
Johor,1/1/2025,male,60-64,chinese,34.3
Johor,1/1/2025,male,60-64,indian,5.3
Johor,1/1/2025,male,60-64,other_citizen,0.3
Johor,1/1/2025,male,60-64,other_noncitizen,4.9
Johor,1/1/2025,male,65-69,bumi_malay,35
Johor,1/1/2025,male,65-69,bumi_other,0.6
Johor,1/1/2025,male,65-69,chinese,27.4
Johor,1/1/2025,male,65-69,indian,3.6
Johor,1/1/2025,male,65-69,other_citizen,0.5
Johor,1/1/2025,male,65-69,other_noncitizen,6
Johor,1/1/2025,male,70-74,bumi_malay,19.9
Johor,1/1/2025,male,70-74,bumi_other,0.5
Johor,1/1/2025,male,70-74,chinese,10.6
Johor,1/1/2025,male,70-74,indian,2.3
Johor,1/1/2025,male,70-74,other_citizen,0.4
Johor,1/1/2025,male,70-74,other_noncitizen,4
Johor,1/1/2025,male,75-79,bumi_malay,12.5
Johor,1/1/2025,male,75-79,bumi_other,0.4
Johor,1/1/2025,male,75-79,chinese,7.2
Johor,1/1/2025,male,75-79,indian,1.2
Johor,1/1/2025,male,75-79,other_citizen,0
Johor,1/1/2025,male,75-79,other_noncitizen,2.3
Johor,1/1/2025,male,80-84,bumi_malay,6
Johor,1/1/2025,male,80-84,bumi_other,0.3
Johor,1/1/2025,male,80-84,chinese,3.5
Johor,1/1/2025,male,80-84,indian,0.7
Johor,1/1/2025,male,80-84,other_citizen,0
Johor,1/1/2025,male,80-84,other_noncitizen,2.5
Johor,1/1/2025,male,85+,bumi_malay,6.2
Johor,1/1/2025,male,85+,bumi_other,0.4
Johor,1/1/2025,male,85+,chinese,2.5
Johor,1/1/2025,male,85+,indian,0.7
Johor,1/1/2025,male,85+,other_citizen,0
Johor,1/1/2025,male,85+,other_noncitizen,3
Kedah,1/1/2025,both,0-4,bumi_malay,140.8
Kedah,1/1/2025,both,0-4,bumi_other,0.4
Kedah,1/1/2025,both,0-4,chinese,6.8
Kedah,1/1/2025,both,0-4,indian,5.5
Kedah,1/1/2025,both,0-4,other_citizen,1.5
Kedah,1/1/2025,both,0-4,other_noncitizen,12.4
Kedah,1/1/2025,both,5-9,bumi_malay,143.2
Kedah,1/1/2025,both,5-9,bumi_other,0.4
Kedah,1/1/2025,both,5-9,chinese,16.7
Kedah,1/1/2025,both,5-9,indian,7.8
Kedah,1/1/2025,both,5-9,other_citizen,2.3
Kedah,1/1/2025,both,5-9,other_noncitizen,7.6
Kedah,1/1/2025,both,10-14,bumi_malay,143.1
Kedah,1/1/2025,both,10-14,bumi_other,0.4
Kedah,1/1/2025,both,10-14,chinese,20.8
Kedah,1/1/2025,both,10-14,indian,10.1
Kedah,1/1/2025,both,10-14,other_citizen,2.7
Kedah,1/1/2025,both,10-14,other_noncitizen,4.9
Kedah,1/1/2025,both,15-19,bumi_malay,130.7
Kedah,1/1/2025,both,15-19,bumi_other,0.2
Kedah,1/1/2025,both,15-19,chinese,24.1
Kedah,1/1/2025,both,15-19,indian,12.9
Kedah,1/1/2025,both,15-19,other_citizen,1.7
Kedah,1/1/2025,both,15-19,other_noncitizen,6.1
Kedah,1/1/2025,both,20-24,bumi_malay,151
Kedah,1/1/2025,both,20-24,bumi_other,0.2
Kedah,1/1/2025,both,20-24,chinese,17.8
Kedah,1/1/2025,both,20-24,indian,10.2
Kedah,1/1/2025,both,20-24,other_citizen,2
Kedah,1/1/2025,both,20-24,other_noncitizen,17.2
Kedah,1/1/2025,both,25-29,bumi_malay,167.8
Kedah,1/1/2025,both,25-29,bumi_other,0.3
Kedah,1/1/2025,both,25-29,chinese,20.6
Kedah,1/1/2025,both,25-29,indian,12.3
Kedah,1/1/2025,both,25-29,other_citizen,2.5
Kedah,1/1/2025,both,25-29,other_noncitizen,21.5
Kedah,1/1/2025,both,30-34,bumi_malay,143.9
Kedah,1/1/2025,both,30-34,bumi_other,0.2
Kedah,1/1/2025,both,30-34,chinese,20.8
Kedah,1/1/2025,both,30-34,indian,10.8
Kedah,1/1/2025,both,30-34,other_citizen,1.7
Kedah,1/1/2025,both,30-34,other_noncitizen,12.6
Kedah,1/1/2025,both,35-39,bumi_malay,112.2
Kedah,1/1/2025,both,35-39,bumi_other,0.5
Kedah,1/1/2025,both,35-39,chinese,17.6
Kedah,1/1/2025,both,35-39,indian,10
Kedah,1/1/2025,both,35-39,other_citizen,2.2
Kedah,1/1/2025,both,35-39,other_noncitizen,9
Kedah,1/1/2025,both,40-44,bumi_malay,99.3
Kedah,1/1/2025,both,40-44,bumi_other,0.3
Kedah,1/1/2025,both,40-44,chinese,13.4
Kedah,1/1/2025,both,40-44,indian,8.5
Kedah,1/1/2025,both,40-44,other_citizen,1.8
Kedah,1/1/2025,both,40-44,other_noncitizen,5.6
Kedah,1/1/2025,both,45-49,bumi_malay,86.7
Kedah,1/1/2025,both,45-49,bumi_other,0.2
Kedah,1/1/2025,both,45-49,chinese,14.8
Kedah,1/1/2025,both,45-49,indian,7.8
Kedah,1/1/2025,both,45-49,other_citizen,1.4
Kedah,1/1/2025,both,45-49,other_noncitizen,2.9
Kedah,1/1/2025,both,50-54,bumi_malay,84.5
Kedah,1/1/2025,both,50-54,bumi_other,0.2
Kedah,1/1/2025,both,50-54,chinese,14.9
Kedah,1/1/2025,both,50-54,indian,6.5
Kedah,1/1/2025,both,50-54,other_citizen,1.3
Kedah,1/1/2025,both,50-54,other_noncitizen,1.9
Kedah,1/1/2025,both,55-59,bumi_malay,79.3
Kedah,1/1/2025,both,55-59,bumi_other,0.4
Kedah,1/1/2025,both,55-59,chinese,15.2
Kedah,1/1/2025,both,55-59,indian,6.5
Kedah,1/1/2025,both,55-59,other_citizen,1.3
Kedah,1/1/2025,both,55-59,other_noncitizen,1.1
Kedah,1/1/2025,both,60-64,bumi_malay,71.5
Kedah,1/1/2025,both,60-64,bumi_other,0.4
Kedah,1/1/2025,both,60-64,chinese,15.3
Kedah,1/1/2025,both,60-64,indian,6.2
Kedah,1/1/2025,both,60-64,other_citizen,1.2
Kedah,1/1/2025,both,60-64,other_noncitizen,0.7
Kedah,1/1/2025,both,65-69,bumi_malay,59
Kedah,1/1/2025,both,65-69,bumi_other,0.2
Kedah,1/1/2025,both,65-69,chinese,14.1
Kedah,1/1/2025,both,65-69,indian,5.2
Kedah,1/1/2025,both,65-69,other_citizen,0.9
Kedah,1/1/2025,both,65-69,other_noncitizen,2.6
Kedah,1/1/2025,both,70-74,bumi_malay,44.4
Kedah,1/1/2025,both,70-74,bumi_other,0.2
Kedah,1/1/2025,both,70-74,chinese,6
Kedah,1/1/2025,both,70-74,indian,3.8
Kedah,1/1/2025,both,70-74,other_citizen,0.8
Kedah,1/1/2025,both,70-74,other_noncitizen,1.7
Kedah,1/1/2025,both,75-79,bumi_malay,28.1
Kedah,1/1/2025,both,75-79,bumi_other,0.1
Kedah,1/1/2025,both,75-79,chinese,4.5
Kedah,1/1/2025,both,75-79,indian,2.2
Kedah,1/1/2025,both,75-79,other_citizen,0.5
Kedah,1/1/2025,both,75-79,other_noncitizen,1.1
Kedah,1/1/2025,both,80-84,bumi_malay,14
Kedah,1/1/2025,both,80-84,bumi_other,0.1
Kedah,1/1/2025,both,80-84,chinese,2.2
Kedah,1/1/2025,both,80-84,indian,1
Kedah,1/1/2025,both,80-84,other_citizen,0.2
Kedah,1/1/2025,both,80-84,other_noncitizen,0.8
Kedah,1/1/2025,both,85+,bumi_malay,11.7
Kedah,1/1/2025,both,85+,bumi_other,0.2
Kedah,1/1/2025,both,85+,chinese,1.1
Kedah,1/1/2025,both,85+,indian,1.1
Kedah,1/1/2025,both,85+,other_citizen,0
Kedah,1/1/2025,both,85+,other_noncitizen,1.4
Kedah,1/1/2025,female,0-4,bumi_malay,68.3
Kedah,1/1/2025,female,0-4,bumi_other,0.2
Kedah,1/1/2025,female,0-4,chinese,3.3
Kedah,1/1/2025,female,0-4,indian,2.7
Kedah,1/1/2025,female,0-4,other_citizen,0.7
Kedah,1/1/2025,female,0-4,other_noncitizen,5
Kedah,1/1/2025,female,5-9,bumi_malay,68.1
Kedah,1/1/2025,female,5-9,bumi_other,0.3
Kedah,1/1/2025,female,5-9,chinese,9
Kedah,1/1/2025,female,5-9,indian,4
Kedah,1/1/2025,female,5-9,other_citizen,1.1
Kedah,1/1/2025,female,5-9,other_noncitizen,2.8
Kedah,1/1/2025,female,10-14,bumi_malay,69.4
Kedah,1/1/2025,female,10-14,bumi_other,0.1
Kedah,1/1/2025,female,10-14,chinese,10.3
Kedah,1/1/2025,female,10-14,indian,5.2
Kedah,1/1/2025,female,10-14,other_citizen,1.3
Kedah,1/1/2025,female,10-14,other_noncitizen,1.7
Kedah,1/1/2025,female,15-19,bumi_malay,63.6
Kedah,1/1/2025,female,15-19,bumi_other,0.1
Kedah,1/1/2025,female,15-19,chinese,12
Kedah,1/1/2025,female,15-19,indian,6.6
Kedah,1/1/2025,female,15-19,other_citizen,0.8
Kedah,1/1/2025,female,15-19,other_noncitizen,1.7
Kedah,1/1/2025,female,20-24,bumi_malay,72.5
Kedah,1/1/2025,female,20-24,bumi_other,0.1
Kedah,1/1/2025,female,20-24,chinese,8.8
Kedah,1/1/2025,female,20-24,indian,5
Kedah,1/1/2025,female,20-24,other_citizen,0.8
Kedah,1/1/2025,female,20-24,other_noncitizen,3.8
Kedah,1/1/2025,female,25-29,bumi_malay,81.4
Kedah,1/1/2025,female,25-29,bumi_other,0.2
Kedah,1/1/2025,female,25-29,chinese,9.1
Kedah,1/1/2025,female,25-29,indian,5.7
Kedah,1/1/2025,female,25-29,other_citizen,1
Kedah,1/1/2025,female,25-29,other_noncitizen,3.8
Kedah,1/1/2025,female,30-34,bumi_malay,70.6
Kedah,1/1/2025,female,30-34,bumi_other,0.1
Kedah,1/1/2025,female,30-34,chinese,10.4
Kedah,1/1/2025,female,30-34,indian,5.3
Kedah,1/1/2025,female,30-34,other_citizen,0.8
Kedah,1/1/2025,female,30-34,other_noncitizen,2.6
Kedah,1/1/2025,female,35-39,bumi_malay,56.4
Kedah,1/1/2025,female,35-39,bumi_other,0.2
Kedah,1/1/2025,female,35-39,chinese,9.6
Kedah,1/1/2025,female,35-39,indian,5.1
Kedah,1/1/2025,female,35-39,other_citizen,1.1
Kedah,1/1/2025,female,35-39,other_noncitizen,2.1
Kedah,1/1/2025,female,40-44,bumi_malay,52.2
Kedah,1/1/2025,female,40-44,bumi_other,0.1
Kedah,1/1/2025,female,40-44,chinese,5.6
Kedah,1/1/2025,female,40-44,indian,4.4
Kedah,1/1/2025,female,40-44,other_citizen,0.8
Kedah,1/1/2025,female,40-44,other_noncitizen,1.9
Kedah,1/1/2025,female,45-49,bumi_malay,43.5
Kedah,1/1/2025,female,45-49,bumi_other,0.1
Kedah,1/1/2025,female,45-49,chinese,7.6
Kedah,1/1/2025,female,45-49,indian,3.9
Kedah,1/1/2025,female,45-49,other_citizen,0.7
Kedah,1/1/2025,female,45-49,other_noncitizen,0.8
Kedah,1/1/2025,female,50-54,bumi_malay,44
Kedah,1/1/2025,female,50-54,bumi_other,0.1
Kedah,1/1/2025,female,50-54,chinese,7.7
Kedah,1/1/2025,female,50-54,indian,3.6
Kedah,1/1/2025,female,50-54,other_citizen,0.7
Kedah,1/1/2025,female,50-54,other_noncitizen,0.5
Kedah,1/1/2025,female,55-59,bumi_malay,41.9
Kedah,1/1/2025,female,55-59,bumi_other,0.2
Kedah,1/1/2025,female,55-59,chinese,8.2
Kedah,1/1/2025,female,55-59,indian,3.7
Kedah,1/1/2025,female,55-59,other_citizen,0.6
Kedah,1/1/2025,female,55-59,other_noncitizen,0.3
Kedah,1/1/2025,female,60-64,bumi_malay,37.4
Kedah,1/1/2025,female,60-64,bumi_other,0.2
Kedah,1/1/2025,female,60-64,chinese,7.9
Kedah,1/1/2025,female,60-64,indian,3.6
Kedah,1/1/2025,female,60-64,other_citizen,0.5
Kedah,1/1/2025,female,60-64,other_noncitizen,0.2
Kedah,1/1/2025,female,65-69,bumi_malay,31.9
Kedah,1/1/2025,female,65-69,bumi_other,0.1
Kedah,1/1/2025,female,65-69,chinese,7.5
Kedah,1/1/2025,female,65-69,indian,3.1
Kedah,1/1/2025,female,65-69,other_citizen,0.5
Kedah,1/1/2025,female,65-69,other_noncitizen,1.5
Kedah,1/1/2025,female,70-74,bumi_malay,23.7
Kedah,1/1/2025,female,70-74,bumi_other,0.1
Kedah,1/1/2025,female,70-74,chinese,3.3
Kedah,1/1/2025,female,70-74,indian,2.2
Kedah,1/1/2025,female,70-74,other_citizen,0.4
Kedah,1/1/2025,female,70-74,other_noncitizen,0.6
Kedah,1/1/2025,female,75-79,bumi_malay,15.2
Kedah,1/1/2025,female,75-79,bumi_other,0.1
Kedah,1/1/2025,female,75-79,chinese,2.3
Kedah,1/1/2025,female,75-79,indian,1.3
Kedah,1/1/2025,female,75-79,other_citizen,0.3
Kedah,1/1/2025,female,75-79,other_noncitizen,0.3
Kedah,1/1/2025,female,80-84,bumi_malay,8.3
Kedah,1/1/2025,female,80-84,bumi_other,0
Kedah,1/1/2025,female,80-84,chinese,1.2
Kedah,1/1/2025,female,80-84,indian,0.6
Kedah,1/1/2025,female,80-84,other_citizen,0.1
Kedah,1/1/2025,female,80-84,other_noncitizen,0.3
Kedah,1/1/2025,female,85+,bumi_malay,6.1
Kedah,1/1/2025,female,85+,bumi_other,0.1
Kedah,1/1/2025,female,85+,chinese,0.5
Kedah,1/1/2025,female,85+,indian,0.6
Kedah,1/1/2025,female,85+,other_citizen,0
Kedah,1/1/2025,female,85+,other_noncitizen,0.9
Kedah,1/1/2025,male,0-4,bumi_malay,72.4
Kedah,1/1/2025,male,0-4,bumi_other,0.2
Kedah,1/1/2025,male,0-4,chinese,3.5
Kedah,1/1/2025,male,0-4,indian,2.8
Kedah,1/1/2025,male,0-4,other_citizen,0.8
Kedah,1/1/2025,male,0-4,other_noncitizen,7.4
Kedah,1/1/2025,male,5-9,bumi_malay,75.1
Kedah,1/1/2025,male,5-9,bumi_other,0.1
Kedah,1/1/2025,male,5-9,chinese,7.7
Kedah,1/1/2025,male,5-9,indian,3.8
Kedah,1/1/2025,male,5-9,other_citizen,1.2
Kedah,1/1/2025,male,5-9,other_noncitizen,4.8
Kedah,1/1/2025,male,10-14,bumi_malay,73.7
Kedah,1/1/2025,male,10-14,bumi_other,0.3
Kedah,1/1/2025,male,10-14,chinese,10.5
Kedah,1/1/2025,male,10-14,indian,4.8
Kedah,1/1/2025,male,10-14,other_citizen,1.4
Kedah,1/1/2025,male,10-14,other_noncitizen,3.2
Kedah,1/1/2025,male,15-19,bumi_malay,67.1
Kedah,1/1/2025,male,15-19,bumi_other,0.1
Kedah,1/1/2025,male,15-19,chinese,12.1
Kedah,1/1/2025,male,15-19,indian,6.3
Kedah,1/1/2025,male,15-19,other_citizen,0.9
Kedah,1/1/2025,male,15-19,other_noncitizen,4.5
Kedah,1/1/2025,male,20-24,bumi_malay,78.4
Kedah,1/1/2025,male,20-24,bumi_other,0.1
Kedah,1/1/2025,male,20-24,chinese,9
Kedah,1/1/2025,male,20-24,indian,5.2
Kedah,1/1/2025,male,20-24,other_citizen,1.2
Kedah,1/1/2025,male,20-24,other_noncitizen,13.4
Kedah,1/1/2025,male,25-29,bumi_malay,86.4
Kedah,1/1/2025,male,25-29,bumi_other,0.1
Kedah,1/1/2025,male,25-29,chinese,11.5
Kedah,1/1/2025,male,25-29,indian,6.6
Kedah,1/1/2025,male,25-29,other_citizen,1.5
Kedah,1/1/2025,male,25-29,other_noncitizen,17.6
Kedah,1/1/2025,male,30-34,bumi_malay,73.3
Kedah,1/1/2025,male,30-34,bumi_other,0.2
Kedah,1/1/2025,male,30-34,chinese,10.4
Kedah,1/1/2025,male,30-34,indian,5.5
Kedah,1/1/2025,male,30-34,other_citizen,0.9
Kedah,1/1/2025,male,30-34,other_noncitizen,10
Kedah,1/1/2025,male,35-39,bumi_malay,55.8
Kedah,1/1/2025,male,35-39,bumi_other,0.4
Kedah,1/1/2025,male,35-39,chinese,8
Kedah,1/1/2025,male,35-39,indian,4.9
Kedah,1/1/2025,male,35-39,other_citizen,1
Kedah,1/1/2025,male,35-39,other_noncitizen,7
Kedah,1/1/2025,male,40-44,bumi_malay,47.1
Kedah,1/1/2025,male,40-44,bumi_other,0.2
Kedah,1/1/2025,male,40-44,chinese,7.8
Kedah,1/1/2025,male,40-44,indian,4.1
Kedah,1/1/2025,male,40-44,other_citizen,0.9
Kedah,1/1/2025,male,40-44,other_noncitizen,3.7
Kedah,1/1/2025,male,45-49,bumi_malay,43.2
Kedah,1/1/2025,male,45-49,bumi_other,0.1
Kedah,1/1/2025,male,45-49,chinese,7.2
Kedah,1/1/2025,male,45-49,indian,3.8
Kedah,1/1/2025,male,45-49,other_citizen,0.6
Kedah,1/1/2025,male,45-49,other_noncitizen,2.1
Kedah,1/1/2025,male,50-54,bumi_malay,40.5
Kedah,1/1/2025,male,50-54,bumi_other,0.1
Kedah,1/1/2025,male,50-54,chinese,7.1
Kedah,1/1/2025,male,50-54,indian,2.9
Kedah,1/1/2025,male,50-54,other_citizen,0.6
Kedah,1/1/2025,male,50-54,other_noncitizen,1.4
Kedah,1/1/2025,male,55-59,bumi_malay,37.4
Kedah,1/1/2025,male,55-59,bumi_other,0.2
Kedah,1/1/2025,male,55-59,chinese,7
Kedah,1/1/2025,male,55-59,indian,2.8
Kedah,1/1/2025,male,55-59,other_citizen,0.7
Kedah,1/1/2025,male,55-59,other_noncitizen,0.8
Kedah,1/1/2025,male,60-64,bumi_malay,34.2
Kedah,1/1/2025,male,60-64,bumi_other,0.2
Kedah,1/1/2025,male,60-64,chinese,7.4
Kedah,1/1/2025,male,60-64,indian,2.6
Kedah,1/1/2025,male,60-64,other_citizen,0.6
Kedah,1/1/2025,male,60-64,other_noncitizen,0.5
Kedah,1/1/2025,male,65-69,bumi_malay,27.2
Kedah,1/1/2025,male,65-69,bumi_other,0.1
Kedah,1/1/2025,male,65-69,chinese,6.6
Kedah,1/1/2025,male,65-69,indian,2.1
Kedah,1/1/2025,male,65-69,other_citizen,0.4
Kedah,1/1/2025,male,65-69,other_noncitizen,1.1
Kedah,1/1/2025,male,70-74,bumi_malay,20.7
Kedah,1/1/2025,male,70-74,bumi_other,0.1
Kedah,1/1/2025,male,70-74,chinese,2.7
Kedah,1/1/2025,male,70-74,indian,1.6
Kedah,1/1/2025,male,70-74,other_citizen,0.4
Kedah,1/1/2025,male,70-74,other_noncitizen,1.1
Kedah,1/1/2025,male,75-79,bumi_malay,13
Kedah,1/1/2025,male,75-79,bumi_other,0.1
Kedah,1/1/2025,male,75-79,chinese,2.2
Kedah,1/1/2025,male,75-79,indian,0.9
Kedah,1/1/2025,male,75-79,other_citizen,0.2
Kedah,1/1/2025,male,75-79,other_noncitizen,0.7
Kedah,1/1/2025,male,80-84,bumi_malay,5.7
Kedah,1/1/2025,male,80-84,bumi_other,0
Kedah,1/1/2025,male,80-84,chinese,1
Kedah,1/1/2025,male,80-84,indian,0.4
Kedah,1/1/2025,male,80-84,other_citizen,0.1
Kedah,1/1/2025,male,80-84,other_noncitizen,0.5
Kedah,1/1/2025,male,85+,bumi_malay,5.7
Kedah,1/1/2025,male,85+,bumi_other,0.1
Kedah,1/1/2025,male,85+,chinese,0.6
Kedah,1/1/2025,male,85+,indian,0.5
Kedah,1/1/2025,male,85+,other_citizen,0
Kedah,1/1/2025,male,85+,other_noncitizen,0.5
Kelantan,1/1/2025,both,0-4,bumi_malay,162
Kelantan,1/1/2025,both,0-4,bumi_other,2.1
Kelantan,1/1/2025,both,0-4,chinese,1.7
Kelantan,1/1/2025,both,0-4,indian,0.1
Kelantan,1/1/2025,both,0-4,other_citizen,0.7
Kelantan,1/1/2025,both,0-4,other_noncitizen,1.1
Kelantan,1/1/2025,both,5-9,bumi_malay,165.1
Kelantan,1/1/2025,both,5-9,bumi_other,3.9
Kelantan,1/1/2025,both,5-9,chinese,2.6
Kelantan,1/1/2025,both,5-9,indian,0.3
Kelantan,1/1/2025,both,5-9,other_citizen,0.8
Kelantan,1/1/2025,both,5-9,other_noncitizen,1.2
Kelantan,1/1/2025,both,10-14,bumi_malay,177.2
Kelantan,1/1/2025,both,10-14,bumi_other,2.6
Kelantan,1/1/2025,both,10-14,chinese,3.1
Kelantan,1/1/2025,both,10-14,indian,0.4
Kelantan,1/1/2025,both,10-14,other_citizen,0.9
Kelantan,1/1/2025,both,10-14,other_noncitizen,1
Kelantan,1/1/2025,both,15-19,bumi_malay,169.4
Kelantan,1/1/2025,both,15-19,bumi_other,2.7
Kelantan,1/1/2025,both,15-19,chinese,2.9
Kelantan,1/1/2025,both,15-19,indian,0.4
Kelantan,1/1/2025,both,15-19,other_citizen,0.8
Kelantan,1/1/2025,both,15-19,other_noncitizen,1.4
Kelantan,1/1/2025,both,20-24,bumi_malay,197.8
Kelantan,1/1/2025,both,20-24,bumi_other,2.4
Kelantan,1/1/2025,both,20-24,chinese,3.5
Kelantan,1/1/2025,both,20-24,indian,0.4
Kelantan,1/1/2025,both,20-24,other_citizen,0.7
Kelantan,1/1/2025,both,20-24,other_noncitizen,4.5
Kelantan,1/1/2025,both,25-29,bumi_malay,159.4
Kelantan,1/1/2025,both,25-29,bumi_other,2.3
Kelantan,1/1/2025,both,25-29,chinese,3.3
Kelantan,1/1/2025,both,25-29,indian,1.1
Kelantan,1/1/2025,both,25-29,other_citizen,0.7
Kelantan,1/1/2025,both,25-29,other_noncitizen,7.5
Kelantan,1/1/2025,both,30-34,bumi_malay,117.5
Kelantan,1/1/2025,both,30-34,bumi_other,1.7
Kelantan,1/1/2025,both,30-34,chinese,2.7
Kelantan,1/1/2025,both,30-34,indian,0.4
Kelantan,1/1/2025,both,30-34,other_citizen,0.7
Kelantan,1/1/2025,both,30-34,other_noncitizen,8.1
Kelantan,1/1/2025,both,35-39,bumi_malay,105.2
Kelantan,1/1/2025,both,35-39,bumi_other,1.3
Kelantan,1/1/2025,both,35-39,chinese,2.8
Kelantan,1/1/2025,both,35-39,indian,0.4
Kelantan,1/1/2025,both,35-39,other_citizen,0.7
Kelantan,1/1/2025,both,35-39,other_noncitizen,6.3
Kelantan,1/1/2025,both,40-44,bumi_malay,96
Kelantan,1/1/2025,both,40-44,bumi_other,1
Kelantan,1/1/2025,both,40-44,chinese,2.7
Kelantan,1/1/2025,both,40-44,indian,0.3
Kelantan,1/1/2025,both,40-44,other_citizen,0.7
Kelantan,1/1/2025,both,40-44,other_noncitizen,5
Kelantan,1/1/2025,both,45-49,bumi_malay,77.7
Kelantan,1/1/2025,both,45-49,bumi_other,0.8
Kelantan,1/1/2025,both,45-49,chinese,2.6
Kelantan,1/1/2025,both,45-49,indian,0.2
Kelantan,1/1/2025,both,45-49,other_citizen,0.7
Kelantan,1/1/2025,both,45-49,other_noncitizen,3.6
Kelantan,1/1/2025,both,50-54,bumi_malay,76.6
Kelantan,1/1/2025,both,50-54,bumi_other,0.7
Kelantan,1/1/2025,both,50-54,chinese,2.6
Kelantan,1/1/2025,both,50-54,indian,0.2
Kelantan,1/1/2025,both,50-54,other_citizen,0.7
Kelantan,1/1/2025,both,50-54,other_noncitizen,2.7
Kelantan,1/1/2025,both,55-59,bumi_malay,72.1
Kelantan,1/1/2025,both,55-59,bumi_other,0.5
Kelantan,1/1/2025,both,55-59,chinese,2.9
Kelantan,1/1/2025,both,55-59,indian,0.1
Kelantan,1/1/2025,both,55-59,other_citizen,0.6
Kelantan,1/1/2025,both,55-59,other_noncitizen,2
Kelantan,1/1/2025,both,60-64,bumi_malay,72
Kelantan,1/1/2025,both,60-64,bumi_other,0.4
Kelantan,1/1/2025,both,60-64,chinese,3.2
Kelantan,1/1/2025,both,60-64,indian,0.2
Kelantan,1/1/2025,both,60-64,other_citizen,0.7
Kelantan,1/1/2025,both,60-64,other_noncitizen,1.2
Kelantan,1/1/2025,both,65-69,bumi_malay,54.9
Kelantan,1/1/2025,both,65-69,bumi_other,0.3
Kelantan,1/1/2025,both,65-69,chinese,2.7
Kelantan,1/1/2025,both,65-69,indian,0.2
Kelantan,1/1/2025,both,65-69,other_citizen,0.5
Kelantan,1/1/2025,both,65-69,other_noncitizen,0.7
Kelantan,1/1/2025,both,70-74,bumi_malay,36.2
Kelantan,1/1/2025,both,70-74,bumi_other,0.2
Kelantan,1/1/2025,both,70-74,chinese,2.1
Kelantan,1/1/2025,both,70-74,indian,0.1
Kelantan,1/1/2025,both,70-74,other_citizen,0.4
Kelantan,1/1/2025,both,70-74,other_noncitizen,0.4
Kelantan,1/1/2025,both,75-79,bumi_malay,23
Kelantan,1/1/2025,both,75-79,bumi_other,0.1
Kelantan,1/1/2025,both,75-79,chinese,1.4
Kelantan,1/1/2025,both,75-79,indian,0.1
Kelantan,1/1/2025,both,75-79,other_citizen,0.3
Kelantan,1/1/2025,both,75-79,other_noncitizen,0.2
Kelantan,1/1/2025,both,80-84,bumi_malay,10.1
Kelantan,1/1/2025,both,80-84,bumi_other,0.1
Kelantan,1/1/2025,both,80-84,chinese,0.7
Kelantan,1/1/2025,both,80-84,indian,0
Kelantan,1/1/2025,both,80-84,other_citizen,0.2
Kelantan,1/1/2025,both,80-84,other_noncitizen,0.2
Kelantan,1/1/2025,both,85+,bumi_malay,5.4
Kelantan,1/1/2025,both,85+,bumi_other,0.1
Kelantan,1/1/2025,both,85+,chinese,0.5
Kelantan,1/1/2025,both,85+,indian,0
Kelantan,1/1/2025,both,85+,other_citizen,0.2
Kelantan,1/1/2025,both,85+,other_noncitizen,0.1
Kelantan,1/1/2025,female,0-4,bumi_malay,78.4
Kelantan,1/1/2025,female,0-4,bumi_other,1.1
Kelantan,1/1/2025,female,0-4,chinese,0.8
Kelantan,1/1/2025,female,0-4,indian,0.1
Kelantan,1/1/2025,female,0-4,other_citizen,0.3
Kelantan,1/1/2025,female,0-4,other_noncitizen,0.5
Kelantan,1/1/2025,female,5-9,bumi_malay,81
Kelantan,1/1/2025,female,5-9,bumi_other,1.9
Kelantan,1/1/2025,female,5-9,chinese,1.3
Kelantan,1/1/2025,female,5-9,indian,0.2
Kelantan,1/1/2025,female,5-9,other_citizen,0.4
Kelantan,1/1/2025,female,5-9,other_noncitizen,0.6
Kelantan,1/1/2025,female,10-14,bumi_malay,85.8
Kelantan,1/1/2025,female,10-14,bumi_other,1.4
Kelantan,1/1/2025,female,10-14,chinese,1.4
Kelantan,1/1/2025,female,10-14,indian,0.2
Kelantan,1/1/2025,female,10-14,other_citizen,0.4
Kelantan,1/1/2025,female,10-14,other_noncitizen,0.5
Kelantan,1/1/2025,female,15-19,bumi_malay,82.1
Kelantan,1/1/2025,female,15-19,bumi_other,1.3
Kelantan,1/1/2025,female,15-19,chinese,1.4
Kelantan,1/1/2025,female,15-19,indian,0.2
Kelantan,1/1/2025,female,15-19,other_citizen,0.4
Kelantan,1/1/2025,female,15-19,other_noncitizen,0.6
Kelantan,1/1/2025,female,20-24,bumi_malay,98.2
Kelantan,1/1/2025,female,20-24,bumi_other,1.2
Kelantan,1/1/2025,female,20-24,chinese,1.7
Kelantan,1/1/2025,female,20-24,indian,0.2
Kelantan,1/1/2025,female,20-24,other_citizen,0.4
Kelantan,1/1/2025,female,20-24,other_noncitizen,1.4
Kelantan,1/1/2025,female,25-29,bumi_malay,81.7
Kelantan,1/1/2025,female,25-29,bumi_other,1.2
Kelantan,1/1/2025,female,25-29,chinese,1.7
Kelantan,1/1/2025,female,25-29,indian,0.7
Kelantan,1/1/2025,female,25-29,other_citizen,0.3
Kelantan,1/1/2025,female,25-29,other_noncitizen,1.5
Kelantan,1/1/2025,female,30-34,bumi_malay,58.1
Kelantan,1/1/2025,female,30-34,bumi_other,0.8
Kelantan,1/1/2025,female,30-34,chinese,1.3
Kelantan,1/1/2025,female,30-34,indian,0.2
Kelantan,1/1/2025,female,30-34,other_citizen,0.3
Kelantan,1/1/2025,female,30-34,other_noncitizen,2
Kelantan,1/1/2025,female,35-39,bumi_malay,52.1
Kelantan,1/1/2025,female,35-39,bumi_other,0.6
Kelantan,1/1/2025,female,35-39,chinese,1.3
Kelantan,1/1/2025,female,35-39,indian,0.2
Kelantan,1/1/2025,female,35-39,other_citizen,0.3
Kelantan,1/1/2025,female,35-39,other_noncitizen,1.8
Kelantan,1/1/2025,female,40-44,bumi_malay,47.5
Kelantan,1/1/2025,female,40-44,bumi_other,0.4
Kelantan,1/1/2025,female,40-44,chinese,1.3
Kelantan,1/1/2025,female,40-44,indian,0.1
Kelantan,1/1/2025,female,40-44,other_citizen,0.4
Kelantan,1/1/2025,female,40-44,other_noncitizen,1.8
Kelantan,1/1/2025,female,45-49,bumi_malay,39
Kelantan,1/1/2025,female,45-49,bumi_other,0.4
Kelantan,1/1/2025,female,45-49,chinese,1.3
Kelantan,1/1/2025,female,45-49,indian,0.1
Kelantan,1/1/2025,female,45-49,other_citizen,0.4
Kelantan,1/1/2025,female,45-49,other_noncitizen,1.6
Kelantan,1/1/2025,female,50-54,bumi_malay,40.2
Kelantan,1/1/2025,female,50-54,bumi_other,0.3
Kelantan,1/1/2025,female,50-54,chinese,1.3
Kelantan,1/1/2025,female,50-54,indian,0.1
Kelantan,1/1/2025,female,50-54,other_citizen,0.4
Kelantan,1/1/2025,female,50-54,other_noncitizen,1.5
Kelantan,1/1/2025,female,55-59,bumi_malay,38.4
Kelantan,1/1/2025,female,55-59,bumi_other,0.2
Kelantan,1/1/2025,female,55-59,chinese,1.4
Kelantan,1/1/2025,female,55-59,indian,0.1
Kelantan,1/1/2025,female,55-59,other_citizen,0.4
Kelantan,1/1/2025,female,55-59,other_noncitizen,1.2
Kelantan,1/1/2025,female,60-64,bumi_malay,37.8
Kelantan,1/1/2025,female,60-64,bumi_other,0.2
Kelantan,1/1/2025,female,60-64,chinese,1.6
Kelantan,1/1/2025,female,60-64,indian,0.1
Kelantan,1/1/2025,female,60-64,other_citizen,0.3
Kelantan,1/1/2025,female,60-64,other_noncitizen,0.7
Kelantan,1/1/2025,female,65-69,bumi_malay,29.7
Kelantan,1/1/2025,female,65-69,bumi_other,0.2
Kelantan,1/1/2025,female,65-69,chinese,1.4
Kelantan,1/1/2025,female,65-69,indian,0.1
Kelantan,1/1/2025,female,65-69,other_citizen,0.3
Kelantan,1/1/2025,female,65-69,other_noncitizen,0.5
Kelantan,1/1/2025,female,70-74,bumi_malay,19.6
Kelantan,1/1/2025,female,70-74,bumi_other,0.1
Kelantan,1/1/2025,female,70-74,chinese,1
Kelantan,1/1/2025,female,70-74,indian,0.1
Kelantan,1/1/2025,female,70-74,other_citizen,0.2
Kelantan,1/1/2025,female,70-74,other_noncitizen,0.2
Kelantan,1/1/2025,female,75-79,bumi_malay,12.5
Kelantan,1/1/2025,female,75-79,bumi_other,0.1
Kelantan,1/1/2025,female,75-79,chinese,0.7
Kelantan,1/1/2025,female,75-79,indian,0
Kelantan,1/1/2025,female,75-79,other_citizen,0.2
Kelantan,1/1/2025,female,75-79,other_noncitizen,0.1
Kelantan,1/1/2025,female,80-84,bumi_malay,5.8
Kelantan,1/1/2025,female,80-84,bumi_other,0.1
Kelantan,1/1/2025,female,80-84,chinese,0.4
Kelantan,1/1/2025,female,80-84,indian,0
Kelantan,1/1/2025,female,80-84,other_citizen,0.1
Kelantan,1/1/2025,female,80-84,other_noncitizen,0.1
Kelantan,1/1/2025,female,85+,bumi_malay,3.3
Kelantan,1/1/2025,female,85+,bumi_other,0
Kelantan,1/1/2025,female,85+,chinese,0.3
Kelantan,1/1/2025,female,85+,indian,0
Kelantan,1/1/2025,female,85+,other_citizen,0.1
Kelantan,1/1/2025,female,85+,other_noncitizen,0.1
Kelantan,1/1/2025,male,0-4,bumi_malay,83.6
Kelantan,1/1/2025,male,0-4,bumi_other,1
Kelantan,1/1/2025,male,0-4,chinese,0.9
Kelantan,1/1/2025,male,0-4,indian,0.1
Kelantan,1/1/2025,male,0-4,other_citizen,0.4
Kelantan,1/1/2025,male,0-4,other_noncitizen,0.6
Kelantan,1/1/2025,male,5-9,bumi_malay,84.2
Kelantan,1/1/2025,male,5-9,bumi_other,2
Kelantan,1/1/2025,male,5-9,chinese,1.3
Kelantan,1/1/2025,male,5-9,indian,0.1
Kelantan,1/1/2025,male,5-9,other_citizen,0.4
Kelantan,1/1/2025,male,5-9,other_noncitizen,0.6
Kelantan,1/1/2025,male,10-14,bumi_malay,91.4
Kelantan,1/1/2025,male,10-14,bumi_other,1.2
Kelantan,1/1/2025,male,10-14,chinese,1.7
Kelantan,1/1/2025,male,10-14,indian,0.2
Kelantan,1/1/2025,male,10-14,other_citizen,0.5
Kelantan,1/1/2025,male,10-14,other_noncitizen,0.5
Kelantan,1/1/2025,male,15-19,bumi_malay,87.2
Kelantan,1/1/2025,male,15-19,bumi_other,1.4
Kelantan,1/1/2025,male,15-19,chinese,1.5
Kelantan,1/1/2025,male,15-19,indian,0.2
Kelantan,1/1/2025,male,15-19,other_citizen,0.4
Kelantan,1/1/2025,male,15-19,other_noncitizen,0.7
Kelantan,1/1/2025,male,20-24,bumi_malay,99.6
Kelantan,1/1/2025,male,20-24,bumi_other,1.2
Kelantan,1/1/2025,male,20-24,chinese,1.8
Kelantan,1/1/2025,male,20-24,indian,0.2
Kelantan,1/1/2025,male,20-24,other_citizen,0.4
Kelantan,1/1/2025,male,20-24,other_noncitizen,3.2
Kelantan,1/1/2025,male,25-29,bumi_malay,77.7
Kelantan,1/1/2025,male,25-29,bumi_other,1.1
Kelantan,1/1/2025,male,25-29,chinese,1.6
Kelantan,1/1/2025,male,25-29,indian,0.4
Kelantan,1/1/2025,male,25-29,other_citizen,0.4
Kelantan,1/1/2025,male,25-29,other_noncitizen,6.1
Kelantan,1/1/2025,male,30-34,bumi_malay,59.4
Kelantan,1/1/2025,male,30-34,bumi_other,0.9
Kelantan,1/1/2025,male,30-34,chinese,1.4
Kelantan,1/1/2025,male,30-34,indian,0.2
Kelantan,1/1/2025,male,30-34,other_citizen,0.4
Kelantan,1/1/2025,male,30-34,other_noncitizen,6.1
Kelantan,1/1/2025,male,35-39,bumi_malay,53.1
Kelantan,1/1/2025,male,35-39,bumi_other,0.7
Kelantan,1/1/2025,male,35-39,chinese,1.5
Kelantan,1/1/2025,male,35-39,indian,0.2
Kelantan,1/1/2025,male,35-39,other_citizen,0.4
Kelantan,1/1/2025,male,35-39,other_noncitizen,4.5
Kelantan,1/1/2025,male,40-44,bumi_malay,48.5
Kelantan,1/1/2025,male,40-44,bumi_other,0.5
Kelantan,1/1/2025,male,40-44,chinese,1.4
Kelantan,1/1/2025,male,40-44,indian,0.2
Kelantan,1/1/2025,male,40-44,other_citizen,0.3
Kelantan,1/1/2025,male,40-44,other_noncitizen,3.2
Kelantan,1/1/2025,male,45-49,bumi_malay,38.6
Kelantan,1/1/2025,male,45-49,bumi_other,0.4
Kelantan,1/1/2025,male,45-49,chinese,1.4
Kelantan,1/1/2025,male,45-49,indian,0.1
Kelantan,1/1/2025,male,45-49,other_citizen,0.3
Kelantan,1/1/2025,male,45-49,other_noncitizen,2
Kelantan,1/1/2025,male,50-54,bumi_malay,36.5
Kelantan,1/1/2025,male,50-54,bumi_other,0.4
Kelantan,1/1/2025,male,50-54,chinese,1.3
Kelantan,1/1/2025,male,50-54,indian,0.1
Kelantan,1/1/2025,male,50-54,other_citizen,0.3
Kelantan,1/1/2025,male,50-54,other_noncitizen,1.2
Kelantan,1/1/2025,male,55-59,bumi_malay,33.7
Kelantan,1/1/2025,male,55-59,bumi_other,0.2
Kelantan,1/1/2025,male,55-59,chinese,1.4
Kelantan,1/1/2025,male,55-59,indian,0.1
Kelantan,1/1/2025,male,55-59,other_citizen,0.3
Kelantan,1/1/2025,male,55-59,other_noncitizen,0.9
Kelantan,1/1/2025,male,60-64,bumi_malay,34.2
Kelantan,1/1/2025,male,60-64,bumi_other,0.2
Kelantan,1/1/2025,male,60-64,chinese,1.6
Kelantan,1/1/2025,male,60-64,indian,0.1
Kelantan,1/1/2025,male,60-64,other_citizen,0.3
Kelantan,1/1/2025,male,60-64,other_noncitizen,0.5
Kelantan,1/1/2025,male,65-69,bumi_malay,25.3
Kelantan,1/1/2025,male,65-69,bumi_other,0.2
Kelantan,1/1/2025,male,65-69,chinese,1.4
Kelantan,1/1/2025,male,65-69,indian,0.1
Kelantan,1/1/2025,male,65-69,other_citizen,0.2
Kelantan,1/1/2025,male,65-69,other_noncitizen,0.2
Kelantan,1/1/2025,male,70-74,bumi_malay,16.6
Kelantan,1/1/2025,male,70-74,bumi_other,0.1
Kelantan,1/1/2025,male,70-74,chinese,1.1
Kelantan,1/1/2025,male,70-74,indian,0.1
Kelantan,1/1/2025,male,70-74,other_citizen,0.2
Kelantan,1/1/2025,male,70-74,other_noncitizen,0.1
Kelantan,1/1/2025,male,75-79,bumi_malay,10.5
Kelantan,1/1/2025,male,75-79,bumi_other,0.1
Kelantan,1/1/2025,male,75-79,chinese,0.7
Kelantan,1/1/2025,male,75-79,indian,0
Kelantan,1/1/2025,male,75-79,other_citizen,0.1
Kelantan,1/1/2025,male,75-79,other_noncitizen,0.1
Kelantan,1/1/2025,male,80-84,bumi_malay,4.3
Kelantan,1/1/2025,male,80-84,bumi_other,0.1
Kelantan,1/1/2025,male,80-84,chinese,0.3
Kelantan,1/1/2025,male,80-84,indian,0
Kelantan,1/1/2025,male,80-84,other_citizen,0.1
Kelantan,1/1/2025,male,80-84,other_noncitizen,0.1
Kelantan,1/1/2025,male,85+,bumi_malay,2.1
Kelantan,1/1/2025,male,85+,bumi_other,0
Kelantan,1/1/2025,male,85+,chinese,0.2
Kelantan,1/1/2025,male,85+,indian,0
Kelantan,1/1/2025,male,85+,other_citizen,0.1
Kelantan,1/1/2025,male,85+,other_noncitizen,0
Melaka,1/1/2025,both,0-4,bumi_malay,53.7
Melaka,1/1/2025,both,0-4,bumi_other,0.8
Melaka,1/1/2025,both,0-4,chinese,6.9
Melaka,1/1/2025,both,0-4,indian,2.4
Melaka,1/1/2025,both,0-4,other_citizen,0.5
Melaka,1/1/2025,both,0-4,other_noncitizen,0.3
Melaka,1/1/2025,both,5-9,bumi_malay,63
Melaka,1/1/2025,both,5-9,bumi_other,1.1
Melaka,1/1/2025,both,5-9,chinese,14.7
Melaka,1/1/2025,both,5-9,indian,3.8
Melaka,1/1/2025,both,5-9,other_citizen,0.3
Melaka,1/1/2025,both,5-9,other_noncitizen,0.4
Melaka,1/1/2025,both,10-14,bumi_malay,63.4
Melaka,1/1/2025,both,10-14,bumi_other,1.1
Melaka,1/1/2025,both,10-14,chinese,13.9
Melaka,1/1/2025,both,10-14,indian,3.2
Melaka,1/1/2025,both,10-14,other_citizen,0.3
Melaka,1/1/2025,both,10-14,other_noncitizen,0.3
Melaka,1/1/2025,both,15-19,bumi_malay,50.2
Melaka,1/1/2025,both,15-19,bumi_other,0.7
Melaka,1/1/2025,both,15-19,chinese,13.2
Melaka,1/1/2025,both,15-19,indian,3.9
Melaka,1/1/2025,both,15-19,other_citizen,0.2
Melaka,1/1/2025,both,15-19,other_noncitizen,0.7
Melaka,1/1/2025,both,20-24,bumi_malay,77
Melaka,1/1/2025,both,20-24,bumi_other,0.6
Melaka,1/1/2025,both,20-24,chinese,17.1
Melaka,1/1/2025,both,20-24,indian,6.4
Melaka,1/1/2025,both,20-24,other_citizen,0.4
Melaka,1/1/2025,both,20-24,other_noncitizen,8
Melaka,1/1/2025,both,25-29,bumi_malay,65.5
Melaka,1/1/2025,both,25-29,bumi_other,1
Melaka,1/1/2025,both,25-29,chinese,13.3
Melaka,1/1/2025,both,25-29,indian,4.5
Melaka,1/1/2025,both,25-29,other_citizen,0.5
Melaka,1/1/2025,both,25-29,other_noncitizen,13.6
Melaka,1/1/2025,both,30-34,bumi_malay,53.2
Melaka,1/1/2025,both,30-34,bumi_other,1.2
Melaka,1/1/2025,both,30-34,chinese,14.3
Melaka,1/1/2025,both,30-34,indian,4.2
Melaka,1/1/2025,both,30-34,other_citizen,0.5
Melaka,1/1/2025,both,30-34,other_noncitizen,43.7
Melaka,1/1/2025,both,35-39,bumi_malay,48.2
Melaka,1/1/2025,both,35-39,bumi_other,1
Melaka,1/1/2025,both,35-39,chinese,14
Melaka,1/1/2025,both,35-39,indian,3.6
Melaka,1/1/2025,both,35-39,other_citizen,0.5
Melaka,1/1/2025,both,35-39,other_noncitizen,10.4
Melaka,1/1/2025,both,40-44,bumi_malay,46.9
Melaka,1/1/2025,both,40-44,bumi_other,0.9
Melaka,1/1/2025,both,40-44,chinese,13.7
Melaka,1/1/2025,both,40-44,indian,3.6
Melaka,1/1/2025,both,40-44,other_citizen,0.4
Melaka,1/1/2025,both,40-44,other_noncitizen,7
Melaka,1/1/2025,both,45-49,bumi_malay,51.9
Melaka,1/1/2025,both,45-49,bumi_other,0.5
Melaka,1/1/2025,both,45-49,chinese,18.9
Melaka,1/1/2025,both,45-49,indian,5.3
Melaka,1/1/2025,both,45-49,other_citizen,0.3
Melaka,1/1/2025,both,45-49,other_noncitizen,3.3
Melaka,1/1/2025,both,50-54,bumi_malay,27.1
Melaka,1/1/2025,both,50-54,bumi_other,0.4
Melaka,1/1/2025,both,50-54,chinese,11.7
Melaka,1/1/2025,both,50-54,indian,2.7
Melaka,1/1/2025,both,50-54,other_citizen,0.3
Melaka,1/1/2025,both,50-54,other_noncitizen,1.3
Melaka,1/1/2025,both,55-59,bumi_malay,24.2
Melaka,1/1/2025,both,55-59,bumi_other,0.3
Melaka,1/1/2025,both,55-59,chinese,10.8
Melaka,1/1/2025,both,55-59,indian,2.2
Melaka,1/1/2025,both,55-59,other_citizen,0.2
Melaka,1/1/2025,both,55-59,other_noncitizen,1
Melaka,1/1/2025,both,60-64,bumi_malay,23.7
Melaka,1/1/2025,both,60-64,bumi_other,0.2
Melaka,1/1/2025,both,60-64,chinese,12.3
Melaka,1/1/2025,both,60-64,indian,2.3
Melaka,1/1/2025,both,60-64,other_citizen,0.2
Melaka,1/1/2025,both,60-64,other_noncitizen,0.6
Melaka,1/1/2025,both,65-69,bumi_malay,18
Melaka,1/1/2025,both,65-69,bumi_other,0.1
Melaka,1/1/2025,both,65-69,chinese,10
Melaka,1/1/2025,both,65-69,indian,1.8
Melaka,1/1/2025,both,65-69,other_citizen,0.2
Melaka,1/1/2025,both,65-69,other_noncitizen,0.4
Melaka,1/1/2025,both,70-74,bumi_malay,13.2
Melaka,1/1/2025,both,70-74,bumi_other,0.1
Melaka,1/1/2025,both,70-74,chinese,8.6
Melaka,1/1/2025,both,70-74,indian,1.5
Melaka,1/1/2025,both,70-74,other_citizen,0.1
Melaka,1/1/2025,both,70-74,other_noncitizen,0.2
Melaka,1/1/2025,both,75-79,bumi_malay,6.9
Melaka,1/1/2025,both,75-79,bumi_other,0.1
Melaka,1/1/2025,both,75-79,chinese,5.5
Melaka,1/1/2025,both,75-79,indian,0.8
Melaka,1/1/2025,both,75-79,other_citizen,0.1
Melaka,1/1/2025,both,75-79,other_noncitizen,0.1
Melaka,1/1/2025,both,80-84,bumi_malay,2.7
Melaka,1/1/2025,both,80-84,bumi_other,0
Melaka,1/1/2025,both,80-84,chinese,2.6
Melaka,1/1/2025,both,80-84,indian,0.3
Melaka,1/1/2025,both,80-84,other_citizen,0.1
Melaka,1/1/2025,both,80-84,other_noncitizen,0.1
Melaka,1/1/2025,both,85+,bumi_malay,1.4
Melaka,1/1/2025,both,85+,bumi_other,0
Melaka,1/1/2025,both,85+,chinese,1.4
Melaka,1/1/2025,both,85+,indian,0.1
Melaka,1/1/2025,both,85+,other_citizen,0
Melaka,1/1/2025,both,85+,other_noncitizen,0.1
Melaka,1/1/2025,female,0-4,bumi_malay,26
Melaka,1/1/2025,female,0-4,bumi_other,0.4
Melaka,1/1/2025,female,0-4,chinese,3.3
Melaka,1/1/2025,female,0-4,indian,1.2
Melaka,1/1/2025,female,0-4,other_citizen,0.2
Melaka,1/1/2025,female,0-4,other_noncitizen,0.2
Melaka,1/1/2025,female,5-9,bumi_malay,30.3
Melaka,1/1/2025,female,5-9,bumi_other,0.5
Melaka,1/1/2025,female,5-9,chinese,7.2
Melaka,1/1/2025,female,5-9,indian,1.9
Melaka,1/1/2025,female,5-9,other_citizen,0.1
Melaka,1/1/2025,female,5-9,other_noncitizen,0.2
Melaka,1/1/2025,female,10-14,bumi_malay,30.6
Melaka,1/1/2025,female,10-14,bumi_other,0.6
Melaka,1/1/2025,female,10-14,chinese,6.6
Melaka,1/1/2025,female,10-14,indian,1.6
Melaka,1/1/2025,female,10-14,other_citizen,0.1
Melaka,1/1/2025,female,10-14,other_noncitizen,0.1
Melaka,1/1/2025,female,15-19,bumi_malay,24
Melaka,1/1/2025,female,15-19,bumi_other,0.3
Melaka,1/1/2025,female,15-19,chinese,6.2
Melaka,1/1/2025,female,15-19,indian,1.9
Melaka,1/1/2025,female,15-19,other_citizen,0.1
Melaka,1/1/2025,female,15-19,other_noncitizen,0.3
Melaka,1/1/2025,female,20-24,bumi_malay,36.4
Melaka,1/1/2025,female,20-24,bumi_other,0.3
Melaka,1/1/2025,female,20-24,chinese,7.9
Melaka,1/1/2025,female,20-24,indian,3
Melaka,1/1/2025,female,20-24,other_citizen,0.2
Melaka,1/1/2025,female,20-24,other_noncitizen,2.8
Melaka,1/1/2025,female,25-29,bumi_malay,31.8
Melaka,1/1/2025,female,25-29,bumi_other,0.4
Melaka,1/1/2025,female,25-29,chinese,5.8
Melaka,1/1/2025,female,25-29,indian,2.1
Melaka,1/1/2025,female,25-29,other_citizen,0.2
Melaka,1/1/2025,female,25-29,other_noncitizen,2.9
Melaka,1/1/2025,female,30-34,bumi_malay,27.4
Melaka,1/1/2025,female,30-34,bumi_other,0.5
Melaka,1/1/2025,female,30-34,chinese,7.3
Melaka,1/1/2025,female,30-34,indian,2
Melaka,1/1/2025,female,30-34,other_citizen,0.2
Melaka,1/1/2025,female,30-34,other_noncitizen,8.5
Melaka,1/1/2025,female,35-39,bumi_malay,23.9
Melaka,1/1/2025,female,35-39,bumi_other,0.5
Melaka,1/1/2025,female,35-39,chinese,6.9
Melaka,1/1/2025,female,35-39,indian,1.9
Melaka,1/1/2025,female,35-39,other_citizen,0.2
Melaka,1/1/2025,female,35-39,other_noncitizen,2
Melaka,1/1/2025,female,40-44,bumi_malay,22.8
Melaka,1/1/2025,female,40-44,bumi_other,0.4
Melaka,1/1/2025,female,40-44,chinese,7
Melaka,1/1/2025,female,40-44,indian,1.8
Melaka,1/1/2025,female,40-44,other_citizen,0.2
Melaka,1/1/2025,female,40-44,other_noncitizen,1.6
Melaka,1/1/2025,female,45-49,bumi_malay,25.9
Melaka,1/1/2025,female,45-49,bumi_other,0.2
Melaka,1/1/2025,female,45-49,chinese,9.3
Melaka,1/1/2025,female,45-49,indian,2.7
Melaka,1/1/2025,female,45-49,other_citizen,0.2
Melaka,1/1/2025,female,45-49,other_noncitizen,0.9
Melaka,1/1/2025,female,50-54,bumi_malay,14.2
Melaka,1/1/2025,female,50-54,bumi_other,0.2
Melaka,1/1/2025,female,50-54,chinese,6.1
Melaka,1/1/2025,female,50-54,indian,1.4
Melaka,1/1/2025,female,50-54,other_citizen,0.2
Melaka,1/1/2025,female,50-54,other_noncitizen,0.4
Melaka,1/1/2025,female,55-59,bumi_malay,12.7
Melaka,1/1/2025,female,55-59,bumi_other,0.2
Melaka,1/1/2025,female,55-59,chinese,5.6
Melaka,1/1/2025,female,55-59,indian,1.2
Melaka,1/1/2025,female,55-59,other_citizen,0.1
Melaka,1/1/2025,female,55-59,other_noncitizen,0.3
Melaka,1/1/2025,female,60-64,bumi_malay,12.4
Melaka,1/1/2025,female,60-64,bumi_other,0.1
Melaka,1/1/2025,female,60-64,chinese,6.3
Melaka,1/1/2025,female,60-64,indian,1.3
Melaka,1/1/2025,female,60-64,other_citizen,0.1
Melaka,1/1/2025,female,60-64,other_noncitizen,0.2
Melaka,1/1/2025,female,65-69,bumi_malay,9.4
Melaka,1/1/2025,female,65-69,bumi_other,0.1
Melaka,1/1/2025,female,65-69,chinese,5.2
Melaka,1/1/2025,female,65-69,indian,1
Melaka,1/1/2025,female,65-69,other_citizen,0.1
Melaka,1/1/2025,female,65-69,other_noncitizen,0.1
Melaka,1/1/2025,female,70-74,bumi_malay,7.3
Melaka,1/1/2025,female,70-74,bumi_other,0.1
Melaka,1/1/2025,female,70-74,chinese,4.5
Melaka,1/1/2025,female,70-74,indian,0.9
Melaka,1/1/2025,female,70-74,other_citizen,0.1
Melaka,1/1/2025,female,70-74,other_noncitizen,0.1
Melaka,1/1/2025,female,75-79,bumi_malay,3.8
Melaka,1/1/2025,female,75-79,bumi_other,0
Melaka,1/1/2025,female,75-79,chinese,2.9
Melaka,1/1/2025,female,75-79,indian,0.4
Melaka,1/1/2025,female,75-79,other_citizen,0.1
Melaka,1/1/2025,female,75-79,other_noncitizen,0
Melaka,1/1/2025,female,80-84,bumi_malay,1.5
Melaka,1/1/2025,female,80-84,bumi_other,0
Melaka,1/1/2025,female,80-84,chinese,1.4
Melaka,1/1/2025,female,80-84,indian,0.2
Melaka,1/1/2025,female,80-84,other_citizen,0
Melaka,1/1/2025,female,80-84,other_noncitizen,0
Melaka,1/1/2025,female,85+,bumi_malay,0.7
Melaka,1/1/2025,female,85+,bumi_other,0
Melaka,1/1/2025,female,85+,chinese,0.7
Melaka,1/1/2025,female,85+,indian,0.1
Melaka,1/1/2025,female,85+,other_citizen,0
Melaka,1/1/2025,female,85+,other_noncitizen,0
Melaka,1/1/2025,male,0-4,bumi_malay,27.7
Melaka,1/1/2025,male,0-4,bumi_other,0.4
Melaka,1/1/2025,male,0-4,chinese,3.6
Melaka,1/1/2025,male,0-4,indian,1.2
Melaka,1/1/2025,male,0-4,other_citizen,0.3
Melaka,1/1/2025,male,0-4,other_noncitizen,0.2
Melaka,1/1/2025,male,5-9,bumi_malay,32.6
Melaka,1/1/2025,male,5-9,bumi_other,0.5
Melaka,1/1/2025,male,5-9,chinese,7.5
Melaka,1/1/2025,male,5-9,indian,1.9
Melaka,1/1/2025,male,5-9,other_citizen,0.2
Melaka,1/1/2025,male,5-9,other_noncitizen,0.2
Melaka,1/1/2025,male,10-14,bumi_malay,32.8
Melaka,1/1/2025,male,10-14,bumi_other,0.6
Melaka,1/1/2025,male,10-14,chinese,7.3
Melaka,1/1/2025,male,10-14,indian,1.6
Melaka,1/1/2025,male,10-14,other_citizen,0.1
Melaka,1/1/2025,male,10-14,other_noncitizen,0.1
Melaka,1/1/2025,male,15-19,bumi_malay,26.2
Melaka,1/1/2025,male,15-19,bumi_other,0.4
Melaka,1/1/2025,male,15-19,chinese,7
Melaka,1/1/2025,male,15-19,indian,2
Melaka,1/1/2025,male,15-19,other_citizen,0.1
Melaka,1/1/2025,male,15-19,other_noncitizen,0.4
Melaka,1/1/2025,male,20-24,bumi_malay,40.6
Melaka,1/1/2025,male,20-24,bumi_other,0.3
Melaka,1/1/2025,male,20-24,chinese,9.2
Melaka,1/1/2025,male,20-24,indian,3.4
Melaka,1/1/2025,male,20-24,other_citizen,0.2
Melaka,1/1/2025,male,20-24,other_noncitizen,5.3
Melaka,1/1/2025,male,25-29,bumi_malay,33.8
Melaka,1/1/2025,male,25-29,bumi_other,0.6
Melaka,1/1/2025,male,25-29,chinese,7.5
Melaka,1/1/2025,male,25-29,indian,2.4
Melaka,1/1/2025,male,25-29,other_citizen,0.3
Melaka,1/1/2025,male,25-29,other_noncitizen,10.7
Melaka,1/1/2025,male,30-34,bumi_malay,25.8
Melaka,1/1/2025,male,30-34,bumi_other,0.7
Melaka,1/1/2025,male,30-34,chinese,6.9
Melaka,1/1/2025,male,30-34,indian,2.2
Melaka,1/1/2025,male,30-34,other_citizen,0.4
Melaka,1/1/2025,male,30-34,other_noncitizen,35.2
Melaka,1/1/2025,male,35-39,bumi_malay,24.4
Melaka,1/1/2025,male,35-39,bumi_other,0.4
Melaka,1/1/2025,male,35-39,chinese,7.1
Melaka,1/1/2025,male,35-39,indian,1.7
Melaka,1/1/2025,male,35-39,other_citizen,0.3
Melaka,1/1/2025,male,35-39,other_noncitizen,8.4
Melaka,1/1/2025,male,40-44,bumi_malay,24.2
Melaka,1/1/2025,male,40-44,bumi_other,0.5
Melaka,1/1/2025,male,40-44,chinese,6.7
Melaka,1/1/2025,male,40-44,indian,1.8
Melaka,1/1/2025,male,40-44,other_citizen,0.2
Melaka,1/1/2025,male,40-44,other_noncitizen,5.4
Melaka,1/1/2025,male,45-49,bumi_malay,26
Melaka,1/1/2025,male,45-49,bumi_other,0.3
Melaka,1/1/2025,male,45-49,chinese,9.5
Melaka,1/1/2025,male,45-49,indian,2.6
Melaka,1/1/2025,male,45-49,other_citizen,0.2
Melaka,1/1/2025,male,45-49,other_noncitizen,2.4
Melaka,1/1/2025,male,50-54,bumi_malay,12.9
Melaka,1/1/2025,male,50-54,bumi_other,0.2
Melaka,1/1/2025,male,50-54,chinese,5.6
Melaka,1/1/2025,male,50-54,indian,1.3
Melaka,1/1/2025,male,50-54,other_citizen,0.1
Melaka,1/1/2025,male,50-54,other_noncitizen,0.9
Melaka,1/1/2025,male,55-59,bumi_malay,11.5
Melaka,1/1/2025,male,55-59,bumi_other,0.1
Melaka,1/1/2025,male,55-59,chinese,5.3
Melaka,1/1/2025,male,55-59,indian,1
Melaka,1/1/2025,male,55-59,other_citizen,0.1
Melaka,1/1/2025,male,55-59,other_noncitizen,0.7
Melaka,1/1/2025,male,60-64,bumi_malay,11.3
Melaka,1/1/2025,male,60-64,bumi_other,0.1
Melaka,1/1/2025,male,60-64,chinese,6
Melaka,1/1/2025,male,60-64,indian,1.1
Melaka,1/1/2025,male,60-64,other_citizen,0.1
Melaka,1/1/2025,male,60-64,other_noncitizen,0.4
Melaka,1/1/2025,male,65-69,bumi_malay,8.5
Melaka,1/1/2025,male,65-69,bumi_other,0.1
Melaka,1/1/2025,male,65-69,chinese,4.9
Melaka,1/1/2025,male,65-69,indian,0.8
Melaka,1/1/2025,male,65-69,other_citizen,0.1
Melaka,1/1/2025,male,65-69,other_noncitizen,0.2
Melaka,1/1/2025,male,70-74,bumi_malay,5.9
Melaka,1/1/2025,male,70-74,bumi_other,0
Melaka,1/1/2025,male,70-74,chinese,4
Melaka,1/1/2025,male,70-74,indian,0.6
Melaka,1/1/2025,male,70-74,other_citizen,0.1
Melaka,1/1/2025,male,70-74,other_noncitizen,0.1
Melaka,1/1/2025,male,75-79,bumi_malay,3.1
Melaka,1/1/2025,male,75-79,bumi_other,0
Melaka,1/1/2025,male,75-79,chinese,2.7
Melaka,1/1/2025,male,75-79,indian,0.3
Melaka,1/1/2025,male,75-79,other_citizen,0
Melaka,1/1/2025,male,75-79,other_noncitizen,0.1
Melaka,1/1/2025,male,80-84,bumi_malay,1.2
Melaka,1/1/2025,male,80-84,bumi_other,0
Melaka,1/1/2025,male,80-84,chinese,1.2
Melaka,1/1/2025,male,80-84,indian,0.1
Melaka,1/1/2025,male,80-84,other_citizen,0
Melaka,1/1/2025,male,80-84,other_noncitizen,0
Melaka,1/1/2025,male,85+,bumi_malay,0.7
Melaka,1/1/2025,male,85+,bumi_other,0
Melaka,1/1/2025,male,85+,chinese,0.7
Melaka,1/1/2025,male,85+,indian,0.1
Melaka,1/1/2025,male,85+,other_citizen,0
Melaka,1/1/2025,male,85+,other_noncitizen,0
Negeri Sembilan,1/1/2025,both,0-4,bumi_malay,60.4
Negeri Sembilan,1/1/2025,both,0-4,bumi_other,2.1
Negeri Sembilan,1/1/2025,both,0-4,chinese,7
Negeri Sembilan,1/1/2025,both,0-4,indian,8.2
Negeri Sembilan,1/1/2025,both,0-4,other_citizen,0.5
Negeri Sembilan,1/1/2025,both,0-4,other_noncitizen,1
Negeri Sembilan,1/1/2025,both,5-9,bumi_malay,60.8
Negeri Sembilan,1/1/2025,both,5-9,bumi_other,2.6
Negeri Sembilan,1/1/2025,both,5-9,chinese,16.7
Negeri Sembilan,1/1/2025,both,5-9,indian,11.1
Negeri Sembilan,1/1/2025,both,5-9,other_citizen,0.4
Negeri Sembilan,1/1/2025,both,5-9,other_noncitizen,1.5
Negeri Sembilan,1/1/2025,both,10-14,bumi_malay,71.5
Negeri Sembilan,1/1/2025,both,10-14,bumi_other,2.4
Negeri Sembilan,1/1/2025,both,10-14,chinese,24.3
Negeri Sembilan,1/1/2025,both,10-14,indian,15.9
Negeri Sembilan,1/1/2025,both,10-14,other_citizen,0.4
Negeri Sembilan,1/1/2025,both,10-14,other_noncitizen,0.6
Negeri Sembilan,1/1/2025,both,15-19,bumi_malay,58.4
Negeri Sembilan,1/1/2025,both,15-19,bumi_other,2.1
Negeri Sembilan,1/1/2025,both,15-19,chinese,19.4
Negeri Sembilan,1/1/2025,both,15-19,indian,12.9
Negeri Sembilan,1/1/2025,both,15-19,other_citizen,0.4
Negeri Sembilan,1/1/2025,both,15-19,other_noncitizen,0.8
Negeri Sembilan,1/1/2025,both,20-24,bumi_malay,62.5
Negeri Sembilan,1/1/2025,both,20-24,bumi_other,2
Negeri Sembilan,1/1/2025,both,20-24,chinese,19.7
Negeri Sembilan,1/1/2025,both,20-24,indian,13.9
Negeri Sembilan,1/1/2025,both,20-24,other_citizen,0.3
Negeri Sembilan,1/1/2025,both,20-24,other_noncitizen,11.6
Negeri Sembilan,1/1/2025,both,25-29,bumi_malay,60.8
Negeri Sembilan,1/1/2025,both,25-29,bumi_other,2.3
Negeri Sembilan,1/1/2025,both,25-29,chinese,14.5
Negeri Sembilan,1/1/2025,both,25-29,indian,11.3
Negeri Sembilan,1/1/2025,both,25-29,other_citizen,0.5
Negeri Sembilan,1/1/2025,both,25-29,other_noncitizen,14.8
Negeri Sembilan,1/1/2025,both,30-34,bumi_malay,56.3
Negeri Sembilan,1/1/2025,both,30-34,bumi_other,1.9
Negeri Sembilan,1/1/2025,both,30-34,chinese,15.1
Negeri Sembilan,1/1/2025,both,30-34,indian,12.6
Negeri Sembilan,1/1/2025,both,30-34,other_citizen,0.7
Negeri Sembilan,1/1/2025,both,30-34,other_noncitizen,16.7
Negeri Sembilan,1/1/2025,both,35-39,bumi_malay,60.2
Negeri Sembilan,1/1/2025,both,35-39,bumi_other,1.6
Negeri Sembilan,1/1/2025,both,35-39,chinese,17.4
Negeri Sembilan,1/1/2025,both,35-39,indian,14.2
Negeri Sembilan,1/1/2025,both,35-39,other_citizen,0.8
Negeri Sembilan,1/1/2025,both,35-39,other_noncitizen,12.3
Negeri Sembilan,1/1/2025,both,40-44,bumi_malay,55.4
Negeri Sembilan,1/1/2025,both,40-44,bumi_other,1.6
Negeri Sembilan,1/1/2025,both,40-44,chinese,18.9
Negeri Sembilan,1/1/2025,both,40-44,indian,13.4
Negeri Sembilan,1/1/2025,both,40-44,other_citizen,0.6
Negeri Sembilan,1/1/2025,both,40-44,other_noncitizen,5.7
Negeri Sembilan,1/1/2025,both,45-49,bumi_malay,41
Negeri Sembilan,1/1/2025,both,45-49,bumi_other,1.2
Negeri Sembilan,1/1/2025,both,45-49,chinese,16.1
Negeri Sembilan,1/1/2025,both,45-49,indian,11
Negeri Sembilan,1/1/2025,both,45-49,other_citizen,0.4
Negeri Sembilan,1/1/2025,both,45-49,other_noncitizen,3.1
Negeri Sembilan,1/1/2025,both,50-54,bumi_malay,33.5
Negeri Sembilan,1/1/2025,both,50-54,bumi_other,1
Negeri Sembilan,1/1/2025,both,50-54,chinese,14.7
Negeri Sembilan,1/1/2025,both,50-54,indian,8.9
Negeri Sembilan,1/1/2025,both,50-54,other_citizen,0.3
Negeri Sembilan,1/1/2025,both,50-54,other_noncitizen,1.3
Negeri Sembilan,1/1/2025,both,55-59,bumi_malay,28.6
Negeri Sembilan,1/1/2025,both,55-59,bumi_other,0.8
Negeri Sembilan,1/1/2025,both,55-59,chinese,13.1
Negeri Sembilan,1/1/2025,both,55-59,indian,7.4
Negeri Sembilan,1/1/2025,both,55-59,other_citizen,0.2
Negeri Sembilan,1/1/2025,both,55-59,other_noncitizen,1.2
Negeri Sembilan,1/1/2025,both,60-64,bumi_malay,32.5
Negeri Sembilan,1/1/2025,both,60-64,bumi_other,0.6
Negeri Sembilan,1/1/2025,both,60-64,chinese,16.4
Negeri Sembilan,1/1/2025,both,60-64,indian,8.6
Negeri Sembilan,1/1/2025,both,60-64,other_citizen,0.2
Negeri Sembilan,1/1/2025,both,60-64,other_noncitizen,1.1
Negeri Sembilan,1/1/2025,both,65-69,bumi_malay,22.8
Negeri Sembilan,1/1/2025,both,65-69,bumi_other,0.4
Negeri Sembilan,1/1/2025,both,65-69,chinese,11.3
Negeri Sembilan,1/1/2025,both,65-69,indian,5.5
Negeri Sembilan,1/1/2025,both,65-69,other_citizen,0.2
Negeri Sembilan,1/1/2025,both,65-69,other_noncitizen,0.7
Negeri Sembilan,1/1/2025,both,70-74,bumi_malay,16.6
Negeri Sembilan,1/1/2025,both,70-74,bumi_other,0.3
Negeri Sembilan,1/1/2025,both,70-74,chinese,9.7
Negeri Sembilan,1/1/2025,both,70-74,indian,4.2
Negeri Sembilan,1/1/2025,both,70-74,other_citizen,0.1
Negeri Sembilan,1/1/2025,both,70-74,other_noncitizen,0.4
Negeri Sembilan,1/1/2025,both,75-79,bumi_malay,8.4
Negeri Sembilan,1/1/2025,both,75-79,bumi_other,0.2
Negeri Sembilan,1/1/2025,both,75-79,chinese,6.5
Negeri Sembilan,1/1/2025,both,75-79,indian,2.6
Negeri Sembilan,1/1/2025,both,75-79,other_citizen,0
Negeri Sembilan,1/1/2025,both,75-79,other_noncitizen,0.3
Negeri Sembilan,1/1/2025,both,80-84,bumi_malay,3.1
Negeri Sembilan,1/1/2025,both,80-84,bumi_other,0.1
Negeri Sembilan,1/1/2025,both,80-84,chinese,3
Negeri Sembilan,1/1/2025,both,80-84,indian,1
Negeri Sembilan,1/1/2025,both,80-84,other_citizen,0
Negeri Sembilan,1/1/2025,both,80-84,other_noncitizen,0.2
Negeri Sembilan,1/1/2025,both,85+,bumi_malay,0.8
Negeri Sembilan,1/1/2025,both,85+,bumi_other,0.1
Negeri Sembilan,1/1/2025,both,85+,chinese,1.3
Negeri Sembilan,1/1/2025,both,85+,indian,0.6
Negeri Sembilan,1/1/2025,both,85+,other_citizen,0
Negeri Sembilan,1/1/2025,both,85+,other_noncitizen,0.1
Negeri Sembilan,1/1/2025,female,0-4,bumi_malay,29.1
Negeri Sembilan,1/1/2025,female,0-4,bumi_other,1
Negeri Sembilan,1/1/2025,female,0-4,chinese,3.4
Negeri Sembilan,1/1/2025,female,0-4,indian,4
Negeri Sembilan,1/1/2025,female,0-4,other_citizen,0.3
Negeri Sembilan,1/1/2025,female,0-4,other_noncitizen,0.6
Negeri Sembilan,1/1/2025,female,5-9,bumi_malay,29.8
Negeri Sembilan,1/1/2025,female,5-9,bumi_other,1.2
Negeri Sembilan,1/1/2025,female,5-9,chinese,9.2
Negeri Sembilan,1/1/2025,female,5-9,indian,5.8
Negeri Sembilan,1/1/2025,female,5-9,other_citizen,0.2
Negeri Sembilan,1/1/2025,female,5-9,other_noncitizen,0.7
Negeri Sembilan,1/1/2025,female,10-14,bumi_malay,33.9
Negeri Sembilan,1/1/2025,female,10-14,bumi_other,1.1
Negeri Sembilan,1/1/2025,female,10-14,chinese,11.8
Negeri Sembilan,1/1/2025,female,10-14,indian,7.7
Negeri Sembilan,1/1/2025,female,10-14,other_citizen,0.2
Negeri Sembilan,1/1/2025,female,10-14,other_noncitizen,0.2
Negeri Sembilan,1/1/2025,female,15-19,bumi_malay,27.4
Negeri Sembilan,1/1/2025,female,15-19,bumi_other,1
Negeri Sembilan,1/1/2025,female,15-19,chinese,9
Negeri Sembilan,1/1/2025,female,15-19,indian,6.1
Negeri Sembilan,1/1/2025,female,15-19,other_citizen,0.2
Negeri Sembilan,1/1/2025,female,15-19,other_noncitizen,0.3
Negeri Sembilan,1/1/2025,female,20-24,bumi_malay,30.3
Negeri Sembilan,1/1/2025,female,20-24,bumi_other,1
Negeri Sembilan,1/1/2025,female,20-24,chinese,9.1
Negeri Sembilan,1/1/2025,female,20-24,indian,6.3
Negeri Sembilan,1/1/2025,female,20-24,other_citizen,0.1
Negeri Sembilan,1/1/2025,female,20-24,other_noncitizen,4.2
Negeri Sembilan,1/1/2025,female,25-29,bumi_malay,31.2
Negeri Sembilan,1/1/2025,female,25-29,bumi_other,1
Negeri Sembilan,1/1/2025,female,25-29,chinese,7
Negeri Sembilan,1/1/2025,female,25-29,indian,5.3
Negeri Sembilan,1/1/2025,female,25-29,other_citizen,0.2
Negeri Sembilan,1/1/2025,female,25-29,other_noncitizen,4.3
Negeri Sembilan,1/1/2025,female,30-34,bumi_malay,27.9
Negeri Sembilan,1/1/2025,female,30-34,bumi_other,0.9
Negeri Sembilan,1/1/2025,female,30-34,chinese,7.4
Negeri Sembilan,1/1/2025,female,30-34,indian,6.2
Negeri Sembilan,1/1/2025,female,30-34,other_citizen,0.2
Negeri Sembilan,1/1/2025,female,30-34,other_noncitizen,3
Negeri Sembilan,1/1/2025,female,35-39,bumi_malay,29.8
Negeri Sembilan,1/1/2025,female,35-39,bumi_other,0.8
Negeri Sembilan,1/1/2025,female,35-39,chinese,8.7
Negeri Sembilan,1/1/2025,female,35-39,indian,6.8
Negeri Sembilan,1/1/2025,female,35-39,other_citizen,0.2
Negeri Sembilan,1/1/2025,female,35-39,other_noncitizen,2
Negeri Sembilan,1/1/2025,female,40-44,bumi_malay,27.1
Negeri Sembilan,1/1/2025,female,40-44,bumi_other,0.8
Negeri Sembilan,1/1/2025,female,40-44,chinese,9.2
Negeri Sembilan,1/1/2025,female,40-44,indian,6.6
Negeri Sembilan,1/1/2025,female,40-44,other_citizen,0.2
Negeri Sembilan,1/1/2025,female,40-44,other_noncitizen,1.2
Negeri Sembilan,1/1/2025,female,45-49,bumi_malay,20.6
Negeri Sembilan,1/1/2025,female,45-49,bumi_other,0.6
Negeri Sembilan,1/1/2025,female,45-49,chinese,7.8
Negeri Sembilan,1/1/2025,female,45-49,indian,5.5
Negeri Sembilan,1/1/2025,female,45-49,other_citizen,0.2
Negeri Sembilan,1/1/2025,female,45-49,other_noncitizen,0.9
Negeri Sembilan,1/1/2025,female,50-54,bumi_malay,16.6
Negeri Sembilan,1/1/2025,female,50-54,bumi_other,0.5
Negeri Sembilan,1/1/2025,female,50-54,chinese,7.2
Negeri Sembilan,1/1/2025,female,50-54,indian,4.5
Negeri Sembilan,1/1/2025,female,50-54,other_citizen,0.1
Negeri Sembilan,1/1/2025,female,50-54,other_noncitizen,0.5
Negeri Sembilan,1/1/2025,female,55-59,bumi_malay,15.3
Negeri Sembilan,1/1/2025,female,55-59,bumi_other,0.4
Negeri Sembilan,1/1/2025,female,55-59,chinese,6.8
Negeri Sembilan,1/1/2025,female,55-59,indian,4
Negeri Sembilan,1/1/2025,female,55-59,other_citizen,0.1
Negeri Sembilan,1/1/2025,female,55-59,other_noncitizen,0.4
Negeri Sembilan,1/1/2025,female,60-64,bumi_malay,16.8
Negeri Sembilan,1/1/2025,female,60-64,bumi_other,0.3
Negeri Sembilan,1/1/2025,female,60-64,chinese,8.2
Negeri Sembilan,1/1/2025,female,60-64,indian,4.5
Negeri Sembilan,1/1/2025,female,60-64,other_citizen,0.1
Negeri Sembilan,1/1/2025,female,60-64,other_noncitizen,0.3
Negeri Sembilan,1/1/2025,female,65-69,bumi_malay,12.3
Negeri Sembilan,1/1/2025,female,65-69,bumi_other,0.2
Negeri Sembilan,1/1/2025,female,65-69,chinese,5.9
Negeri Sembilan,1/1/2025,female,65-69,indian,3
Negeri Sembilan,1/1/2025,female,65-69,other_citizen,0.1
Negeri Sembilan,1/1/2025,female,65-69,other_noncitizen,0.3
Negeri Sembilan,1/1/2025,female,70-74,bumi_malay,8.7
Negeri Sembilan,1/1/2025,female,70-74,bumi_other,0.1
Negeri Sembilan,1/1/2025,female,70-74,chinese,4.9
Negeri Sembilan,1/1/2025,female,70-74,indian,2.3
Negeri Sembilan,1/1/2025,female,70-74,other_citizen,0.1
Negeri Sembilan,1/1/2025,female,70-74,other_noncitizen,0.2
Negeri Sembilan,1/1/2025,female,75-79,bumi_malay,4.4
Negeri Sembilan,1/1/2025,female,75-79,bumi_other,0.1
Negeri Sembilan,1/1/2025,female,75-79,chinese,3.4
Negeri Sembilan,1/1/2025,female,75-79,indian,1.4
Negeri Sembilan,1/1/2025,female,75-79,other_citizen,0
Negeri Sembilan,1/1/2025,female,75-79,other_noncitizen,0.1
Negeri Sembilan,1/1/2025,female,80-84,bumi_malay,1.7
Negeri Sembilan,1/1/2025,female,80-84,bumi_other,0
Negeri Sembilan,1/1/2025,female,80-84,chinese,1.7
Negeri Sembilan,1/1/2025,female,80-84,indian,0.6
Negeri Sembilan,1/1/2025,female,80-84,other_citizen,0
Negeri Sembilan,1/1/2025,female,80-84,other_noncitizen,0.1
Negeri Sembilan,1/1/2025,female,85+,bumi_malay,0.4
Negeri Sembilan,1/1/2025,female,85+,bumi_other,0
Negeri Sembilan,1/1/2025,female,85+,chinese,0.6
Negeri Sembilan,1/1/2025,female,85+,indian,0.3
Negeri Sembilan,1/1/2025,female,85+,other_citizen,0
Negeri Sembilan,1/1/2025,female,85+,other_noncitizen,0.1
Negeri Sembilan,1/1/2025,male,0-4,bumi_malay,31.4
Negeri Sembilan,1/1/2025,male,0-4,bumi_other,1.1
Negeri Sembilan,1/1/2025,male,0-4,chinese,3.7
Negeri Sembilan,1/1/2025,male,0-4,indian,4.1
Negeri Sembilan,1/1/2025,male,0-4,other_citizen,0.3
Negeri Sembilan,1/1/2025,male,0-4,other_noncitizen,0.3
Negeri Sembilan,1/1/2025,male,5-9,bumi_malay,31
Negeri Sembilan,1/1/2025,male,5-9,bumi_other,1.4
Negeri Sembilan,1/1/2025,male,5-9,chinese,7.5
Negeri Sembilan,1/1/2025,male,5-9,indian,5.2
Negeri Sembilan,1/1/2025,male,5-9,other_citizen,0.2
Negeri Sembilan,1/1/2025,male,5-9,other_noncitizen,0.8
Negeri Sembilan,1/1/2025,male,10-14,bumi_malay,37.6
Negeri Sembilan,1/1/2025,male,10-14,bumi_other,1.3
Negeri Sembilan,1/1/2025,male,10-14,chinese,12.5
Negeri Sembilan,1/1/2025,male,10-14,indian,8.1
Negeri Sembilan,1/1/2025,male,10-14,other_citizen,0.2
Negeri Sembilan,1/1/2025,male,10-14,other_noncitizen,0.4
Negeri Sembilan,1/1/2025,male,15-19,bumi_malay,31
Negeri Sembilan,1/1/2025,male,15-19,bumi_other,1.1
Negeri Sembilan,1/1/2025,male,15-19,chinese,10.4
Negeri Sembilan,1/1/2025,male,15-19,indian,6.8
Negeri Sembilan,1/1/2025,male,15-19,other_citizen,0.2
Negeri Sembilan,1/1/2025,male,15-19,other_noncitizen,0.5
Negeri Sembilan,1/1/2025,male,20-24,bumi_malay,32.2
Negeri Sembilan,1/1/2025,male,20-24,bumi_other,1
Negeri Sembilan,1/1/2025,male,20-24,chinese,10.6
Negeri Sembilan,1/1/2025,male,20-24,indian,7.6
Negeri Sembilan,1/1/2025,male,20-24,other_citizen,0.2
Negeri Sembilan,1/1/2025,male,20-24,other_noncitizen,7.4
Negeri Sembilan,1/1/2025,male,25-29,bumi_malay,29.6
Negeri Sembilan,1/1/2025,male,25-29,bumi_other,1.2
Negeri Sembilan,1/1/2025,male,25-29,chinese,7.6
Negeri Sembilan,1/1/2025,male,25-29,indian,6
Negeri Sembilan,1/1/2025,male,25-29,other_citizen,0.3
Negeri Sembilan,1/1/2025,male,25-29,other_noncitizen,10.5
Negeri Sembilan,1/1/2025,male,30-34,bumi_malay,28.4
Negeri Sembilan,1/1/2025,male,30-34,bumi_other,1
Negeri Sembilan,1/1/2025,male,30-34,chinese,7.7
Negeri Sembilan,1/1/2025,male,30-34,indian,6.5
Negeri Sembilan,1/1/2025,male,30-34,other_citizen,0.5
Negeri Sembilan,1/1/2025,male,30-34,other_noncitizen,13.7
Negeri Sembilan,1/1/2025,male,35-39,bumi_malay,30.4
Negeri Sembilan,1/1/2025,male,35-39,bumi_other,0.8
Negeri Sembilan,1/1/2025,male,35-39,chinese,8.7
Negeri Sembilan,1/1/2025,male,35-39,indian,7.4
Negeri Sembilan,1/1/2025,male,35-39,other_citizen,0.6
Negeri Sembilan,1/1/2025,male,35-39,other_noncitizen,10.3
Negeri Sembilan,1/1/2025,male,40-44,bumi_malay,28.3
Negeri Sembilan,1/1/2025,male,40-44,bumi_other,0.8
Negeri Sembilan,1/1/2025,male,40-44,chinese,9.7
Negeri Sembilan,1/1/2025,male,40-44,indian,6.8
Negeri Sembilan,1/1/2025,male,40-44,other_citizen,0.4
Negeri Sembilan,1/1/2025,male,40-44,other_noncitizen,4.5
Negeri Sembilan,1/1/2025,male,45-49,bumi_malay,20.4
Negeri Sembilan,1/1/2025,male,45-49,bumi_other,0.6
Negeri Sembilan,1/1/2025,male,45-49,chinese,8.2
Negeri Sembilan,1/1/2025,male,45-49,indian,5.4
Negeri Sembilan,1/1/2025,male,45-49,other_citizen,0.2
Negeri Sembilan,1/1/2025,male,45-49,other_noncitizen,2.2
Negeri Sembilan,1/1/2025,male,50-54,bumi_malay,16.9
Negeri Sembilan,1/1/2025,male,50-54,bumi_other,0.5
Negeri Sembilan,1/1/2025,male,50-54,chinese,7.5
Negeri Sembilan,1/1/2025,male,50-54,indian,4.4
Negeri Sembilan,1/1/2025,male,50-54,other_citizen,0.1
Negeri Sembilan,1/1/2025,male,50-54,other_noncitizen,0.8
Negeri Sembilan,1/1/2025,male,55-59,bumi_malay,13.4
Negeri Sembilan,1/1/2025,male,55-59,bumi_other,0.4
Negeri Sembilan,1/1/2025,male,55-59,chinese,6.3
Negeri Sembilan,1/1/2025,male,55-59,indian,3.4
Negeri Sembilan,1/1/2025,male,55-59,other_citizen,0.1
Negeri Sembilan,1/1/2025,male,55-59,other_noncitizen,0.8
Negeri Sembilan,1/1/2025,male,60-64,bumi_malay,15.7
Negeri Sembilan,1/1/2025,male,60-64,bumi_other,0.3
Negeri Sembilan,1/1/2025,male,60-64,chinese,8.2
Negeri Sembilan,1/1/2025,male,60-64,indian,4.1
Negeri Sembilan,1/1/2025,male,60-64,other_citizen,0.1
Negeri Sembilan,1/1/2025,male,60-64,other_noncitizen,0.8
Negeri Sembilan,1/1/2025,male,65-69,bumi_malay,10.5
Negeri Sembilan,1/1/2025,male,65-69,bumi_other,0.2
Negeri Sembilan,1/1/2025,male,65-69,chinese,5.4
Negeri Sembilan,1/1/2025,male,65-69,indian,2.5
Negeri Sembilan,1/1/2025,male,65-69,other_citizen,0.1
Negeri Sembilan,1/1/2025,male,65-69,other_noncitizen,0.4
Negeri Sembilan,1/1/2025,male,70-74,bumi_malay,8
Negeri Sembilan,1/1/2025,male,70-74,bumi_other,0.1
Negeri Sembilan,1/1/2025,male,70-74,chinese,4.7
Negeri Sembilan,1/1/2025,male,70-74,indian,1.9
Negeri Sembilan,1/1/2025,male,70-74,other_citizen,0.1
Negeri Sembilan,1/1/2025,male,70-74,other_noncitizen,0.2
Negeri Sembilan,1/1/2025,male,75-79,bumi_malay,4
Negeri Sembilan,1/1/2025,male,75-79,bumi_other,0.1
Negeri Sembilan,1/1/2025,male,75-79,chinese,3.2
Negeri Sembilan,1/1/2025,male,75-79,indian,1.2
Negeri Sembilan,1/1/2025,male,75-79,other_citizen,0
Negeri Sembilan,1/1/2025,male,75-79,other_noncitizen,0.2
Negeri Sembilan,1/1/2025,male,80-84,bumi_malay,1.4
Negeri Sembilan,1/1/2025,male,80-84,bumi_other,0
Negeri Sembilan,1/1/2025,male,80-84,chinese,1.3
Negeri Sembilan,1/1/2025,male,80-84,indian,0.5
Negeri Sembilan,1/1/2025,male,80-84,other_citizen,0
Negeri Sembilan,1/1/2025,male,80-84,other_noncitizen,0.1
Negeri Sembilan,1/1/2025,male,85+,bumi_malay,0.4
Negeri Sembilan,1/1/2025,male,85+,bumi_other,0
Negeri Sembilan,1/1/2025,male,85+,chinese,0.7
Negeri Sembilan,1/1/2025,male,85+,indian,0.3
Negeri Sembilan,1/1/2025,male,85+,other_citizen,0
Negeri Sembilan,1/1/2025,male,85+,other_noncitizen,0
Pahang,1/1/2025,both,0-4,bumi_malay,95.1
Pahang,1/1/2025,both,0-4,bumi_other,9.5
Pahang,1/1/2025,both,0-4,chinese,6.4
Pahang,1/1/2025,both,0-4,indian,2.3
Pahang,1/1/2025,both,0-4,other_citizen,0.8
Pahang,1/1/2025,both,0-4,other_noncitizen,0.8
Pahang,1/1/2025,both,5-9,bumi_malay,108.3
Pahang,1/1/2025,both,5-9,bumi_other,9
Pahang,1/1/2025,both,5-9,chinese,13.1
Pahang,1/1/2025,both,5-9,indian,3.4
Pahang,1/1/2025,both,5-9,other_citizen,0.8
Pahang,1/1/2025,both,5-9,other_noncitizen,0.5
Pahang,1/1/2025,both,10-14,bumi_malay,106.1
Pahang,1/1/2025,both,10-14,bumi_other,8.3
Pahang,1/1/2025,both,10-14,chinese,19.6
Pahang,1/1/2025,both,10-14,indian,4.6
Pahang,1/1/2025,both,10-14,other_citizen,0.6
Pahang,1/1/2025,both,10-14,other_noncitizen,0.6
Pahang,1/1/2025,both,15-19,bumi_malay,106.8
Pahang,1/1/2025,both,15-19,bumi_other,8.2
Pahang,1/1/2025,both,15-19,chinese,26.7
Pahang,1/1/2025,both,15-19,indian,5.6
Pahang,1/1/2025,both,15-19,other_citizen,0.5
Pahang,1/1/2025,both,15-19,other_noncitizen,0.7
Pahang,1/1/2025,both,20-24,bumi_malay,116.4
Pahang,1/1/2025,both,20-24,bumi_other,9.6
Pahang,1/1/2025,both,20-24,chinese,23.7
Pahang,1/1/2025,both,20-24,indian,5.8
Pahang,1/1/2025,both,20-24,other_citizen,0.6
Pahang,1/1/2025,both,20-24,other_noncitizen,8.9
Pahang,1/1/2025,both,25-29,bumi_malay,86.7
Pahang,1/1/2025,both,25-29,bumi_other,9.1
Pahang,1/1/2025,both,25-29,chinese,13
Pahang,1/1/2025,both,25-29,indian,4.5
Pahang,1/1/2025,both,25-29,other_citizen,0.8
Pahang,1/1/2025,both,25-29,other_noncitizen,21.1
Pahang,1/1/2025,both,30-34,bumi_malay,78.3
Pahang,1/1/2025,both,30-34,bumi_other,8.4
Pahang,1/1/2025,both,30-34,chinese,12.4
Pahang,1/1/2025,both,30-34,indian,3.8
Pahang,1/1/2025,both,30-34,other_citizen,1
Pahang,1/1/2025,both,30-34,other_noncitizen,23.8
Pahang,1/1/2025,both,35-39,bumi_malay,87.3
Pahang,1/1/2025,both,35-39,bumi_other,7.6
Pahang,1/1/2025,both,35-39,chinese,14.1
Pahang,1/1/2025,both,35-39,indian,3.9
Pahang,1/1/2025,both,35-39,other_citizen,1
Pahang,1/1/2025,both,35-39,other_noncitizen,19.5
Pahang,1/1/2025,both,40-44,bumi_malay,92.5
Pahang,1/1/2025,both,40-44,bumi_other,6.4
Pahang,1/1/2025,both,40-44,chinese,16.1
Pahang,1/1/2025,both,40-44,indian,4.4
Pahang,1/1/2025,both,40-44,other_citizen,1
Pahang,1/1/2025,both,40-44,other_noncitizen,13.3
Pahang,1/1/2025,both,45-49,bumi_malay,78.8
Pahang,1/1/2025,both,45-49,bumi_other,5.2
Pahang,1/1/2025,both,45-49,chinese,16.8
Pahang,1/1/2025,both,45-49,indian,4.3
Pahang,1/1/2025,both,45-49,other_citizen,0.8
Pahang,1/1/2025,both,45-49,other_noncitizen,6.8
Pahang,1/1/2025,both,50-54,bumi_malay,59.2
Pahang,1/1/2025,both,50-54,bumi_other,4
Pahang,1/1/2025,both,50-54,chinese,14.4
Pahang,1/1/2025,both,50-54,indian,3.5
Pahang,1/1/2025,both,50-54,other_citizen,0.6
Pahang,1/1/2025,both,50-54,other_noncitizen,3
Pahang,1/1/2025,both,55-59,bumi_malay,46.8
Pahang,1/1/2025,both,55-59,bumi_other,2.9
Pahang,1/1/2025,both,55-59,chinese,12
Pahang,1/1/2025,both,55-59,indian,2.6
Pahang,1/1/2025,both,55-59,other_citizen,0.4
Pahang,1/1/2025,both,55-59,other_noncitizen,1.7
Pahang,1/1/2025,both,60-64,bumi_malay,44
Pahang,1/1/2025,both,60-64,bumi_other,2.3
Pahang,1/1/2025,both,60-64,chinese,12
Pahang,1/1/2025,both,60-64,indian,2.4
Pahang,1/1/2025,both,60-64,other_citizen,0.3
Pahang,1/1/2025,both,60-64,other_noncitizen,0.9
Pahang,1/1/2025,both,65-69,bumi_malay,31.6
Pahang,1/1/2025,both,65-69,bumi_other,1.5
Pahang,1/1/2025,both,65-69,chinese,8.5
Pahang,1/1/2025,both,65-69,indian,1.8
Pahang,1/1/2025,both,65-69,other_citizen,0.2
Pahang,1/1/2025,both,65-69,other_noncitizen,0.1
Pahang,1/1/2025,both,70-74,bumi_malay,25.1
Pahang,1/1/2025,both,70-74,bumi_other,1.8
Pahang,1/1/2025,both,70-74,chinese,4.3
Pahang,1/1/2025,both,70-74,indian,1.2
Pahang,1/1/2025,both,70-74,other_citizen,0.2
Pahang,1/1/2025,both,70-74,other_noncitizen,0.1
Pahang,1/1/2025,both,75-79,bumi_malay,17.5
Pahang,1/1/2025,both,75-79,bumi_other,1.3
Pahang,1/1/2025,both,75-79,chinese,3.5
Pahang,1/1/2025,both,75-79,indian,0.9
Pahang,1/1/2025,both,75-79,other_citizen,0.1
Pahang,1/1/2025,both,75-79,other_noncitizen,0
Pahang,1/1/2025,both,80-84,bumi_malay,7.2
Pahang,1/1/2025,both,80-84,bumi_other,0.8
Pahang,1/1/2025,both,80-84,chinese,1.4
Pahang,1/1/2025,both,80-84,indian,0.5
Pahang,1/1/2025,both,80-84,other_citizen,0
Pahang,1/1/2025,both,80-84,other_noncitizen,0
Pahang,1/1/2025,both,85+,bumi_malay,7.3
Pahang,1/1/2025,both,85+,bumi_other,1.4
Pahang,1/1/2025,both,85+,chinese,0.4
Pahang,1/1/2025,both,85+,indian,0.4
Pahang,1/1/2025,both,85+,other_citizen,0.1
Pahang,1/1/2025,both,85+,other_noncitizen,0.1
Pahang,1/1/2025,female,0-4,bumi_malay,46
Pahang,1/1/2025,female,0-4,bumi_other,4.6
Pahang,1/1/2025,female,0-4,chinese,3
Pahang,1/1/2025,female,0-4,indian,1.1
Pahang,1/1/2025,female,0-4,other_citizen,0.4
Pahang,1/1/2025,female,0-4,other_noncitizen,0.4
Pahang,1/1/2025,female,5-9,bumi_malay,53.1
Pahang,1/1/2025,female,5-9,bumi_other,4.9
Pahang,1/1/2025,female,5-9,chinese,6.3
Pahang,1/1/2025,female,5-9,indian,1.8
Pahang,1/1/2025,female,5-9,other_citizen,0.4
Pahang,1/1/2025,female,5-9,other_noncitizen,0.2
Pahang,1/1/2025,female,10-14,bumi_malay,52
Pahang,1/1/2025,female,10-14,bumi_other,3.9
Pahang,1/1/2025,female,10-14,chinese,9.7
Pahang,1/1/2025,female,10-14,indian,2.3
Pahang,1/1/2025,female,10-14,other_citizen,0.2
Pahang,1/1/2025,female,10-14,other_noncitizen,0.2
Pahang,1/1/2025,female,15-19,bumi_malay,51.1
Pahang,1/1/2025,female,15-19,bumi_other,3.8
Pahang,1/1/2025,female,15-19,chinese,12.4
Pahang,1/1/2025,female,15-19,indian,2.5
Pahang,1/1/2025,female,15-19,other_citizen,0.3
Pahang,1/1/2025,female,15-19,other_noncitizen,0.2
Pahang,1/1/2025,female,20-24,bumi_malay,55.7
Pahang,1/1/2025,female,20-24,bumi_other,4.8
Pahang,1/1/2025,female,20-24,chinese,10.3
Pahang,1/1/2025,female,20-24,indian,2.8
Pahang,1/1/2025,female,20-24,other_citizen,0.3
Pahang,1/1/2025,female,20-24,other_noncitizen,0.5
Pahang,1/1/2025,female,25-29,bumi_malay,42.1
Pahang,1/1/2025,female,25-29,bumi_other,4.3
Pahang,1/1/2025,female,25-29,chinese,5.9
Pahang,1/1/2025,female,25-29,indian,2.1
Pahang,1/1/2025,female,25-29,other_citizen,0.3
Pahang,1/1/2025,female,25-29,other_noncitizen,1
Pahang,1/1/2025,female,30-34,bumi_malay,38.2
Pahang,1/1/2025,female,30-34,bumi_other,4.1
Pahang,1/1/2025,female,30-34,chinese,6.2
Pahang,1/1/2025,female,30-34,indian,1.8
Pahang,1/1/2025,female,30-34,other_citizen,0.3
Pahang,1/1/2025,female,30-34,other_noncitizen,1.7
Pahang,1/1/2025,female,35-39,bumi_malay,43.5
Pahang,1/1/2025,female,35-39,bumi_other,3.9
Pahang,1/1/2025,female,35-39,chinese,7
Pahang,1/1/2025,female,35-39,indian,1.9
Pahang,1/1/2025,female,35-39,other_citizen,0.3
Pahang,1/1/2025,female,35-39,other_noncitizen,1.9
Pahang,1/1/2025,female,40-44,bumi_malay,45.1
Pahang,1/1/2025,female,40-44,bumi_other,3
Pahang,1/1/2025,female,40-44,chinese,7.8
Pahang,1/1/2025,female,40-44,indian,2.1
Pahang,1/1/2025,female,40-44,other_citizen,0.3
Pahang,1/1/2025,female,40-44,other_noncitizen,2
Pahang,1/1/2025,female,45-49,bumi_malay,40.1
Pahang,1/1/2025,female,45-49,bumi_other,2.5
Pahang,1/1/2025,female,45-49,chinese,9.1
Pahang,1/1/2025,female,45-49,indian,2.2
Pahang,1/1/2025,female,45-49,other_citizen,0.3
Pahang,1/1/2025,female,45-49,other_noncitizen,1.3
Pahang,1/1/2025,female,50-54,bumi_malay,29.3
Pahang,1/1/2025,female,50-54,bumi_other,1.9
Pahang,1/1/2025,female,50-54,chinese,6.9
Pahang,1/1/2025,female,50-54,indian,1.7
Pahang,1/1/2025,female,50-54,other_citizen,0.2
Pahang,1/1/2025,female,50-54,other_noncitizen,0.9
Pahang,1/1/2025,female,55-59,bumi_malay,23.6
Pahang,1/1/2025,female,55-59,bumi_other,1.4
Pahang,1/1/2025,female,55-59,chinese,5.7
Pahang,1/1/2025,female,55-59,indian,1.2
Pahang,1/1/2025,female,55-59,other_citizen,0.2
Pahang,1/1/2025,female,55-59,other_noncitizen,0.6
Pahang,1/1/2025,female,60-64,bumi_malay,22.5
Pahang,1/1/2025,female,60-64,bumi_other,1.2
Pahang,1/1/2025,female,60-64,chinese,5.7
Pahang,1/1/2025,female,60-64,indian,1.3
Pahang,1/1/2025,female,60-64,other_citizen,0.1
Pahang,1/1/2025,female,60-64,other_noncitizen,0.3
Pahang,1/1/2025,female,65-69,bumi_malay,16.6
Pahang,1/1/2025,female,65-69,bumi_other,0.8
Pahang,1/1/2025,female,65-69,chinese,4.2
Pahang,1/1/2025,female,65-69,indian,1
Pahang,1/1/2025,female,65-69,other_citizen,0.1
Pahang,1/1/2025,female,65-69,other_noncitizen,0.1
Pahang,1/1/2025,female,70-74,bumi_malay,13.2
Pahang,1/1/2025,female,70-74,bumi_other,0.8
Pahang,1/1/2025,female,70-74,chinese,2.1
Pahang,1/1/2025,female,70-74,indian,0.6
Pahang,1/1/2025,female,70-74,other_citizen,0
Pahang,1/1/2025,female,70-74,other_noncitizen,0.1
Pahang,1/1/2025,female,75-79,bumi_malay,9.1
Pahang,1/1/2025,female,75-79,bumi_other,0.7
Pahang,1/1/2025,female,75-79,chinese,2
Pahang,1/1/2025,female,75-79,indian,0.5
Pahang,1/1/2025,female,75-79,other_citizen,0
Pahang,1/1/2025,female,75-79,other_noncitizen,0
Pahang,1/1/2025,female,80-84,bumi_malay,3.8
Pahang,1/1/2025,female,80-84,bumi_other,0.5
Pahang,1/1/2025,female,80-84,chinese,0.7
Pahang,1/1/2025,female,80-84,indian,0.2
Pahang,1/1/2025,female,80-84,other_citizen,0
Pahang,1/1/2025,female,80-84,other_noncitizen,0
Pahang,1/1/2025,female,85+,bumi_malay,3.5
Pahang,1/1/2025,female,85+,bumi_other,0.6
Pahang,1/1/2025,female,85+,chinese,0.1
Pahang,1/1/2025,female,85+,indian,0.2
Pahang,1/1/2025,female,85+,other_citizen,0.1
Pahang,1/1/2025,female,85+,other_noncitizen,0
Pahang,1/1/2025,male,0-4,bumi_malay,49.1
Pahang,1/1/2025,male,0-4,bumi_other,4.9
Pahang,1/1/2025,male,0-4,chinese,3.4
Pahang,1/1/2025,male,0-4,indian,1.2
Pahang,1/1/2025,male,0-4,other_citizen,0.4
Pahang,1/1/2025,male,0-4,other_noncitizen,0.4
Pahang,1/1/2025,male,5-9,bumi_malay,55.2
Pahang,1/1/2025,male,5-9,bumi_other,4.1
Pahang,1/1/2025,male,5-9,chinese,6.8
Pahang,1/1/2025,male,5-9,indian,1.5
Pahang,1/1/2025,male,5-9,other_citizen,0.3
Pahang,1/1/2025,male,5-9,other_noncitizen,0.3
Pahang,1/1/2025,male,10-14,bumi_malay,54.1
Pahang,1/1/2025,male,10-14,bumi_other,4.5
Pahang,1/1/2025,male,10-14,chinese,9.8
Pahang,1/1/2025,male,10-14,indian,2.3
Pahang,1/1/2025,male,10-14,other_citizen,0.3
Pahang,1/1/2025,male,10-14,other_noncitizen,0.4
Pahang,1/1/2025,male,15-19,bumi_malay,55.7
Pahang,1/1/2025,male,15-19,bumi_other,4.4
Pahang,1/1/2025,male,15-19,chinese,14.3
Pahang,1/1/2025,male,15-19,indian,3.1
Pahang,1/1/2025,male,15-19,other_citizen,0.2
Pahang,1/1/2025,male,15-19,other_noncitizen,0.5
Pahang,1/1/2025,male,20-24,bumi_malay,60.7
Pahang,1/1/2025,male,20-24,bumi_other,4.7
Pahang,1/1/2025,male,20-24,chinese,13.4
Pahang,1/1/2025,male,20-24,indian,3
Pahang,1/1/2025,male,20-24,other_citizen,0.3
Pahang,1/1/2025,male,20-24,other_noncitizen,8.4
Pahang,1/1/2025,male,25-29,bumi_malay,44.6
Pahang,1/1/2025,male,25-29,bumi_other,4.8
Pahang,1/1/2025,male,25-29,chinese,7.2
Pahang,1/1/2025,male,25-29,indian,2.4
Pahang,1/1/2025,male,25-29,other_citizen,0.4
Pahang,1/1/2025,male,25-29,other_noncitizen,20.1
Pahang,1/1/2025,male,30-34,bumi_malay,40.1
Pahang,1/1/2025,male,30-34,bumi_other,4.3
Pahang,1/1/2025,male,30-34,chinese,6.3
Pahang,1/1/2025,male,30-34,indian,2
Pahang,1/1/2025,male,30-34,other_citizen,0.7
Pahang,1/1/2025,male,30-34,other_noncitizen,22.1
Pahang,1/1/2025,male,35-39,bumi_malay,43.8
Pahang,1/1/2025,male,35-39,bumi_other,3.7
Pahang,1/1/2025,male,35-39,chinese,7.1
Pahang,1/1/2025,male,35-39,indian,2
Pahang,1/1/2025,male,35-39,other_citizen,0.7
Pahang,1/1/2025,male,35-39,other_noncitizen,17.6
Pahang,1/1/2025,male,40-44,bumi_malay,47.4
Pahang,1/1/2025,male,40-44,bumi_other,3.3
Pahang,1/1/2025,male,40-44,chinese,8.3
Pahang,1/1/2025,male,40-44,indian,2.3
Pahang,1/1/2025,male,40-44,other_citizen,0.7
Pahang,1/1/2025,male,40-44,other_noncitizen,11.3
Pahang,1/1/2025,male,45-49,bumi_malay,38.7
Pahang,1/1/2025,male,45-49,bumi_other,2.6
Pahang,1/1/2025,male,45-49,chinese,7.7
Pahang,1/1/2025,male,45-49,indian,2.1
Pahang,1/1/2025,male,45-49,other_citizen,0.5
Pahang,1/1/2025,male,45-49,other_noncitizen,5.4
Pahang,1/1/2025,male,50-54,bumi_malay,29.9
Pahang,1/1/2025,male,50-54,bumi_other,2.1
Pahang,1/1/2025,male,50-54,chinese,7.6
Pahang,1/1/2025,male,50-54,indian,1.7
Pahang,1/1/2025,male,50-54,other_citizen,0.4
Pahang,1/1/2025,male,50-54,other_noncitizen,2.1
Pahang,1/1/2025,male,55-59,bumi_malay,23.2
Pahang,1/1/2025,male,55-59,bumi_other,1.4
Pahang,1/1/2025,male,55-59,chinese,6.4
Pahang,1/1/2025,male,55-59,indian,1.3
Pahang,1/1/2025,male,55-59,other_citizen,0.2
Pahang,1/1/2025,male,55-59,other_noncitizen,1.1
Pahang,1/1/2025,male,60-64,bumi_malay,21.5
Pahang,1/1/2025,male,60-64,bumi_other,1.2
Pahang,1/1/2025,male,60-64,chinese,6.3
Pahang,1/1/2025,male,60-64,indian,1.2
Pahang,1/1/2025,male,60-64,other_citizen,0.2
Pahang,1/1/2025,male,60-64,other_noncitizen,0.6
Pahang,1/1/2025,male,65-69,bumi_malay,15
Pahang,1/1/2025,male,65-69,bumi_other,0.7
Pahang,1/1/2025,male,65-69,chinese,4.3
Pahang,1/1/2025,male,65-69,indian,0.8
Pahang,1/1/2025,male,65-69,other_citizen,0.1
Pahang,1/1/2025,male,65-69,other_noncitizen,0.1
Pahang,1/1/2025,male,70-74,bumi_malay,12
Pahang,1/1/2025,male,70-74,bumi_other,1
Pahang,1/1/2025,male,70-74,chinese,2.2
Pahang,1/1/2025,male,70-74,indian,0.6
Pahang,1/1/2025,male,70-74,other_citizen,0.1
Pahang,1/1/2025,male,70-74,other_noncitizen,0.1
Pahang,1/1/2025,male,75-79,bumi_malay,8.4
Pahang,1/1/2025,male,75-79,bumi_other,0.6
Pahang,1/1/2025,male,75-79,chinese,1.5
Pahang,1/1/2025,male,75-79,indian,0.4
Pahang,1/1/2025,male,75-79,other_citizen,0
Pahang,1/1/2025,male,75-79,other_noncitizen,0
Pahang,1/1/2025,male,80-84,bumi_malay,3.4
Pahang,1/1/2025,male,80-84,bumi_other,0.3
Pahang,1/1/2025,male,80-84,chinese,0.7
Pahang,1/1/2025,male,80-84,indian,0.3
Pahang,1/1/2025,male,80-84,other_citizen,0
Pahang,1/1/2025,male,80-84,other_noncitizen,0
Pahang,1/1/2025,male,85+,bumi_malay,3.8
Pahang,1/1/2025,male,85+,bumi_other,0.9
Pahang,1/1/2025,male,85+,chinese,0.3
Pahang,1/1/2025,male,85+,indian,0.2
Pahang,1/1/2025,male,85+,other_citizen,0
Pahang,1/1/2025,male,85+,other_noncitizen,0.1
Perak,1/1/2025,both,0-4,bumi_malay,110
Perak,1/1/2025,both,0-4,bumi_other,5.8
Perak,1/1/2025,both,0-4,chinese,16.9
Perak,1/1/2025,both,0-4,indian,11.9
Perak,1/1/2025,both,0-4,other_citizen,0.6
Perak,1/1/2025,both,0-4,other_noncitizen,0.9
Perak,1/1/2025,both,5-9,bumi_malay,114.3
Perak,1/1/2025,both,5-9,bumi_other,6.2
Perak,1/1/2025,both,5-9,chinese,34.1
Perak,1/1/2025,both,5-9,indian,14.9
Perak,1/1/2025,both,5-9,other_citizen,0.7
Perak,1/1/2025,both,5-9,other_noncitizen,0.9
Perak,1/1/2025,both,10-14,bumi_malay,135.6
Perak,1/1/2025,both,10-14,bumi_other,7
Perak,1/1/2025,both,10-14,chinese,45.9
Perak,1/1/2025,both,10-14,indian,21
Perak,1/1/2025,both,10-14,other_citizen,0.8
Perak,1/1/2025,both,10-14,other_noncitizen,0.6
Perak,1/1/2025,both,15-19,bumi_malay,122.2
Perak,1/1/2025,both,15-19,bumi_other,7.2
Perak,1/1/2025,both,15-19,chinese,45.9
Perak,1/1/2025,both,15-19,indian,22
Perak,1/1/2025,both,15-19,other_citizen,0.7
Perak,1/1/2025,both,15-19,other_noncitizen,1.1
Perak,1/1/2025,both,20-24,bumi_malay,135
Perak,1/1/2025,both,20-24,bumi_other,7
Perak,1/1/2025,both,20-24,chinese,52.9
Perak,1/1/2025,both,20-24,indian,25.6
Perak,1/1/2025,both,20-24,other_citizen,0.7
Perak,1/1/2025,both,20-24,other_noncitizen,21.7
Perak,1/1/2025,both,25-29,bumi_malay,126
Perak,1/1/2025,both,25-29,bumi_other,9.9
Perak,1/1/2025,both,25-29,chinese,42.8
Perak,1/1/2025,both,25-29,indian,21.4
Perak,1/1/2025,both,25-29,other_citizen,1
Perak,1/1/2025,both,25-29,other_noncitizen,34.4
Perak,1/1/2025,both,30-34,bumi_malay,99.1
Perak,1/1/2025,both,30-34,bumi_other,6.9
Perak,1/1/2025,both,30-34,chinese,32.3
Perak,1/1/2025,both,30-34,indian,19
Perak,1/1/2025,both,30-34,other_citizen,0.9
Perak,1/1/2025,both,30-34,other_noncitizen,35
Perak,1/1/2025,both,35-39,bumi_malay,100.5
Perak,1/1/2025,both,35-39,bumi_other,6.1
Perak,1/1/2025,both,35-39,chinese,33.7
Perak,1/1/2025,both,35-39,indian,18.6
Perak,1/1/2025,both,35-39,other_citizen,1
Perak,1/1/2025,both,35-39,other_noncitizen,27.9
Perak,1/1/2025,both,40-44,bumi_malay,100.8
Perak,1/1/2025,both,40-44,bumi_other,5.3
Perak,1/1/2025,both,40-44,chinese,40.3
Perak,1/1/2025,both,40-44,indian,19.8
Perak,1/1/2025,both,40-44,other_citizen,0.9
Perak,1/1/2025,both,40-44,other_noncitizen,19.7
Perak,1/1/2025,both,45-49,bumi_malay,82
Perak,1/1/2025,both,45-49,bumi_other,3.8
Perak,1/1/2025,both,45-49,chinese,42.3
Perak,1/1/2025,both,45-49,indian,19.9
Perak,1/1/2025,both,45-49,other_citizen,0.9
Perak,1/1/2025,both,45-49,other_noncitizen,9.3
Perak,1/1/2025,both,50-54,bumi_malay,64.4
Perak,1/1/2025,both,50-54,bumi_other,3.1
Perak,1/1/2025,both,50-54,chinese,40.4
Perak,1/1/2025,both,50-54,indian,15
Perak,1/1/2025,both,50-54,other_citizen,0.7
Perak,1/1/2025,both,50-54,other_noncitizen,3.8
Perak,1/1/2025,both,55-59,bumi_malay,61.3
Perak,1/1/2025,both,55-59,bumi_other,2.8
Perak,1/1/2025,both,55-59,chinese,40.3
Perak,1/1/2025,both,55-59,indian,14.3
Perak,1/1/2025,both,55-59,other_citizen,0.6
Perak,1/1/2025,both,55-59,other_noncitizen,1.5
Perak,1/1/2025,both,60-64,bumi_malay,63.7
Perak,1/1/2025,both,60-64,bumi_other,2.1
Perak,1/1/2025,both,60-64,chinese,46
Perak,1/1/2025,both,60-64,indian,15.6
Perak,1/1/2025,both,60-64,other_citizen,0.5
Perak,1/1/2025,both,60-64,other_noncitizen,0.9
Perak,1/1/2025,both,65-69,bumi_malay,48.4
Perak,1/1/2025,both,65-69,bumi_other,1.5
Perak,1/1/2025,both,65-69,chinese,37.3
Perak,1/1/2025,both,65-69,indian,12.6
Perak,1/1/2025,both,65-69,other_citizen,0.4
Perak,1/1/2025,both,65-69,other_noncitizen,0.6
Perak,1/1/2025,both,70-74,bumi_malay,35
Perak,1/1/2025,both,70-74,bumi_other,0.8
Perak,1/1/2025,both,70-74,chinese,32.5
Perak,1/1/2025,both,70-74,indian,9.3
Perak,1/1/2025,both,70-74,other_citizen,0.3
Perak,1/1/2025,both,70-74,other_noncitizen,0.6
Perak,1/1/2025,both,75-79,bumi_malay,20.1
Perak,1/1/2025,both,75-79,bumi_other,0.6
Perak,1/1/2025,both,75-79,chinese,23.9
Perak,1/1/2025,both,75-79,indian,5.6
Perak,1/1/2025,both,75-79,other_citizen,0.2
Perak,1/1/2025,both,75-79,other_noncitizen,0.4
Perak,1/1/2025,both,80-84,bumi_malay,7.8
Perak,1/1/2025,both,80-84,bumi_other,0.4
Perak,1/1/2025,both,80-84,chinese,12.2
Perak,1/1/2025,both,80-84,indian,2.2
Perak,1/1/2025,both,80-84,other_citizen,0.1
Perak,1/1/2025,both,80-84,other_noncitizen,0.2
Perak,1/1/2025,both,85+,bumi_malay,3.9
Perak,1/1/2025,both,85+,bumi_other,0.4
Perak,1/1/2025,both,85+,chinese,7.4
Perak,1/1/2025,both,85+,indian,1.3
Perak,1/1/2025,both,85+,other_citizen,0.1
Perak,1/1/2025,both,85+,other_noncitizen,0.1
Perak,1/1/2025,female,0-4,bumi_malay,53.4
Perak,1/1/2025,female,0-4,bumi_other,2.8
Perak,1/1/2025,female,0-4,chinese,8.3
Perak,1/1/2025,female,0-4,indian,5.8
Perak,1/1/2025,female,0-4,other_citizen,0.3
Perak,1/1/2025,female,0-4,other_noncitizen,0.4
Perak,1/1/2025,female,5-9,bumi_malay,55.2
Perak,1/1/2025,female,5-9,bumi_other,3.1
Perak,1/1/2025,female,5-9,chinese,16.8
Perak,1/1/2025,female,5-9,indian,7.3
Perak,1/1/2025,female,5-9,other_citizen,0.3
Perak,1/1/2025,female,5-9,other_noncitizen,0.4
Perak,1/1/2025,female,10-14,bumi_malay,65.4
Perak,1/1/2025,female,10-14,bumi_other,3.5
Perak,1/1/2025,female,10-14,chinese,21.6
Perak,1/1/2025,female,10-14,indian,10.1
Perak,1/1/2025,female,10-14,other_citizen,0.4
Perak,1/1/2025,female,10-14,other_noncitizen,0.3
Perak,1/1/2025,female,15-19,bumi_malay,58.7
Perak,1/1/2025,female,15-19,bumi_other,3.6
Perak,1/1/2025,female,15-19,chinese,21.2
Perak,1/1/2025,female,15-19,indian,10.5
Perak,1/1/2025,female,15-19,other_citizen,0.3
Perak,1/1/2025,female,15-19,other_noncitizen,0.6
Perak,1/1/2025,female,20-24,bumi_malay,65.2
Perak,1/1/2025,female,20-24,bumi_other,3.5
Perak,1/1/2025,female,20-24,chinese,24.7
Perak,1/1/2025,female,20-24,indian,12.3
Perak,1/1/2025,female,20-24,other_citizen,0.4
Perak,1/1/2025,female,20-24,other_noncitizen,2.4
Perak,1/1/2025,female,25-29,bumi_malay,62
Perak,1/1/2025,female,25-29,bumi_other,5.3
Perak,1/1/2025,female,25-29,chinese,21
Perak,1/1/2025,female,25-29,indian,10.6
Perak,1/1/2025,female,25-29,other_citizen,0.5
Perak,1/1/2025,female,25-29,other_noncitizen,2.7
Perak,1/1/2025,female,30-34,bumi_malay,48.3
Perak,1/1/2025,female,30-34,bumi_other,3.3
Perak,1/1/2025,female,30-34,chinese,15.9
Perak,1/1/2025,female,30-34,indian,9.6
Perak,1/1/2025,female,30-34,other_citizen,0.4
Perak,1/1/2025,female,30-34,other_noncitizen,3.7
Perak,1/1/2025,female,35-39,bumi_malay,49.9
Perak,1/1/2025,female,35-39,bumi_other,3
Perak,1/1/2025,female,35-39,chinese,17
Perak,1/1/2025,female,35-39,indian,9.5
Perak,1/1/2025,female,35-39,other_citizen,0.4
Perak,1/1/2025,female,35-39,other_noncitizen,3.4
Perak,1/1/2025,female,40-44,bumi_malay,50
Perak,1/1/2025,female,40-44,bumi_other,2.6
Perak,1/1/2025,female,40-44,chinese,19.9
Perak,1/1/2025,female,40-44,indian,10.1
Perak,1/1/2025,female,40-44,other_citizen,0.4
Perak,1/1/2025,female,40-44,other_noncitizen,3.2
Perak,1/1/2025,female,45-49,bumi_malay,40.7
Perak,1/1/2025,female,45-49,bumi_other,1.9
Perak,1/1/2025,female,45-49,chinese,20.7
Perak,1/1/2025,female,45-49,indian,10.4
Perak,1/1/2025,female,45-49,other_citizen,0.5
Perak,1/1/2025,female,45-49,other_noncitizen,2.1
Perak,1/1/2025,female,50-54,bumi_malay,34
Perak,1/1/2025,female,50-54,bumi_other,1.5
Perak,1/1/2025,female,50-54,chinese,20.7
Perak,1/1/2025,female,50-54,indian,8.3
Perak,1/1/2025,female,50-54,other_citizen,0.4
Perak,1/1/2025,female,50-54,other_noncitizen,1.3
Perak,1/1/2025,female,55-59,bumi_malay,32.7
Perak,1/1/2025,female,55-59,bumi_other,1.4
Perak,1/1/2025,female,55-59,chinese,20.4
Perak,1/1/2025,female,55-59,indian,7.9
Perak,1/1/2025,female,55-59,other_citizen,0.3
Perak,1/1/2025,female,55-59,other_noncitizen,0.6
Perak,1/1/2025,female,60-64,bumi_malay,33.6
Perak,1/1/2025,female,60-64,bumi_other,1
Perak,1/1/2025,female,60-64,chinese,23.3
Perak,1/1/2025,female,60-64,indian,8.7
Perak,1/1/2025,female,60-64,other_citizen,0.3
Perak,1/1/2025,female,60-64,other_noncitizen,0.4
Perak,1/1/2025,female,65-69,bumi_malay,25.9
Perak,1/1/2025,female,65-69,bumi_other,0.7
Perak,1/1/2025,female,65-69,chinese,19.4
Perak,1/1/2025,female,65-69,indian,7.2
Perak,1/1/2025,female,65-69,other_citizen,0.2
Perak,1/1/2025,female,65-69,other_noncitizen,0.4
Perak,1/1/2025,female,70-74,bumi_malay,19.3
Perak,1/1/2025,female,70-74,bumi_other,0.4
Perak,1/1/2025,female,70-74,chinese,16.9
Perak,1/1/2025,female,70-74,indian,5.3
Perak,1/1/2025,female,70-74,other_citizen,0.2
Perak,1/1/2025,female,70-74,other_noncitizen,0.3
Perak,1/1/2025,female,75-79,bumi_malay,11.5
Perak,1/1/2025,female,75-79,bumi_other,0.3
Perak,1/1/2025,female,75-79,chinese,12.7
Perak,1/1/2025,female,75-79,indian,3.3
Perak,1/1/2025,female,75-79,other_citizen,0.1
Perak,1/1/2025,female,75-79,other_noncitizen,0.3
Perak,1/1/2025,female,80-84,bumi_malay,4.6
Perak,1/1/2025,female,80-84,bumi_other,0.2
Perak,1/1/2025,female,80-84,chinese,6.6
Perak,1/1/2025,female,80-84,indian,1.3
Perak,1/1/2025,female,80-84,other_citizen,0.1
Perak,1/1/2025,female,80-84,other_noncitizen,0.1
Perak,1/1/2025,female,85+,bumi_malay,2.4
Perak,1/1/2025,female,85+,bumi_other,0.2
Perak,1/1/2025,female,85+,chinese,4.3
Perak,1/1/2025,female,85+,indian,0.8
Perak,1/1/2025,female,85+,other_citizen,0.1
Perak,1/1/2025,female,85+,other_noncitizen,0.1
Perak,1/1/2025,male,0-4,bumi_malay,56.7
Perak,1/1/2025,male,0-4,bumi_other,2.9
Perak,1/1/2025,male,0-4,chinese,8.6
Perak,1/1/2025,male,0-4,indian,6
Perak,1/1/2025,male,0-4,other_citizen,0.3
Perak,1/1/2025,male,0-4,other_noncitizen,0.5
Perak,1/1/2025,male,5-9,bumi_malay,59.1
Perak,1/1/2025,male,5-9,bumi_other,3.1
Perak,1/1/2025,male,5-9,chinese,17.3
Perak,1/1/2025,male,5-9,indian,7.6
Perak,1/1/2025,male,5-9,other_citizen,0.3
Perak,1/1/2025,male,5-9,other_noncitizen,0.5
Perak,1/1/2025,male,10-14,bumi_malay,70.2
Perak,1/1/2025,male,10-14,bumi_other,3.5
Perak,1/1/2025,male,10-14,chinese,24.3
Perak,1/1/2025,male,10-14,indian,10.9
Perak,1/1/2025,male,10-14,other_citizen,0.4
Perak,1/1/2025,male,10-14,other_noncitizen,0.3
Perak,1/1/2025,male,15-19,bumi_malay,63.5
Perak,1/1/2025,male,15-19,bumi_other,3.6
Perak,1/1/2025,male,15-19,chinese,24.7
Perak,1/1/2025,male,15-19,indian,11.5
Perak,1/1/2025,male,15-19,other_citizen,0.4
Perak,1/1/2025,male,15-19,other_noncitizen,0.5
Perak,1/1/2025,male,20-24,bumi_malay,69.8
Perak,1/1/2025,male,20-24,bumi_other,3.5
Perak,1/1/2025,male,20-24,chinese,28.2
Perak,1/1/2025,male,20-24,indian,13.3
Perak,1/1/2025,male,20-24,other_citizen,0.3
Perak,1/1/2025,male,20-24,other_noncitizen,19.3
Perak,1/1/2025,male,25-29,bumi_malay,64
Perak,1/1/2025,male,25-29,bumi_other,4.6
Perak,1/1/2025,male,25-29,chinese,21.8
Perak,1/1/2025,male,25-29,indian,10.8
Perak,1/1/2025,male,25-29,other_citizen,0.5
Perak,1/1/2025,male,25-29,other_noncitizen,31.7
Perak,1/1/2025,male,30-34,bumi_malay,50.8
Perak,1/1/2025,male,30-34,bumi_other,3.6
Perak,1/1/2025,male,30-34,chinese,16.4
Perak,1/1/2025,male,30-34,indian,9.4
Perak,1/1/2025,male,30-34,other_citizen,0.6
Perak,1/1/2025,male,30-34,other_noncitizen,31.3
Perak,1/1/2025,male,35-39,bumi_malay,50.6
Perak,1/1/2025,male,35-39,bumi_other,3
Perak,1/1/2025,male,35-39,chinese,16.7
Perak,1/1/2025,male,35-39,indian,9.1
Perak,1/1/2025,male,35-39,other_citizen,0.5
Perak,1/1/2025,male,35-39,other_noncitizen,24.5
Perak,1/1/2025,male,40-44,bumi_malay,50.8
Perak,1/1/2025,male,40-44,bumi_other,2.7
Perak,1/1/2025,male,40-44,chinese,20.5
Perak,1/1/2025,male,40-44,indian,9.7
Perak,1/1/2025,male,40-44,other_citizen,0.4
Perak,1/1/2025,male,40-44,other_noncitizen,16.5
Perak,1/1/2025,male,45-49,bumi_malay,41.2
Perak,1/1/2025,male,45-49,bumi_other,1.9
Perak,1/1/2025,male,45-49,chinese,21.6
Perak,1/1/2025,male,45-49,indian,9.6
Perak,1/1/2025,male,45-49,other_citizen,0.4
Perak,1/1/2025,male,45-49,other_noncitizen,7.2
Perak,1/1/2025,male,50-54,bumi_malay,30.4
Perak,1/1/2025,male,50-54,bumi_other,1.5
Perak,1/1/2025,male,50-54,chinese,19.8
Perak,1/1/2025,male,50-54,indian,6.7
Perak,1/1/2025,male,50-54,other_citizen,0.3
Perak,1/1/2025,male,50-54,other_noncitizen,2.5
Perak,1/1/2025,male,55-59,bumi_malay,28.6
Perak,1/1/2025,male,55-59,bumi_other,1.4
Perak,1/1/2025,male,55-59,chinese,19.8
Perak,1/1/2025,male,55-59,indian,6.4
Perak,1/1/2025,male,55-59,other_citizen,0.2
Perak,1/1/2025,male,55-59,other_noncitizen,0.8
Perak,1/1/2025,male,60-64,bumi_malay,30.1
Perak,1/1/2025,male,60-64,bumi_other,1.1
Perak,1/1/2025,male,60-64,chinese,22.7
Perak,1/1/2025,male,60-64,indian,7
Perak,1/1/2025,male,60-64,other_citizen,0.2
Perak,1/1/2025,male,60-64,other_noncitizen,0.5
Perak,1/1/2025,male,65-69,bumi_malay,22.5
Perak,1/1/2025,male,65-69,bumi_other,0.8
Perak,1/1/2025,male,65-69,chinese,18
Perak,1/1/2025,male,65-69,indian,5.5
Perak,1/1/2025,male,65-69,other_citizen,0.2
Perak,1/1/2025,male,65-69,other_noncitizen,0.3
Perak,1/1/2025,male,70-74,bumi_malay,15.6
Perak,1/1/2025,male,70-74,bumi_other,0.4
Perak,1/1/2025,male,70-74,chinese,15.6
Perak,1/1/2025,male,70-74,indian,4
Perak,1/1/2025,male,70-74,other_citizen,0.2
Perak,1/1/2025,male,70-74,other_noncitizen,0.2
Perak,1/1/2025,male,75-79,bumi_malay,8.6
Perak,1/1/2025,male,75-79,bumi_other,0.3
Perak,1/1/2025,male,75-79,chinese,11.2
Perak,1/1/2025,male,75-79,indian,2.4
Perak,1/1/2025,male,75-79,other_citizen,0.1
Perak,1/1/2025,male,75-79,other_noncitizen,0.2
Perak,1/1/2025,male,80-84,bumi_malay,3.1
Perak,1/1/2025,male,80-84,bumi_other,0.2
Perak,1/1/2025,male,80-84,chinese,5.5
Perak,1/1/2025,male,80-84,indian,1
Perak,1/1/2025,male,80-84,other_citizen,0.1
Perak,1/1/2025,male,80-84,other_noncitizen,0.1
Perak,1/1/2025,male,85+,bumi_malay,1.5
Perak,1/1/2025,male,85+,bumi_other,0.2
Perak,1/1/2025,male,85+,chinese,3.1
Perak,1/1/2025,male,85+,indian,0.5
Perak,1/1/2025,male,85+,other_citizen,0
Perak,1/1/2025,male,85+,other_noncitizen,0
Perlis,1/1/2025,both,0-4,bumi_malay,17.6
Perlis,1/1/2025,both,0-4,bumi_other,0.1
Perlis,1/1/2025,both,0-4,chinese,0.6
Perlis,1/1/2025,both,0-4,indian,0.1
Perlis,1/1/2025,both,0-4,other_citizen,0.4
Perlis,1/1/2025,both,0-4,other_noncitizen,0.1
Perlis,1/1/2025,both,5-9,bumi_malay,17.6
Perlis,1/1/2025,both,5-9,bumi_other,0.1
Perlis,1/1/2025,both,5-9,chinese,0.8
Perlis,1/1/2025,both,5-9,indian,0.2
Perlis,1/1/2025,both,5-9,other_citizen,0.3
Perlis,1/1/2025,both,5-9,other_noncitizen,0.1
Perlis,1/1/2025,both,10-14,bumi_malay,17.7
Perlis,1/1/2025,both,10-14,bumi_other,0.1
Perlis,1/1/2025,both,10-14,chinese,1
Perlis,1/1/2025,both,10-14,indian,0.2
Perlis,1/1/2025,both,10-14,other_citizen,0.4
Perlis,1/1/2025,both,10-14,other_noncitizen,0.1
Perlis,1/1/2025,both,15-19,bumi_malay,17.8
Perlis,1/1/2025,both,15-19,bumi_other,0.1
Perlis,1/1/2025,both,15-19,chinese,1.2
Perlis,1/1/2025,both,15-19,indian,0.3
Perlis,1/1/2025,both,15-19,other_citizen,0.3
Perlis,1/1/2025,both,15-19,other_noncitizen,0.2
Perlis,1/1/2025,both,20-24,bumi_malay,33.3
Perlis,1/1/2025,both,20-24,bumi_other,0.1
Perlis,1/1/2025,both,20-24,chinese,2.2
Perlis,1/1/2025,both,20-24,indian,0.7
Perlis,1/1/2025,both,20-24,other_citizen,0.5
Perlis,1/1/2025,both,20-24,other_noncitizen,1.6
Perlis,1/1/2025,both,25-29,bumi_malay,26.6
Perlis,1/1/2025,both,25-29,bumi_other,0.3
Perlis,1/1/2025,both,25-29,chinese,2.6
Perlis,1/1/2025,both,25-29,indian,1.3
Perlis,1/1/2025,both,25-29,other_citizen,0.5
Perlis,1/1/2025,both,25-29,other_noncitizen,1.7
Perlis,1/1/2025,both,30-34,bumi_malay,17.7
Perlis,1/1/2025,both,30-34,bumi_other,0.2
Perlis,1/1/2025,both,30-34,chinese,1
Perlis,1/1/2025,both,30-34,indian,0.4
Perlis,1/1/2025,both,30-34,other_citizen,0.3
Perlis,1/1/2025,both,30-34,other_noncitizen,1.5
Perlis,1/1/2025,both,35-39,bumi_malay,16.8
Perlis,1/1/2025,both,35-39,bumi_other,0.1
Perlis,1/1/2025,both,35-39,chinese,1
Perlis,1/1/2025,both,35-39,indian,0.2
Perlis,1/1/2025,both,35-39,other_citizen,0.4
Perlis,1/1/2025,both,35-39,other_noncitizen,1.8
Perlis,1/1/2025,both,40-44,bumi_malay,16.1
Perlis,1/1/2025,both,40-44,bumi_other,0.1
Perlis,1/1/2025,both,40-44,chinese,1.2
Perlis,1/1/2025,both,40-44,indian,0.2
Perlis,1/1/2025,both,40-44,other_citizen,0.4
Perlis,1/1/2025,both,40-44,other_noncitizen,1.5
Perlis,1/1/2025,both,45-49,bumi_malay,21.5
Perlis,1/1/2025,both,45-49,bumi_other,0.1
Perlis,1/1/2025,both,45-49,chinese,2.2
Perlis,1/1/2025,both,45-49,indian,0.6
Perlis,1/1/2025,both,45-49,other_citizen,0.4
Perlis,1/1/2025,both,45-49,other_noncitizen,1
Perlis,1/1/2025,both,50-54,bumi_malay,10.3
Perlis,1/1/2025,both,50-54,bumi_other,0
Perlis,1/1/2025,both,50-54,chinese,1.1
Perlis,1/1/2025,both,50-54,indian,0.2
Perlis,1/1/2025,both,50-54,other_citizen,0.4
Perlis,1/1/2025,both,50-54,other_noncitizen,0.8
Perlis,1/1/2025,both,55-59,bumi_malay,9.9
Perlis,1/1/2025,both,55-59,bumi_other,0
Perlis,1/1/2025,both,55-59,chinese,1
Perlis,1/1/2025,both,55-59,indian,0.1
Perlis,1/1/2025,both,55-59,other_citizen,0.4
Perlis,1/1/2025,both,55-59,other_noncitizen,0.6
Perlis,1/1/2025,both,60-64,bumi_malay,9.9
Perlis,1/1/2025,both,60-64,bumi_other,0
Perlis,1/1/2025,both,60-64,chinese,1.3
Perlis,1/1/2025,both,60-64,indian,0.2
Perlis,1/1/2025,both,60-64,other_citizen,0.4
Perlis,1/1/2025,both,60-64,other_noncitizen,0.3
Perlis,1/1/2025,both,65-69,bumi_malay,7.8
Perlis,1/1/2025,both,65-69,bumi_other,0
Perlis,1/1/2025,both,65-69,chinese,1
Perlis,1/1/2025,both,65-69,indian,0.1
Perlis,1/1/2025,both,65-69,other_citizen,0.3
Perlis,1/1/2025,both,65-69,other_noncitizen,0.2
Perlis,1/1/2025,both,70-74,bumi_malay,6.6
Perlis,1/1/2025,both,70-74,bumi_other,0
Perlis,1/1/2025,both,70-74,chinese,1
Perlis,1/1/2025,both,70-74,indian,0.1
Perlis,1/1/2025,both,70-74,other_citizen,0.2
Perlis,1/1/2025,both,70-74,other_noncitizen,0.1
Perlis,1/1/2025,both,75-79,bumi_malay,3.8
Perlis,1/1/2025,both,75-79,bumi_other,0
Perlis,1/1/2025,both,75-79,chinese,0.6
Perlis,1/1/2025,both,75-79,indian,0.1
Perlis,1/1/2025,both,75-79,other_citizen,0.1
Perlis,1/1/2025,both,75-79,other_noncitizen,0
Perlis,1/1/2025,both,80-84,bumi_malay,1.8
Perlis,1/1/2025,both,80-84,bumi_other,0
Perlis,1/1/2025,both,80-84,chinese,0.3
Perlis,1/1/2025,both,80-84,indian,0
Perlis,1/1/2025,both,80-84,other_citizen,0.1
Perlis,1/1/2025,both,80-84,other_noncitizen,0
Perlis,1/1/2025,both,85+,bumi_malay,1.1
Perlis,1/1/2025,both,85+,bumi_other,0
Perlis,1/1/2025,both,85+,chinese,0.1
Perlis,1/1/2025,both,85+,indian,0
Perlis,1/1/2025,both,85+,other_citizen,0
Perlis,1/1/2025,both,85+,other_noncitizen,0
Perlis,1/1/2025,female,0-4,bumi_malay,8.4
Perlis,1/1/2025,female,0-4,bumi_other,0
Perlis,1/1/2025,female,0-4,chinese,0.3
Perlis,1/1/2025,female,0-4,indian,0.1
Perlis,1/1/2025,female,0-4,other_citizen,0.2
Perlis,1/1/2025,female,0-4,other_noncitizen,0.1
Perlis,1/1/2025,female,5-9,bumi_malay,8.5
Perlis,1/1/2025,female,5-9,bumi_other,0.1
Perlis,1/1/2025,female,5-9,chinese,0.4
Perlis,1/1/2025,female,5-9,indian,0.1
Perlis,1/1/2025,female,5-9,other_citizen,0.2
Perlis,1/1/2025,female,5-9,other_noncitizen,0
Perlis,1/1/2025,female,10-14,bumi_malay,8.5
Perlis,1/1/2025,female,10-14,bumi_other,0.1
Perlis,1/1/2025,female,10-14,chinese,0.4
Perlis,1/1/2025,female,10-14,indian,0.1
Perlis,1/1/2025,female,10-14,other_citizen,0.2
Perlis,1/1/2025,female,10-14,other_noncitizen,0
Perlis,1/1/2025,female,15-19,bumi_malay,8.6
Perlis,1/1/2025,female,15-19,bumi_other,0
Perlis,1/1/2025,female,15-19,chinese,0.5
Perlis,1/1/2025,female,15-19,indian,0.1
Perlis,1/1/2025,female,15-19,other_citizen,0.2
Perlis,1/1/2025,female,15-19,other_noncitizen,0.1
Perlis,1/1/2025,female,20-24,bumi_malay,16
Perlis,1/1/2025,female,20-24,bumi_other,0
Perlis,1/1/2025,female,20-24,chinese,1
Perlis,1/1/2025,female,20-24,indian,0.3
Perlis,1/1/2025,female,20-24,other_citizen,0.2
Perlis,1/1/2025,female,20-24,other_noncitizen,0.7
Perlis,1/1/2025,female,25-29,bumi_malay,13.6
Perlis,1/1/2025,female,25-29,bumi_other,0.1
Perlis,1/1/2025,female,25-29,chinese,1.2
Perlis,1/1/2025,female,25-29,indian,0.7
Perlis,1/1/2025,female,25-29,other_citizen,0.2
Perlis,1/1/2025,female,25-29,other_noncitizen,0.8
Perlis,1/1/2025,female,30-34,bumi_malay,8.4
Perlis,1/1/2025,female,30-34,bumi_other,0.1
Perlis,1/1/2025,female,30-34,chinese,0.5
Perlis,1/1/2025,female,30-34,indian,0.2
Perlis,1/1/2025,female,30-34,other_citizen,0.2
Perlis,1/1/2025,female,30-34,other_noncitizen,0.7
Perlis,1/1/2025,female,35-39,bumi_malay,8.1
Perlis,1/1/2025,female,35-39,bumi_other,0.1
Perlis,1/1/2025,female,35-39,chinese,0.5
Perlis,1/1/2025,female,35-39,indian,0.1
Perlis,1/1/2025,female,35-39,other_citizen,0.2
Perlis,1/1/2025,female,35-39,other_noncitizen,0.9
Perlis,1/1/2025,female,40-44,bumi_malay,8
Perlis,1/1/2025,female,40-44,bumi_other,0
Perlis,1/1/2025,female,40-44,chinese,0.5
Perlis,1/1/2025,female,40-44,indian,0.1
Perlis,1/1/2025,female,40-44,other_citizen,0.2
Perlis,1/1/2025,female,40-44,other_noncitizen,0.9
Perlis,1/1/2025,female,45-49,bumi_malay,11
Perlis,1/1/2025,female,45-49,bumi_other,0
Perlis,1/1/2025,female,45-49,chinese,1.1
Perlis,1/1/2025,female,45-49,indian,0.3
Perlis,1/1/2025,female,45-49,other_citizen,0.2
Perlis,1/1/2025,female,45-49,other_noncitizen,0.7
Perlis,1/1/2025,female,50-54,bumi_malay,5.9
Perlis,1/1/2025,female,50-54,bumi_other,0
Perlis,1/1/2025,female,50-54,chinese,0.6
Perlis,1/1/2025,female,50-54,indian,0.1
Perlis,1/1/2025,female,50-54,other_citizen,0.2
Perlis,1/1/2025,female,50-54,other_noncitizen,0.5
Perlis,1/1/2025,female,55-59,bumi_malay,5.2
Perlis,1/1/2025,female,55-59,bumi_other,0
Perlis,1/1/2025,female,55-59,chinese,0.5
Perlis,1/1/2025,female,55-59,indian,0.1
Perlis,1/1/2025,female,55-59,other_citizen,0.2
Perlis,1/1/2025,female,55-59,other_noncitizen,0.4
Perlis,1/1/2025,female,60-64,bumi_malay,5.3
Perlis,1/1/2025,female,60-64,bumi_other,0
Perlis,1/1/2025,female,60-64,chinese,0.6
Perlis,1/1/2025,female,60-64,indian,0.1
Perlis,1/1/2025,female,60-64,other_citizen,0.2
Perlis,1/1/2025,female,60-64,other_noncitizen,0.2
Perlis,1/1/2025,female,65-69,bumi_malay,4.2
Perlis,1/1/2025,female,65-69,bumi_other,0
Perlis,1/1/2025,female,65-69,chinese,0.5
Perlis,1/1/2025,female,65-69,indian,0.1
Perlis,1/1/2025,female,65-69,other_citizen,0.2
Perlis,1/1/2025,female,65-69,other_noncitizen,0.1
Perlis,1/1/2025,female,70-74,bumi_malay,3.8
Perlis,1/1/2025,female,70-74,bumi_other,0
Perlis,1/1/2025,female,70-74,chinese,0.5
Perlis,1/1/2025,female,70-74,indian,0.1
Perlis,1/1/2025,female,70-74,other_citizen,0.1
Perlis,1/1/2025,female,70-74,other_noncitizen,0.1
Perlis,1/1/2025,female,75-79,bumi_malay,2.1
Perlis,1/1/2025,female,75-79,bumi_other,0
Perlis,1/1/2025,female,75-79,chinese,0.3
Perlis,1/1/2025,female,75-79,indian,0
Perlis,1/1/2025,female,75-79,other_citizen,0.1
Perlis,1/1/2025,female,75-79,other_noncitizen,0
Perlis,1/1/2025,female,80-84,bumi_malay,1.1
Perlis,1/1/2025,female,80-84,bumi_other,0
Perlis,1/1/2025,female,80-84,chinese,0.1
Perlis,1/1/2025,female,80-84,indian,0
Perlis,1/1/2025,female,80-84,other_citizen,0
Perlis,1/1/2025,female,80-84,other_noncitizen,0
Perlis,1/1/2025,female,85+,bumi_malay,0.7
Perlis,1/1/2025,female,85+,bumi_other,0
Perlis,1/1/2025,female,85+,chinese,0.1
Perlis,1/1/2025,female,85+,indian,0
Perlis,1/1/2025,female,85+,other_citizen,0
Perlis,1/1/2025,female,85+,other_noncitizen,0
Perlis,1/1/2025,male,0-4,bumi_malay,9.2
Perlis,1/1/2025,male,0-4,bumi_other,0
Perlis,1/1/2025,male,0-4,chinese,0.3
Perlis,1/1/2025,male,0-4,indian,0.1
Perlis,1/1/2025,male,0-4,other_citizen,0.2
Perlis,1/1/2025,male,0-4,other_noncitizen,0
Perlis,1/1/2025,male,5-9,bumi_malay,9.1
Perlis,1/1/2025,male,5-9,bumi_other,0.1
Perlis,1/1/2025,male,5-9,chinese,0.4
Perlis,1/1/2025,male,5-9,indian,0.1
Perlis,1/1/2025,male,5-9,other_citizen,0.2
Perlis,1/1/2025,male,5-9,other_noncitizen,0
Perlis,1/1/2025,male,10-14,bumi_malay,9.2
Perlis,1/1/2025,male,10-14,bumi_other,0.1
Perlis,1/1/2025,male,10-14,chinese,0.5
Perlis,1/1/2025,male,10-14,indian,0.1
Perlis,1/1/2025,male,10-14,other_citizen,0.2
Perlis,1/1/2025,male,10-14,other_noncitizen,0.1
Perlis,1/1/2025,male,15-19,bumi_malay,9.2
Perlis,1/1/2025,male,15-19,bumi_other,0
Perlis,1/1/2025,male,15-19,chinese,0.7
Perlis,1/1/2025,male,15-19,indian,0.1
Perlis,1/1/2025,male,15-19,other_citizen,0.2
Perlis,1/1/2025,male,15-19,other_noncitizen,0.1
Perlis,1/1/2025,male,20-24,bumi_malay,17.4
Perlis,1/1/2025,male,20-24,bumi_other,0.1
Perlis,1/1/2025,male,20-24,chinese,1.2
Perlis,1/1/2025,male,20-24,indian,0.4
Perlis,1/1/2025,male,20-24,other_citizen,0.3
Perlis,1/1/2025,male,20-24,other_noncitizen,0.9
Perlis,1/1/2025,male,25-29,bumi_malay,13
Perlis,1/1/2025,male,25-29,bumi_other,0.2
Perlis,1/1/2025,male,25-29,chinese,1.3
Perlis,1/1/2025,male,25-29,indian,0.7
Perlis,1/1/2025,male,25-29,other_citizen,0.3
Perlis,1/1/2025,male,25-29,other_noncitizen,1
Perlis,1/1/2025,male,30-34,bumi_malay,9.3
Perlis,1/1/2025,male,30-34,bumi_other,0.1
Perlis,1/1/2025,male,30-34,chinese,0.5
Perlis,1/1/2025,male,30-34,indian,0.2
Perlis,1/1/2025,male,30-34,other_citizen,0.2
Perlis,1/1/2025,male,30-34,other_noncitizen,0.8
Perlis,1/1/2025,male,35-39,bumi_malay,8.6
Perlis,1/1/2025,male,35-39,bumi_other,0.1
Perlis,1/1/2025,male,35-39,chinese,0.5
Perlis,1/1/2025,male,35-39,indian,0.1
Perlis,1/1/2025,male,35-39,other_citizen,0.2
Perlis,1/1/2025,male,35-39,other_noncitizen,0.9
Perlis,1/1/2025,male,40-44,bumi_malay,8.1
Perlis,1/1/2025,male,40-44,bumi_other,0.1
Perlis,1/1/2025,male,40-44,chinese,0.6
Perlis,1/1/2025,male,40-44,indian,0.1
Perlis,1/1/2025,male,40-44,other_citizen,0.2
Perlis,1/1/2025,male,40-44,other_noncitizen,0.6
Perlis,1/1/2025,male,45-49,bumi_malay,10.4
Perlis,1/1/2025,male,45-49,bumi_other,0
Perlis,1/1/2025,male,45-49,chinese,1.1
Perlis,1/1/2025,male,45-49,indian,0.3
Perlis,1/1/2025,male,45-49,other_citizen,0.2
Perlis,1/1/2025,male,45-49,other_noncitizen,0.3
Perlis,1/1/2025,male,50-54,bumi_malay,4.4
Perlis,1/1/2025,male,50-54,bumi_other,0
Perlis,1/1/2025,male,50-54,chinese,0.5
Perlis,1/1/2025,male,50-54,indian,0.1
Perlis,1/1/2025,male,50-54,other_citizen,0.2
Perlis,1/1/2025,male,50-54,other_noncitizen,0.3
Perlis,1/1/2025,male,55-59,bumi_malay,4.7
Perlis,1/1/2025,male,55-59,bumi_other,0
Perlis,1/1/2025,male,55-59,chinese,0.5
Perlis,1/1/2025,male,55-59,indian,0.1
Perlis,1/1/2025,male,55-59,other_citizen,0.2
Perlis,1/1/2025,male,55-59,other_noncitizen,0.2
Perlis,1/1/2025,male,60-64,bumi_malay,4.7
Perlis,1/1/2025,male,60-64,bumi_other,0
Perlis,1/1/2025,male,60-64,chinese,0.7
Perlis,1/1/2025,male,60-64,indian,0.1
Perlis,1/1/2025,male,60-64,other_citizen,0.2
Perlis,1/1/2025,male,60-64,other_noncitizen,0.1
Perlis,1/1/2025,male,65-69,bumi_malay,3.6
Perlis,1/1/2025,male,65-69,bumi_other,0
Perlis,1/1/2025,male,65-69,chinese,0.5
Perlis,1/1/2025,male,65-69,indian,0.1
Perlis,1/1/2025,male,65-69,other_citizen,0.1
Perlis,1/1/2025,male,65-69,other_noncitizen,0.1
Perlis,1/1/2025,male,70-74,bumi_malay,2.7
Perlis,1/1/2025,male,70-74,bumi_other,0
Perlis,1/1/2025,male,70-74,chinese,0.4
Perlis,1/1/2025,male,70-74,indian,0
Perlis,1/1/2025,male,70-74,other_citizen,0.1
Perlis,1/1/2025,male,70-74,other_noncitizen,0
Perlis,1/1/2025,male,75-79,bumi_malay,1.7
Perlis,1/1/2025,male,75-79,bumi_other,0
Perlis,1/1/2025,male,75-79,chinese,0.3
Perlis,1/1/2025,male,75-79,indian,0
Perlis,1/1/2025,male,75-79,other_citizen,0
Perlis,1/1/2025,male,75-79,other_noncitizen,0
Perlis,1/1/2025,male,80-84,bumi_malay,0.7
Perlis,1/1/2025,male,80-84,bumi_other,0
Perlis,1/1/2025,male,80-84,chinese,0.1
Perlis,1/1/2025,male,80-84,indian,0
Perlis,1/1/2025,male,80-84,other_citizen,0
Perlis,1/1/2025,male,80-84,other_noncitizen,0
Perlis,1/1/2025,male,85+,bumi_malay,0.4
Perlis,1/1/2025,male,85+,bumi_other,0
Perlis,1/1/2025,male,85+,chinese,0.1
Perlis,1/1/2025,male,85+,indian,0
Perlis,1/1/2025,male,85+,other_citizen,0
Perlis,1/1/2025,male,85+,other_noncitizen,0
Pulau Pinang,1/1/2025,both,0-4,bumi_malay,56.1
Pulau Pinang,1/1/2025,both,0-4,bumi_other,0.5
Pulau Pinang,1/1/2025,both,0-4,chinese,21.2
Pulau Pinang,1/1/2025,both,0-4,indian,7.6
Pulau Pinang,1/1/2025,both,0-4,other_citizen,0.4
Pulau Pinang,1/1/2025,both,0-4,other_noncitizen,23.6
Pulau Pinang,1/1/2025,both,5-9,bumi_malay,50.2
Pulau Pinang,1/1/2025,both,5-9,bumi_other,0.6
Pulau Pinang,1/1/2025,both,5-9,chinese,38.9
Pulau Pinang,1/1/2025,both,5-9,indian,8.7
Pulau Pinang,1/1/2025,both,5-9,other_citizen,0.7
Pulau Pinang,1/1/2025,both,5-9,other_noncitizen,11.1
Pulau Pinang,1/1/2025,both,10-14,bumi_malay,49.5
Pulau Pinang,1/1/2025,both,10-14,bumi_other,0.5
Pulau Pinang,1/1/2025,both,10-14,chinese,47.5
Pulau Pinang,1/1/2025,both,10-14,indian,10.2
Pulau Pinang,1/1/2025,both,10-14,other_citizen,0.6
Pulau Pinang,1/1/2025,both,10-14,other_noncitizen,3
Pulau Pinang,1/1/2025,both,15-19,bumi_malay,49.4
Pulau Pinang,1/1/2025,both,15-19,bumi_other,0.5
Pulau Pinang,1/1/2025,both,15-19,chinese,50
Pulau Pinang,1/1/2025,both,15-19,indian,12.1
Pulau Pinang,1/1/2025,both,15-19,other_citizen,0.8
Pulau Pinang,1/1/2025,both,15-19,other_noncitizen,6.1
Pulau Pinang,1/1/2025,both,20-24,bumi_malay,61
Pulau Pinang,1/1/2025,both,20-24,bumi_other,0.5
Pulau Pinang,1/1/2025,both,20-24,chinese,47.1
Pulau Pinang,1/1/2025,both,20-24,indian,13.1
Pulau Pinang,1/1/2025,both,20-24,other_citizen,0.8
Pulau Pinang,1/1/2025,both,20-24,other_noncitizen,33.6
Pulau Pinang,1/1/2025,both,25-29,bumi_malay,69.4
Pulau Pinang,1/1/2025,both,25-29,bumi_other,0.3
Pulau Pinang,1/1/2025,both,25-29,chinese,51.3
Pulau Pinang,1/1/2025,both,25-29,indian,13.1
Pulau Pinang,1/1/2025,both,25-29,other_citizen,1.2
Pulau Pinang,1/1/2025,both,25-29,other_noncitizen,40.8
Pulau Pinang,1/1/2025,both,30-34,bumi_malay,71
Pulau Pinang,1/1/2025,both,30-34,bumi_other,0.9
Pulau Pinang,1/1/2025,both,30-34,chinese,55.8
Pulau Pinang,1/1/2025,both,30-34,indian,13.2
Pulau Pinang,1/1/2025,both,30-34,other_citizen,1.1
Pulau Pinang,1/1/2025,both,30-34,other_noncitizen,24.2
Pulau Pinang,1/1/2025,both,35-39,bumi_malay,71.4
Pulau Pinang,1/1/2025,both,35-39,bumi_other,0.8
Pulau Pinang,1/1/2025,both,35-39,chinese,48.7
Pulau Pinang,1/1/2025,both,35-39,indian,12
Pulau Pinang,1/1/2025,both,35-39,other_citizen,0.6
Pulau Pinang,1/1/2025,both,35-39,other_noncitizen,14.9
Pulau Pinang,1/1/2025,both,40-44,bumi_malay,65.7
Pulau Pinang,1/1/2025,both,40-44,bumi_other,0.7
Pulau Pinang,1/1/2025,both,40-44,chinese,54.5
Pulau Pinang,1/1/2025,both,40-44,indian,12.6
Pulau Pinang,1/1/2025,both,40-44,other_citizen,0.5
Pulau Pinang,1/1/2025,both,40-44,other_noncitizen,8.9
Pulau Pinang,1/1/2025,both,45-49,bumi_malay,47.2
Pulau Pinang,1/1/2025,both,45-49,bumi_other,0.5
Pulau Pinang,1/1/2025,both,45-49,chinese,51.5
Pulau Pinang,1/1/2025,both,45-49,indian,10.5
Pulau Pinang,1/1/2025,both,45-49,other_citizen,0.8
Pulau Pinang,1/1/2025,both,45-49,other_noncitizen,4.5
Pulau Pinang,1/1/2025,both,50-54,bumi_malay,42.9
Pulau Pinang,1/1/2025,both,50-54,bumi_other,0.4
Pulau Pinang,1/1/2025,both,50-54,chinese,52.5
Pulau Pinang,1/1/2025,both,50-54,indian,10.4
Pulau Pinang,1/1/2025,both,50-54,other_citizen,0.8
Pulau Pinang,1/1/2025,both,50-54,other_noncitizen,3.2
Pulau Pinang,1/1/2025,both,55-59,bumi_malay,35.8
Pulau Pinang,1/1/2025,both,55-59,bumi_other,0.3
Pulau Pinang,1/1/2025,both,55-59,chinese,52.3
Pulau Pinang,1/1/2025,both,55-59,indian,9.4
Pulau Pinang,1/1/2025,both,55-59,other_citizen,0.6
Pulau Pinang,1/1/2025,both,55-59,other_noncitizen,2.3
Pulau Pinang,1/1/2025,both,60-64,bumi_malay,29
Pulau Pinang,1/1/2025,both,60-64,bumi_other,0.2
Pulau Pinang,1/1/2025,both,60-64,chinese,45.9
Pulau Pinang,1/1/2025,both,60-64,indian,8.6
Pulau Pinang,1/1/2025,both,60-64,other_citizen,0.5
Pulau Pinang,1/1/2025,both,60-64,other_noncitizen,1.8
Pulau Pinang,1/1/2025,both,65-69,bumi_malay,23.1
Pulau Pinang,1/1/2025,both,65-69,bumi_other,0.2
Pulau Pinang,1/1/2025,both,65-69,chinese,40.9
Pulau Pinang,1/1/2025,both,65-69,indian,7
Pulau Pinang,1/1/2025,both,65-69,other_citizen,0.5
Pulau Pinang,1/1/2025,both,65-69,other_noncitizen,0.8
Pulau Pinang,1/1/2025,both,70-74,bumi_malay,13
Pulau Pinang,1/1/2025,both,70-74,bumi_other,0.1
Pulau Pinang,1/1/2025,both,70-74,chinese,27
Pulau Pinang,1/1/2025,both,70-74,indian,3.9
Pulau Pinang,1/1/2025,both,70-74,other_citizen,0.2
Pulau Pinang,1/1/2025,both,70-74,other_noncitizen,0.6
Pulau Pinang,1/1/2025,both,75-79,bumi_malay,5.3
Pulau Pinang,1/1/2025,both,75-79,bumi_other,0.1
Pulau Pinang,1/1/2025,both,75-79,chinese,15.8
Pulau Pinang,1/1/2025,both,75-79,indian,1.8
Pulau Pinang,1/1/2025,both,75-79,other_citizen,0.2
Pulau Pinang,1/1/2025,both,75-79,other_noncitizen,0.4
Pulau Pinang,1/1/2025,both,80-84,bumi_malay,1.6
Pulau Pinang,1/1/2025,both,80-84,bumi_other,0
Pulau Pinang,1/1/2025,both,80-84,chinese,6.6
Pulau Pinang,1/1/2025,both,80-84,indian,0.6
Pulau Pinang,1/1/2025,both,80-84,other_citizen,0.1
Pulau Pinang,1/1/2025,both,80-84,other_noncitizen,0.2
Pulau Pinang,1/1/2025,both,85+,bumi_malay,0.1
Pulau Pinang,1/1/2025,both,85+,bumi_other,0
Pulau Pinang,1/1/2025,both,85+,chinese,1.8
Pulau Pinang,1/1/2025,both,85+,indian,0.1
Pulau Pinang,1/1/2025,both,85+,other_citizen,0
Pulau Pinang,1/1/2025,both,85+,other_noncitizen,0.1
Pulau Pinang,1/1/2025,female,0-4,bumi_malay,27.1
Pulau Pinang,1/1/2025,female,0-4,bumi_other,0.2
Pulau Pinang,1/1/2025,female,0-4,chinese,10.3
Pulau Pinang,1/1/2025,female,0-4,indian,3.7
Pulau Pinang,1/1/2025,female,0-4,other_citizen,0.2
Pulau Pinang,1/1/2025,female,0-4,other_noncitizen,10.9
Pulau Pinang,1/1/2025,female,5-9,bumi_malay,24.7
Pulau Pinang,1/1/2025,female,5-9,bumi_other,0.3
Pulau Pinang,1/1/2025,female,5-9,chinese,18.2
Pulau Pinang,1/1/2025,female,5-9,indian,4
Pulau Pinang,1/1/2025,female,5-9,other_citizen,0.3
Pulau Pinang,1/1/2025,female,5-9,other_noncitizen,5.5
Pulau Pinang,1/1/2025,female,10-14,bumi_malay,23.3
Pulau Pinang,1/1/2025,female,10-14,bumi_other,0.2
Pulau Pinang,1/1/2025,female,10-14,chinese,21.6
Pulau Pinang,1/1/2025,female,10-14,indian,4.8
Pulau Pinang,1/1/2025,female,10-14,other_citizen,0.3
Pulau Pinang,1/1/2025,female,10-14,other_noncitizen,1.3
Pulau Pinang,1/1/2025,female,15-19,bumi_malay,23.4
Pulau Pinang,1/1/2025,female,15-19,bumi_other,0.2
Pulau Pinang,1/1/2025,female,15-19,chinese,23.2
Pulau Pinang,1/1/2025,female,15-19,indian,5.6
Pulau Pinang,1/1/2025,female,15-19,other_citizen,0.4
Pulau Pinang,1/1/2025,female,15-19,other_noncitizen,3.3
Pulau Pinang,1/1/2025,female,20-24,bumi_malay,29.6
Pulau Pinang,1/1/2025,female,20-24,bumi_other,0.2
Pulau Pinang,1/1/2025,female,20-24,chinese,23
Pulau Pinang,1/1/2025,female,20-24,indian,6.3
Pulau Pinang,1/1/2025,female,20-24,other_citizen,0.5
Pulau Pinang,1/1/2025,female,20-24,other_noncitizen,15.7
Pulau Pinang,1/1/2025,female,25-29,bumi_malay,32.1
Pulau Pinang,1/1/2025,female,25-29,bumi_other,0.1
Pulau Pinang,1/1/2025,female,25-29,chinese,26.2
Pulau Pinang,1/1/2025,female,25-29,indian,6.5
Pulau Pinang,1/1/2025,female,25-29,other_citizen,0.6
Pulau Pinang,1/1/2025,female,25-29,other_noncitizen,15
Pulau Pinang,1/1/2025,female,30-34,bumi_malay,35.7
Pulau Pinang,1/1/2025,female,30-34,bumi_other,0.5
Pulau Pinang,1/1/2025,female,30-34,chinese,27.4
Pulau Pinang,1/1/2025,female,30-34,indian,6.6
Pulau Pinang,1/1/2025,female,30-34,other_citizen,0.3
Pulau Pinang,1/1/2025,female,30-34,other_noncitizen,9.1
Pulau Pinang,1/1/2025,female,35-39,bumi_malay,36.9
Pulau Pinang,1/1/2025,female,35-39,bumi_other,0.7
Pulau Pinang,1/1/2025,female,35-39,chinese,25.1
Pulau Pinang,1/1/2025,female,35-39,indian,6.1
Pulau Pinang,1/1/2025,female,35-39,other_citizen,0.2
Pulau Pinang,1/1/2025,female,35-39,other_noncitizen,5.8
Pulau Pinang,1/1/2025,female,40-44,bumi_malay,32.3
Pulau Pinang,1/1/2025,female,40-44,bumi_other,0.4
Pulau Pinang,1/1/2025,female,40-44,chinese,27.6
Pulau Pinang,1/1/2025,female,40-44,indian,6
Pulau Pinang,1/1/2025,female,40-44,other_citizen,0.2
Pulau Pinang,1/1/2025,female,40-44,other_noncitizen,3.5
Pulau Pinang,1/1/2025,female,45-49,bumi_malay,23.3
Pulau Pinang,1/1/2025,female,45-49,bumi_other,0.2
Pulau Pinang,1/1/2025,female,45-49,chinese,25
Pulau Pinang,1/1/2025,female,45-49,indian,5.2
Pulau Pinang,1/1/2025,female,45-49,other_citizen,0.4
Pulau Pinang,1/1/2025,female,45-49,other_noncitizen,1.9
Pulau Pinang,1/1/2025,female,50-54,bumi_malay,21.1
Pulau Pinang,1/1/2025,female,50-54,bumi_other,0.2
Pulau Pinang,1/1/2025,female,50-54,chinese,26
Pulau Pinang,1/1/2025,female,50-54,indian,5.4
Pulau Pinang,1/1/2025,female,50-54,other_citizen,0.5
Pulau Pinang,1/1/2025,female,50-54,other_noncitizen,1.1
Pulau Pinang,1/1/2025,female,55-59,bumi_malay,18
Pulau Pinang,1/1/2025,female,55-59,bumi_other,0.1
Pulau Pinang,1/1/2025,female,55-59,chinese,26.5
Pulau Pinang,1/1/2025,female,55-59,indian,5.1
Pulau Pinang,1/1/2025,female,55-59,other_citizen,0.4
Pulau Pinang,1/1/2025,female,55-59,other_noncitizen,0.9
Pulau Pinang,1/1/2025,female,60-64,bumi_malay,14.9
Pulau Pinang,1/1/2025,female,60-64,bumi_other,0.1
Pulau Pinang,1/1/2025,female,60-64,chinese,22.8
Pulau Pinang,1/1/2025,female,60-64,indian,4.7
Pulau Pinang,1/1/2025,female,60-64,other_citizen,0.3
Pulau Pinang,1/1/2025,female,60-64,other_noncitizen,0.7
Pulau Pinang,1/1/2025,female,65-69,bumi_malay,12.2
Pulau Pinang,1/1/2025,female,65-69,bumi_other,0.1
Pulau Pinang,1/1/2025,female,65-69,chinese,20.5
Pulau Pinang,1/1/2025,female,65-69,indian,3.9
Pulau Pinang,1/1/2025,female,65-69,other_citizen,0.2
Pulau Pinang,1/1/2025,female,65-69,other_noncitizen,0.4
Pulau Pinang,1/1/2025,female,70-74,bumi_malay,6.9
Pulau Pinang,1/1/2025,female,70-74,bumi_other,0
Pulau Pinang,1/1/2025,female,70-74,chinese,14.4
Pulau Pinang,1/1/2025,female,70-74,indian,2.1
Pulau Pinang,1/1/2025,female,70-74,other_citizen,0.1
Pulau Pinang,1/1/2025,female,70-74,other_noncitizen,0.3
Pulau Pinang,1/1/2025,female,75-79,bumi_malay,2.9
Pulau Pinang,1/1/2025,female,75-79,bumi_other,0
Pulau Pinang,1/1/2025,female,75-79,chinese,8.6
Pulau Pinang,1/1/2025,female,75-79,indian,1
Pulau Pinang,1/1/2025,female,75-79,other_citizen,0.1
Pulau Pinang,1/1/2025,female,75-79,other_noncitizen,0.2
Pulau Pinang,1/1/2025,female,80-84,bumi_malay,0.9
Pulau Pinang,1/1/2025,female,80-84,bumi_other,0
Pulau Pinang,1/1/2025,female,80-84,chinese,3.8
Pulau Pinang,1/1/2025,female,80-84,indian,0.4
Pulau Pinang,1/1/2025,female,80-84,other_citizen,0
Pulau Pinang,1/1/2025,female,80-84,other_noncitizen,0.1
Pulau Pinang,1/1/2025,female,85+,bumi_malay,0.1
Pulau Pinang,1/1/2025,female,85+,bumi_other,0
Pulau Pinang,1/1/2025,female,85+,chinese,1.2
Pulau Pinang,1/1/2025,female,85+,indian,0
Pulau Pinang,1/1/2025,female,85+,other_citizen,0
Pulau Pinang,1/1/2025,female,85+,other_noncitizen,0.1
Pulau Pinang,1/1/2025,male,0-4,bumi_malay,29
Pulau Pinang,1/1/2025,male,0-4,bumi_other,0.3
Pulau Pinang,1/1/2025,male,0-4,chinese,10.9
Pulau Pinang,1/1/2025,male,0-4,indian,3.8
Pulau Pinang,1/1/2025,male,0-4,other_citizen,0.2
Pulau Pinang,1/1/2025,male,0-4,other_noncitizen,12.7
Pulau Pinang,1/1/2025,male,5-9,bumi_malay,25.5
Pulau Pinang,1/1/2025,male,5-9,bumi_other,0.3
Pulau Pinang,1/1/2025,male,5-9,chinese,20.7
Pulau Pinang,1/1/2025,male,5-9,indian,4.8
Pulau Pinang,1/1/2025,male,5-9,other_citizen,0.4
Pulau Pinang,1/1/2025,male,5-9,other_noncitizen,5.6
Pulau Pinang,1/1/2025,male,10-14,bumi_malay,26.1
Pulau Pinang,1/1/2025,male,10-14,bumi_other,0.3
Pulau Pinang,1/1/2025,male,10-14,chinese,25.9
Pulau Pinang,1/1/2025,male,10-14,indian,5.4
Pulau Pinang,1/1/2025,male,10-14,other_citizen,0.3
Pulau Pinang,1/1/2025,male,10-14,other_noncitizen,1.7
Pulau Pinang,1/1/2025,male,15-19,bumi_malay,26
Pulau Pinang,1/1/2025,male,15-19,bumi_other,0.3
Pulau Pinang,1/1/2025,male,15-19,chinese,26.8
Pulau Pinang,1/1/2025,male,15-19,indian,6.5
Pulau Pinang,1/1/2025,male,15-19,other_citizen,0.4
Pulau Pinang,1/1/2025,male,15-19,other_noncitizen,2.8
Pulau Pinang,1/1/2025,male,20-24,bumi_malay,31.4
Pulau Pinang,1/1/2025,male,20-24,bumi_other,0.3
Pulau Pinang,1/1/2025,male,20-24,chinese,24.1
Pulau Pinang,1/1/2025,male,20-24,indian,6.7
Pulau Pinang,1/1/2025,male,20-24,other_citizen,0.3
Pulau Pinang,1/1/2025,male,20-24,other_noncitizen,17.9
Pulau Pinang,1/1/2025,male,25-29,bumi_malay,37.3
Pulau Pinang,1/1/2025,male,25-29,bumi_other,0.2
Pulau Pinang,1/1/2025,male,25-29,chinese,25.1
Pulau Pinang,1/1/2025,male,25-29,indian,6.7
Pulau Pinang,1/1/2025,male,25-29,other_citizen,0.6
Pulau Pinang,1/1/2025,male,25-29,other_noncitizen,25.8
Pulau Pinang,1/1/2025,male,30-34,bumi_malay,35.3
Pulau Pinang,1/1/2025,male,30-34,bumi_other,0.4
Pulau Pinang,1/1/2025,male,30-34,chinese,28.4
Pulau Pinang,1/1/2025,male,30-34,indian,6.6
Pulau Pinang,1/1/2025,male,30-34,other_citizen,0.8
Pulau Pinang,1/1/2025,male,30-34,other_noncitizen,15.1
Pulau Pinang,1/1/2025,male,35-39,bumi_malay,34.5
Pulau Pinang,1/1/2025,male,35-39,bumi_other,0.1
Pulau Pinang,1/1/2025,male,35-39,chinese,23.6
Pulau Pinang,1/1/2025,male,35-39,indian,5.9
Pulau Pinang,1/1/2025,male,35-39,other_citizen,0.4
Pulau Pinang,1/1/2025,male,35-39,other_noncitizen,9.1
Pulau Pinang,1/1/2025,male,40-44,bumi_malay,33.4
Pulau Pinang,1/1/2025,male,40-44,bumi_other,0.4
Pulau Pinang,1/1/2025,male,40-44,chinese,26.9
Pulau Pinang,1/1/2025,male,40-44,indian,6.6
Pulau Pinang,1/1/2025,male,40-44,other_citizen,0.3
Pulau Pinang,1/1/2025,male,40-44,other_noncitizen,5.4
Pulau Pinang,1/1/2025,male,45-49,bumi_malay,23.9
Pulau Pinang,1/1/2025,male,45-49,bumi_other,0.3
Pulau Pinang,1/1/2025,male,45-49,chinese,26.5
Pulau Pinang,1/1/2025,male,45-49,indian,5.3
Pulau Pinang,1/1/2025,male,45-49,other_citizen,0.4
Pulau Pinang,1/1/2025,male,45-49,other_noncitizen,2.5
Pulau Pinang,1/1/2025,male,50-54,bumi_malay,21.8
Pulau Pinang,1/1/2025,male,50-54,bumi_other,0.3
Pulau Pinang,1/1/2025,male,50-54,chinese,26.5
Pulau Pinang,1/1/2025,male,50-54,indian,5
Pulau Pinang,1/1/2025,male,50-54,other_citizen,0.3
Pulau Pinang,1/1/2025,male,50-54,other_noncitizen,2.1
Pulau Pinang,1/1/2025,male,55-59,bumi_malay,17.8
Pulau Pinang,1/1/2025,male,55-59,bumi_other,0.2
Pulau Pinang,1/1/2025,male,55-59,chinese,25.8
Pulau Pinang,1/1/2025,male,55-59,indian,4.3
Pulau Pinang,1/1/2025,male,55-59,other_citizen,0.3
Pulau Pinang,1/1/2025,male,55-59,other_noncitizen,1.4
Pulau Pinang,1/1/2025,male,60-64,bumi_malay,14.1
Pulau Pinang,1/1/2025,male,60-64,bumi_other,0.1
Pulau Pinang,1/1/2025,male,60-64,chinese,23.1
Pulau Pinang,1/1/2025,male,60-64,indian,4
Pulau Pinang,1/1/2025,male,60-64,other_citizen,0.2
Pulau Pinang,1/1/2025,male,60-64,other_noncitizen,1.1
Pulau Pinang,1/1/2025,male,65-69,bumi_malay,10.9
Pulau Pinang,1/1/2025,male,65-69,bumi_other,0.1
Pulau Pinang,1/1/2025,male,65-69,chinese,20.4
Pulau Pinang,1/1/2025,male,65-69,indian,3.1
Pulau Pinang,1/1/2025,male,65-69,other_citizen,0.3
Pulau Pinang,1/1/2025,male,65-69,other_noncitizen,0.4
Pulau Pinang,1/1/2025,male,70-74,bumi_malay,6.1
Pulau Pinang,1/1/2025,male,70-74,bumi_other,0.1
Pulau Pinang,1/1/2025,male,70-74,chinese,12.6
Pulau Pinang,1/1/2025,male,70-74,indian,1.8
Pulau Pinang,1/1/2025,male,70-74,other_citizen,0.1
Pulau Pinang,1/1/2025,male,70-74,other_noncitizen,0.3
Pulau Pinang,1/1/2025,male,75-79,bumi_malay,2.5
Pulau Pinang,1/1/2025,male,75-79,bumi_other,0
Pulau Pinang,1/1/2025,male,75-79,chinese,7.2
Pulau Pinang,1/1/2025,male,75-79,indian,0.7
Pulau Pinang,1/1/2025,male,75-79,other_citizen,0.1
Pulau Pinang,1/1/2025,male,75-79,other_noncitizen,0.2
Pulau Pinang,1/1/2025,male,80-84,bumi_malay,0.7
Pulau Pinang,1/1/2025,male,80-84,bumi_other,0
Pulau Pinang,1/1/2025,male,80-84,chinese,2.8
Pulau Pinang,1/1/2025,male,80-84,indian,0.3
Pulau Pinang,1/1/2025,male,80-84,other_citizen,0
Pulau Pinang,1/1/2025,male,80-84,other_noncitizen,0.1
Pulau Pinang,1/1/2025,male,85+,bumi_malay,0.1
Pulau Pinang,1/1/2025,male,85+,bumi_other,0
Pulau Pinang,1/1/2025,male,85+,chinese,0.6
Pulau Pinang,1/1/2025,male,85+,indian,0
Pulau Pinang,1/1/2025,male,85+,other_citizen,0
Pulau Pinang,1/1/2025,male,85+,other_noncitizen,0
Sabah,1/1/2025,both,0-4,bumi_malay,37.3
Sabah,1/1/2025,both,0-4,bumi_other,140.7
Sabah,1/1/2025,both,0-4,chinese,5.7
Sabah,1/1/2025,both,0-4,indian,0.3
Sabah,1/1/2025,both,0-4,other_citizen,7.8
Sabah,1/1/2025,both,0-4,other_noncitizen,95.4
Sabah,1/1/2025,both,5-9,bumi_malay,29
Sabah,1/1/2025,both,5-9,bumi_other,169.9
Sabah,1/1/2025,both,5-9,chinese,14.1
Sabah,1/1/2025,both,5-9,indian,0.5
Sabah,1/1/2025,both,5-9,other_citizen,3
Sabah,1/1/2025,both,5-9,other_noncitizen,92.1
Sabah,1/1/2025,both,10-14,bumi_malay,29.4
Sabah,1/1/2025,both,10-14,bumi_other,155.6
Sabah,1/1/2025,both,10-14,chinese,18.8
Sabah,1/1/2025,both,10-14,indian,0.5
Sabah,1/1/2025,both,10-14,other_citizen,3.8
Sabah,1/1/2025,both,10-14,other_noncitizen,63.6
Sabah,1/1/2025,both,15-19,bumi_malay,26
Sabah,1/1/2025,both,15-19,bumi_other,219.9
Sabah,1/1/2025,both,15-19,chinese,30.2
Sabah,1/1/2025,both,15-19,indian,0.5
Sabah,1/1/2025,both,15-19,other_citizen,3.2
Sabah,1/1/2025,both,15-19,other_noncitizen,119
Sabah,1/1/2025,both,20-24,bumi_malay,46.2
Sabah,1/1/2025,both,20-24,bumi_other,190.5
Sabah,1/1/2025,both,20-24,chinese,16.5
Sabah,1/1/2025,both,20-24,indian,0.6
Sabah,1/1/2025,both,20-24,other_citizen,3.3
Sabah,1/1/2025,both,20-24,other_noncitizen,145.6
Sabah,1/1/2025,both,25-29,bumi_malay,20.7
Sabah,1/1/2025,both,25-29,bumi_other,188.7
Sabah,1/1/2025,both,25-29,chinese,18.9
Sabah,1/1/2025,both,25-29,indian,0.6
Sabah,1/1/2025,both,25-29,other_citizen,3.2
Sabah,1/1/2025,both,25-29,other_noncitizen,166.2
Sabah,1/1/2025,both,30-34,bumi_malay,22.1
Sabah,1/1/2025,both,30-34,bumi_other,195.3
Sabah,1/1/2025,both,30-34,chinese,20.4
Sabah,1/1/2025,both,30-34,indian,0.6
Sabah,1/1/2025,both,30-34,other_citizen,3.6
Sabah,1/1/2025,both,30-34,other_noncitizen,100.7
Sabah,1/1/2025,both,35-39,bumi_malay,28.7
Sabah,1/1/2025,both,35-39,bumi_other,170.2
Sabah,1/1/2025,both,35-39,chinese,20.1
Sabah,1/1/2025,both,35-39,indian,0.5
Sabah,1/1/2025,both,35-39,other_citizen,3.5
Sabah,1/1/2025,both,35-39,other_noncitizen,78.6
Sabah,1/1/2025,both,40-44,bumi_malay,24.9
Sabah,1/1/2025,both,40-44,bumi_other,162.5
Sabah,1/1/2025,both,40-44,chinese,20.5
Sabah,1/1/2025,both,40-44,indian,0.4
Sabah,1/1/2025,both,40-44,other_citizen,3.5
Sabah,1/1/2025,both,40-44,other_noncitizen,52.8
Sabah,1/1/2025,both,45-49,bumi_malay,16.7
Sabah,1/1/2025,both,45-49,bumi_other,112.1
Sabah,1/1/2025,both,45-49,chinese,16.1
Sabah,1/1/2025,both,45-49,indian,0.3
Sabah,1/1/2025,both,45-49,other_citizen,2.8
Sabah,1/1/2025,both,45-49,other_noncitizen,33.5
Sabah,1/1/2025,both,50-54,bumi_malay,13.1
Sabah,1/1/2025,both,50-54,bumi_other,95.6
Sabah,1/1/2025,both,50-54,chinese,14.3
Sabah,1/1/2025,both,50-54,indian,0.2
Sabah,1/1/2025,both,50-54,other_citizen,2.4
Sabah,1/1/2025,both,50-54,other_noncitizen,21
Sabah,1/1/2025,both,55-59,bumi_malay,10.1
Sabah,1/1/2025,both,55-59,bumi_other,81.9
Sabah,1/1/2025,both,55-59,chinese,13.4
Sabah,1/1/2025,both,55-59,indian,0.2
Sabah,1/1/2025,both,55-59,other_citizen,1.8
Sabah,1/1/2025,both,55-59,other_noncitizen,11.5
Sabah,1/1/2025,both,60-64,bumi_malay,8.7
Sabah,1/1/2025,both,60-64,bumi_other,65.9
Sabah,1/1/2025,both,60-64,chinese,13.4
Sabah,1/1/2025,both,60-64,indian,0.2
Sabah,1/1/2025,both,60-64,other_citizen,1.3
Sabah,1/1/2025,both,60-64,other_noncitizen,7.1
Sabah,1/1/2025,both,65-69,bumi_malay,4.8
Sabah,1/1/2025,both,65-69,bumi_other,53.2
Sabah,1/1/2025,both,65-69,chinese,11.1
Sabah,1/1/2025,both,65-69,indian,0.2
Sabah,1/1/2025,both,65-69,other_citizen,1
Sabah,1/1/2025,both,65-69,other_noncitizen,25.8
Sabah,1/1/2025,both,70-74,bumi_malay,8.1
Sabah,1/1/2025,both,70-74,bumi_other,45.3
Sabah,1/1/2025,both,70-74,chinese,4.9
Sabah,1/1/2025,both,70-74,indian,0.2
Sabah,1/1/2025,both,70-74,other_citizen,0.9
Sabah,1/1/2025,both,70-74,other_noncitizen,11.9
Sabah,1/1/2025,both,75-79,bumi_malay,3.5
Sabah,1/1/2025,both,75-79,bumi_other,23
Sabah,1/1/2025,both,75-79,chinese,2.7
Sabah,1/1/2025,both,75-79,indian,0.1
Sabah,1/1/2025,both,75-79,other_citizen,0.5
Sabah,1/1/2025,both,75-79,other_noncitizen,6
Sabah,1/1/2025,both,80-84,bumi_malay,1.6
Sabah,1/1/2025,both,80-84,bumi_other,13.2
Sabah,1/1/2025,both,80-84,chinese,1
Sabah,1/1/2025,both,80-84,indian,0
Sabah,1/1/2025,both,80-84,other_citizen,0.3
Sabah,1/1/2025,both,80-84,other_noncitizen,3.8
Sabah,1/1/2025,both,85+,bumi_malay,0.3
Sabah,1/1/2025,both,85+,bumi_other,10.7
Sabah,1/1/2025,both,85+,chinese,0.1
Sabah,1/1/2025,both,85+,indian,0
Sabah,1/1/2025,both,85+,other_citizen,0.1
Sabah,1/1/2025,both,85+,other_noncitizen,5.7
Sabah,1/1/2025,female,0-4,bumi_malay,18.1
Sabah,1/1/2025,female,0-4,bumi_other,67.7
Sabah,1/1/2025,female,0-4,chinese,2.7
Sabah,1/1/2025,female,0-4,indian,0.2
Sabah,1/1/2025,female,0-4,other_citizen,3.8
Sabah,1/1/2025,female,0-4,other_noncitizen,46.4
Sabah,1/1/2025,female,5-9,bumi_malay,13.6
Sabah,1/1/2025,female,5-9,bumi_other,81
Sabah,1/1/2025,female,5-9,chinese,6.8
Sabah,1/1/2025,female,5-9,indian,0.2
Sabah,1/1/2025,female,5-9,other_citizen,1.4
Sabah,1/1/2025,female,5-9,other_noncitizen,44.7
Sabah,1/1/2025,female,10-14,bumi_malay,14
Sabah,1/1/2025,female,10-14,bumi_other,76.2
Sabah,1/1/2025,female,10-14,chinese,9
Sabah,1/1/2025,female,10-14,indian,0.3
Sabah,1/1/2025,female,10-14,other_citizen,1.9
Sabah,1/1/2025,female,10-14,other_noncitizen,31.5
Sabah,1/1/2025,female,15-19,bumi_malay,12.5
Sabah,1/1/2025,female,15-19,bumi_other,107.7
Sabah,1/1/2025,female,15-19,chinese,14.2
Sabah,1/1/2025,female,15-19,indian,0.2
Sabah,1/1/2025,female,15-19,other_citizen,1.5
Sabah,1/1/2025,female,15-19,other_noncitizen,53.1
Sabah,1/1/2025,female,20-24,bumi_malay,17.8
Sabah,1/1/2025,female,20-24,bumi_other,92.3
Sabah,1/1/2025,female,20-24,chinese,7.5
Sabah,1/1/2025,female,20-24,indian,0.3
Sabah,1/1/2025,female,20-24,other_citizen,1.6
Sabah,1/1/2025,female,20-24,other_noncitizen,67.4
Sabah,1/1/2025,female,25-29,bumi_malay,8.3
Sabah,1/1/2025,female,25-29,bumi_other,93.8
Sabah,1/1/2025,female,25-29,chinese,9.1
Sabah,1/1/2025,female,25-29,indian,0.2
Sabah,1/1/2025,female,25-29,other_citizen,1.6
Sabah,1/1/2025,female,25-29,other_noncitizen,73.9
Sabah,1/1/2025,female,30-34,bumi_malay,8.9
Sabah,1/1/2025,female,30-34,bumi_other,99.7
Sabah,1/1/2025,female,30-34,chinese,9.8
Sabah,1/1/2025,female,30-34,indian,0.3
Sabah,1/1/2025,female,30-34,other_citizen,1.8
Sabah,1/1/2025,female,30-34,other_noncitizen,40.3
Sabah,1/1/2025,female,35-39,bumi_malay,12.3
Sabah,1/1/2025,female,35-39,bumi_other,89.5
Sabah,1/1/2025,female,35-39,chinese,9.9
Sabah,1/1/2025,female,35-39,indian,0.2
Sabah,1/1/2025,female,35-39,other_citizen,1.8
Sabah,1/1/2025,female,35-39,other_noncitizen,33
Sabah,1/1/2025,female,40-44,bumi_malay,10.1
Sabah,1/1/2025,female,40-44,bumi_other,82.5
Sabah,1/1/2025,female,40-44,chinese,9.8
Sabah,1/1/2025,female,40-44,indian,0.2
Sabah,1/1/2025,female,40-44,other_citizen,1.8
Sabah,1/1/2025,female,40-44,other_noncitizen,22
Sabah,1/1/2025,female,45-49,bumi_malay,6.9
Sabah,1/1/2025,female,45-49,bumi_other,57.4
Sabah,1/1/2025,female,45-49,chinese,7.6
Sabah,1/1/2025,female,45-49,indian,0.1
Sabah,1/1/2025,female,45-49,other_citizen,1.5
Sabah,1/1/2025,female,45-49,other_noncitizen,13.4
Sabah,1/1/2025,female,50-54,bumi_malay,5.1
Sabah,1/1/2025,female,50-54,bumi_other,49.5
Sabah,1/1/2025,female,50-54,chinese,6.6
Sabah,1/1/2025,female,50-54,indian,0.1
Sabah,1/1/2025,female,50-54,other_citizen,1.2
Sabah,1/1/2025,female,50-54,other_noncitizen,8.4
Sabah,1/1/2025,female,55-59,bumi_malay,3.8
Sabah,1/1/2025,female,55-59,bumi_other,41.4
Sabah,1/1/2025,female,55-59,chinese,6.3
Sabah,1/1/2025,female,55-59,indian,0.1
Sabah,1/1/2025,female,55-59,other_citizen,0.8
Sabah,1/1/2025,female,55-59,other_noncitizen,5.3
Sabah,1/1/2025,female,60-64,bumi_malay,3.3
Sabah,1/1/2025,female,60-64,bumi_other,33.7
Sabah,1/1/2025,female,60-64,chinese,6.1
Sabah,1/1/2025,female,60-64,indian,0.1
Sabah,1/1/2025,female,60-64,other_citizen,0.6
Sabah,1/1/2025,female,60-64,other_noncitizen,3
Sabah,1/1/2025,female,65-69,bumi_malay,1.9
Sabah,1/1/2025,female,65-69,bumi_other,25.6
Sabah,1/1/2025,female,65-69,chinese,5.1
Sabah,1/1/2025,female,65-69,indian,0.1
Sabah,1/1/2025,female,65-69,other_citizen,0.5
Sabah,1/1/2025,female,65-69,other_noncitizen,13.2
Sabah,1/1/2025,female,70-74,bumi_malay,5.4
Sabah,1/1/2025,female,70-74,bumi_other,21
Sabah,1/1/2025,female,70-74,chinese,2.5
Sabah,1/1/2025,female,70-74,indian,0.1
Sabah,1/1/2025,female,70-74,other_citizen,0.4
Sabah,1/1/2025,female,70-74,other_noncitizen,5.3
Sabah,1/1/2025,female,75-79,bumi_malay,2.6
Sabah,1/1/2025,female,75-79,bumi_other,11.4
Sabah,1/1/2025,female,75-79,chinese,1.5
Sabah,1/1/2025,female,75-79,indian,0
Sabah,1/1/2025,female,75-79,other_citizen,0.2
Sabah,1/1/2025,female,75-79,other_noncitizen,2.8
Sabah,1/1/2025,female,80-84,bumi_malay,1.2
Sabah,1/1/2025,female,80-84,bumi_other,6.3
Sabah,1/1/2025,female,80-84,chinese,0.6
Sabah,1/1/2025,female,80-84,indian,0
Sabah,1/1/2025,female,80-84,other_citizen,0.1
Sabah,1/1/2025,female,80-84,other_noncitizen,2.4
Sabah,1/1/2025,female,85+,bumi_malay,0.2
Sabah,1/1/2025,female,85+,bumi_other,4.3
Sabah,1/1/2025,female,85+,chinese,0
Sabah,1/1/2025,female,85+,indian,0
Sabah,1/1/2025,female,85+,other_citizen,0.1
Sabah,1/1/2025,female,85+,other_noncitizen,3.3
Sabah,1/1/2025,male,0-4,bumi_malay,19.3
Sabah,1/1/2025,male,0-4,bumi_other,73
Sabah,1/1/2025,male,0-4,chinese,2.9
Sabah,1/1/2025,male,0-4,indian,0.2
Sabah,1/1/2025,male,0-4,other_citizen,4
Sabah,1/1/2025,male,0-4,other_noncitizen,49
Sabah,1/1/2025,male,5-9,bumi_malay,15.3
Sabah,1/1/2025,male,5-9,bumi_other,88.9
Sabah,1/1/2025,male,5-9,chinese,7.2
Sabah,1/1/2025,male,5-9,indian,0.2
Sabah,1/1/2025,male,5-9,other_citizen,1.6
Sabah,1/1/2025,male,5-9,other_noncitizen,47.5
Sabah,1/1/2025,male,10-14,bumi_malay,15.3
Sabah,1/1/2025,male,10-14,bumi_other,79.5
Sabah,1/1/2025,male,10-14,chinese,9.8
Sabah,1/1/2025,male,10-14,indian,0.3
Sabah,1/1/2025,male,10-14,other_citizen,2
Sabah,1/1/2025,male,10-14,other_noncitizen,32
Sabah,1/1/2025,male,15-19,bumi_malay,13.5
Sabah,1/1/2025,male,15-19,bumi_other,112.2
Sabah,1/1/2025,male,15-19,chinese,15.9
Sabah,1/1/2025,male,15-19,indian,0.2
Sabah,1/1/2025,male,15-19,other_citizen,1.7
Sabah,1/1/2025,male,15-19,other_noncitizen,65.9
Sabah,1/1/2025,male,20-24,bumi_malay,28.4
Sabah,1/1/2025,male,20-24,bumi_other,98.2
Sabah,1/1/2025,male,20-24,chinese,9
Sabah,1/1/2025,male,20-24,indian,0.3
Sabah,1/1/2025,male,20-24,other_citizen,1.7
Sabah,1/1/2025,male,20-24,other_noncitizen,78.2
Sabah,1/1/2025,male,25-29,bumi_malay,12.4
Sabah,1/1/2025,male,25-29,bumi_other,94.9
Sabah,1/1/2025,male,25-29,chinese,9.8
Sabah,1/1/2025,male,25-29,indian,0.3
Sabah,1/1/2025,male,25-29,other_citizen,1.6
Sabah,1/1/2025,male,25-29,other_noncitizen,92.3
Sabah,1/1/2025,male,30-34,bumi_malay,13.2
Sabah,1/1/2025,male,30-34,bumi_other,95.6
Sabah,1/1/2025,male,30-34,chinese,10.6
Sabah,1/1/2025,male,30-34,indian,0.3
Sabah,1/1/2025,male,30-34,other_citizen,1.8
Sabah,1/1/2025,male,30-34,other_noncitizen,60.4
Sabah,1/1/2025,male,35-39,bumi_malay,16.4
Sabah,1/1/2025,male,35-39,bumi_other,80.7
Sabah,1/1/2025,male,35-39,chinese,10.3
Sabah,1/1/2025,male,35-39,indian,0.3
Sabah,1/1/2025,male,35-39,other_citizen,1.7
Sabah,1/1/2025,male,35-39,other_noncitizen,45.7
Sabah,1/1/2025,male,40-44,bumi_malay,14.8
Sabah,1/1/2025,male,40-44,bumi_other,80
Sabah,1/1/2025,male,40-44,chinese,10.7
Sabah,1/1/2025,male,40-44,indian,0.2
Sabah,1/1/2025,male,40-44,other_citizen,1.7
Sabah,1/1/2025,male,40-44,other_noncitizen,30.8
Sabah,1/1/2025,male,45-49,bumi_malay,9.8
Sabah,1/1/2025,male,45-49,bumi_other,54.7
Sabah,1/1/2025,male,45-49,chinese,8.6
Sabah,1/1/2025,male,45-49,indian,0.2
Sabah,1/1/2025,male,45-49,other_citizen,1.4
Sabah,1/1/2025,male,45-49,other_noncitizen,20.1
Sabah,1/1/2025,male,50-54,bumi_malay,8
Sabah,1/1/2025,male,50-54,bumi_other,46.2
Sabah,1/1/2025,male,50-54,chinese,7.7
Sabah,1/1/2025,male,50-54,indian,0.1
Sabah,1/1/2025,male,50-54,other_citizen,1.2
Sabah,1/1/2025,male,50-54,other_noncitizen,12.6
Sabah,1/1/2025,male,55-59,bumi_malay,6.3
Sabah,1/1/2025,male,55-59,bumi_other,40.5
Sabah,1/1/2025,male,55-59,chinese,7
Sabah,1/1/2025,male,55-59,indian,0.1
Sabah,1/1/2025,male,55-59,other_citizen,0.9
Sabah,1/1/2025,male,55-59,other_noncitizen,6.2
Sabah,1/1/2025,male,60-64,bumi_malay,5.4
Sabah,1/1/2025,male,60-64,bumi_other,32.2
Sabah,1/1/2025,male,60-64,chinese,7.3
Sabah,1/1/2025,male,60-64,indian,0.1
Sabah,1/1/2025,male,60-64,other_citizen,0.7
Sabah,1/1/2025,male,60-64,other_noncitizen,4
Sabah,1/1/2025,male,65-69,bumi_malay,2.9
Sabah,1/1/2025,male,65-69,bumi_other,27.6
Sabah,1/1/2025,male,65-69,chinese,6
Sabah,1/1/2025,male,65-69,indian,0.1
Sabah,1/1/2025,male,65-69,other_citizen,0.6
Sabah,1/1/2025,male,65-69,other_noncitizen,12.6
Sabah,1/1/2025,male,70-74,bumi_malay,2.7
Sabah,1/1/2025,male,70-74,bumi_other,24.4
Sabah,1/1/2025,male,70-74,chinese,2.4
Sabah,1/1/2025,male,70-74,indian,0.1
Sabah,1/1/2025,male,70-74,other_citizen,0.5
Sabah,1/1/2025,male,70-74,other_noncitizen,6.6
Sabah,1/1/2025,male,75-79,bumi_malay,0.9
Sabah,1/1/2025,male,75-79,bumi_other,11.6
Sabah,1/1/2025,male,75-79,chinese,1.3
Sabah,1/1/2025,male,75-79,indian,0
Sabah,1/1/2025,male,75-79,other_citizen,0.3
Sabah,1/1/2025,male,75-79,other_noncitizen,3.2
Sabah,1/1/2025,male,80-84,bumi_malay,0.3
Sabah,1/1/2025,male,80-84,bumi_other,6.9
Sabah,1/1/2025,male,80-84,chinese,0.4
Sabah,1/1/2025,male,80-84,indian,0
Sabah,1/1/2025,male,80-84,other_citizen,0.1
Sabah,1/1/2025,male,80-84,other_noncitizen,1.4
Sabah,1/1/2025,male,85+,bumi_malay,0.1
Sabah,1/1/2025,male,85+,bumi_other,6.4
Sabah,1/1/2025,male,85+,chinese,0
Sabah,1/1/2025,male,85+,indian,0
Sabah,1/1/2025,male,85+,other_citizen,0.1
Sabah,1/1/2025,male,85+,other_noncitizen,2.4
Sarawak,1/1/2025,both,0-4,bumi_malay,45.9
Sarawak,1/1/2025,both,0-4,bumi_other,84.3
Sarawak,1/1/2025,both,0-4,chinese,24.2
Sarawak,1/1/2025,both,0-4,indian,0.2
Sarawak,1/1/2025,both,0-4,other_citizen,0.4
Sarawak,1/1/2025,both,0-4,other_noncitizen,3.4
Sarawak,1/1/2025,both,5-9,bumi_malay,46.8
Sarawak,1/1/2025,both,5-9,bumi_other,77
Sarawak,1/1/2025,both,5-9,chinese,27.8
Sarawak,1/1/2025,both,5-9,indian,0.2
Sarawak,1/1/2025,both,5-9,other_citizen,0.3
Sarawak,1/1/2025,both,5-9,other_noncitizen,4.1
Sarawak,1/1/2025,both,10-14,bumi_malay,48.5
Sarawak,1/1/2025,both,10-14,bumi_other,93.1
Sarawak,1/1/2025,both,10-14,chinese,35.9
Sarawak,1/1/2025,both,10-14,indian,0.3
Sarawak,1/1/2025,both,10-14,other_citizen,0.4
Sarawak,1/1/2025,both,10-14,other_noncitizen,2.3
Sarawak,1/1/2025,both,15-19,bumi_malay,53
Sarawak,1/1/2025,both,15-19,bumi_other,104.6
Sarawak,1/1/2025,both,15-19,chinese,39.7
Sarawak,1/1/2025,both,15-19,indian,0.3
Sarawak,1/1/2025,both,15-19,other_citizen,0.3
Sarawak,1/1/2025,both,15-19,other_noncitizen,2.9
Sarawak,1/1/2025,both,20-24,bumi_malay,56.6
Sarawak,1/1/2025,both,20-24,bumi_other,107.1
Sarawak,1/1/2025,both,20-24,chinese,44
Sarawak,1/1/2025,both,20-24,indian,0.3
Sarawak,1/1/2025,both,20-24,other_citizen,0.3
Sarawak,1/1/2025,both,20-24,other_noncitizen,12.9
Sarawak,1/1/2025,both,25-29,bumi_malay,56.6
Sarawak,1/1/2025,both,25-29,bumi_other,97.3
Sarawak,1/1/2025,both,25-29,chinese,41.4
Sarawak,1/1/2025,both,25-29,indian,0.8
Sarawak,1/1/2025,both,25-29,other_citizen,0.6
Sarawak,1/1/2025,both,25-29,other_noncitizen,25.2
Sarawak,1/1/2025,both,30-34,bumi_malay,52.2
Sarawak,1/1/2025,both,30-34,bumi_other,101.2
Sarawak,1/1/2025,both,30-34,chinese,40.8
Sarawak,1/1/2025,both,30-34,indian,0.5
Sarawak,1/1/2025,both,30-34,other_citizen,0.8
Sarawak,1/1/2025,both,30-34,other_noncitizen,25.6
Sarawak,1/1/2025,both,35-39,bumi_malay,47.6
Sarawak,1/1/2025,both,35-39,bumi_other,93.4
Sarawak,1/1/2025,both,35-39,chinese,41.2
Sarawak,1/1/2025,both,35-39,indian,0.5
Sarawak,1/1/2025,both,35-39,other_citizen,0.9
Sarawak,1/1/2025,both,35-39,other_noncitizen,21.2
Sarawak,1/1/2025,both,40-44,bumi_malay,40.6
Sarawak,1/1/2025,both,40-44,bumi_other,83
Sarawak,1/1/2025,both,40-44,chinese,40.1
Sarawak,1/1/2025,both,40-44,indian,0.3
Sarawak,1/1/2025,both,40-44,other_citizen,0.8
Sarawak,1/1/2025,both,40-44,other_noncitizen,15.3
Sarawak,1/1/2025,both,45-49,bumi_malay,34.1
Sarawak,1/1/2025,both,45-49,bumi_other,74
Sarawak,1/1/2025,both,45-49,chinese,37.3
Sarawak,1/1/2025,both,45-49,indian,0.3
Sarawak,1/1/2025,both,45-49,other_citizen,0.6
Sarawak,1/1/2025,both,45-49,other_noncitizen,8.3
Sarawak,1/1/2025,both,50-54,bumi_malay,31
Sarawak,1/1/2025,both,50-54,bumi_other,73.8
Sarawak,1/1/2025,both,50-54,chinese,35.9
Sarawak,1/1/2025,both,50-54,indian,0.2
Sarawak,1/1/2025,both,50-54,other_citizen,0.4
Sarawak,1/1/2025,both,50-54,other_noncitizen,2.9
Sarawak,1/1/2025,both,55-59,bumi_malay,28.4
Sarawak,1/1/2025,both,55-59,bumi_other,67.8
Sarawak,1/1/2025,both,55-59,chinese,34.2
Sarawak,1/1/2025,both,55-59,indian,0.2
Sarawak,1/1/2025,both,55-59,other_citizen,0.2
Sarawak,1/1/2025,both,55-59,other_noncitizen,1.2
Sarawak,1/1/2025,both,60-64,bumi_malay,24.4
Sarawak,1/1/2025,both,60-64,bumi_other,62
Sarawak,1/1/2025,both,60-64,chinese,34.5
Sarawak,1/1/2025,both,60-64,indian,0.2
Sarawak,1/1/2025,both,60-64,other_citizen,0.2
Sarawak,1/1/2025,both,60-64,other_noncitizen,0.6
Sarawak,1/1/2025,both,65-69,bumi_malay,17.9
Sarawak,1/1/2025,both,65-69,bumi_other,43.5
Sarawak,1/1/2025,both,65-69,chinese,28.9
Sarawak,1/1/2025,both,65-69,indian,0.2
Sarawak,1/1/2025,both,65-69,other_citizen,0.1
Sarawak,1/1/2025,both,65-69,other_noncitizen,0.4
Sarawak,1/1/2025,both,70-74,bumi_malay,12.5
Sarawak,1/1/2025,both,70-74,bumi_other,30.4
Sarawak,1/1/2025,both,70-74,chinese,24.4
Sarawak,1/1/2025,both,70-74,indian,0.1
Sarawak,1/1/2025,both,70-74,other_citizen,0.1
Sarawak,1/1/2025,both,70-74,other_noncitizen,0.2
Sarawak,1/1/2025,both,75-79,bumi_malay,6.8
Sarawak,1/1/2025,both,75-79,bumi_other,18.3
Sarawak,1/1/2025,both,75-79,chinese,15
Sarawak,1/1/2025,both,75-79,indian,0.1
Sarawak,1/1/2025,both,75-79,other_citizen,0.1
Sarawak,1/1/2025,both,75-79,other_noncitizen,0.1
Sarawak,1/1/2025,both,80-84,bumi_malay,3.7
Sarawak,1/1/2025,both,80-84,bumi_other,9.3
Sarawak,1/1/2025,both,80-84,chinese,7.7
Sarawak,1/1/2025,both,80-84,indian,0
Sarawak,1/1/2025,both,80-84,other_citizen,0
Sarawak,1/1/2025,both,80-84,other_noncitizen,0.1
Sarawak,1/1/2025,both,85+,bumi_malay,1.6
Sarawak,1/1/2025,both,85+,bumi_other,5
Sarawak,1/1/2025,both,85+,chinese,4.9
Sarawak,1/1/2025,both,85+,indian,0
Sarawak,1/1/2025,both,85+,other_citizen,0
Sarawak,1/1/2025,both,85+,other_noncitizen,0.1
Sarawak,1/1/2025,female,0-4,bumi_malay,22.2
Sarawak,1/1/2025,female,0-4,bumi_other,40.6
Sarawak,1/1/2025,female,0-4,chinese,11.8
Sarawak,1/1/2025,female,0-4,indian,0.1
Sarawak,1/1/2025,female,0-4,other_citizen,0.2
Sarawak,1/1/2025,female,0-4,other_noncitizen,1.7
Sarawak,1/1/2025,female,5-9,bumi_malay,22.8
Sarawak,1/1/2025,female,5-9,bumi_other,37.6
Sarawak,1/1/2025,female,5-9,chinese,13.4
Sarawak,1/1/2025,female,5-9,indian,0.1
Sarawak,1/1/2025,female,5-9,other_citizen,0.2
Sarawak,1/1/2025,female,5-9,other_noncitizen,1.8
Sarawak,1/1/2025,female,10-14,bumi_malay,23.4
Sarawak,1/1/2025,female,10-14,bumi_other,45.2
Sarawak,1/1/2025,female,10-14,chinese,17.2
Sarawak,1/1/2025,female,10-14,indian,0.1
Sarawak,1/1/2025,female,10-14,other_citizen,0.2
Sarawak,1/1/2025,female,10-14,other_noncitizen,1
Sarawak,1/1/2025,female,15-19,bumi_malay,25.4
Sarawak,1/1/2025,female,15-19,bumi_other,50.3
Sarawak,1/1/2025,female,15-19,chinese,18.6
Sarawak,1/1/2025,female,15-19,indian,0.1
Sarawak,1/1/2025,female,15-19,other_citizen,0.2
Sarawak,1/1/2025,female,15-19,other_noncitizen,1.1
Sarawak,1/1/2025,female,20-24,bumi_malay,27.6
Sarawak,1/1/2025,female,20-24,bumi_other,52.5
Sarawak,1/1/2025,female,20-24,chinese,20.8
Sarawak,1/1/2025,female,20-24,indian,0.1
Sarawak,1/1/2025,female,20-24,other_citizen,0.1
Sarawak,1/1/2025,female,20-24,other_noncitizen,3.5
Sarawak,1/1/2025,female,25-29,bumi_malay,27.8
Sarawak,1/1/2025,female,25-29,bumi_other,48.3
Sarawak,1/1/2025,female,25-29,chinese,20
Sarawak,1/1/2025,female,25-29,indian,0.5
Sarawak,1/1/2025,female,25-29,other_citizen,0.3
Sarawak,1/1/2025,female,25-29,other_noncitizen,7.4
Sarawak,1/1/2025,female,30-34,bumi_malay,25.3
Sarawak,1/1/2025,female,30-34,bumi_other,50.2
Sarawak,1/1/2025,female,30-34,chinese,19.9
Sarawak,1/1/2025,female,30-34,indian,0.2
Sarawak,1/1/2025,female,30-34,other_citizen,0.3
Sarawak,1/1/2025,female,30-34,other_noncitizen,7.5
Sarawak,1/1/2025,female,35-39,bumi_malay,23
Sarawak,1/1/2025,female,35-39,bumi_other,46.3
Sarawak,1/1/2025,female,35-39,chinese,20.2
Sarawak,1/1/2025,female,35-39,indian,0.2
Sarawak,1/1/2025,female,35-39,other_citizen,0.4
Sarawak,1/1/2025,female,35-39,other_noncitizen,6.5
Sarawak,1/1/2025,female,40-44,bumi_malay,20
Sarawak,1/1/2025,female,40-44,bumi_other,41.5
Sarawak,1/1/2025,female,40-44,chinese,19.5
Sarawak,1/1/2025,female,40-44,indian,0.1
Sarawak,1/1/2025,female,40-44,other_citizen,0.3
Sarawak,1/1/2025,female,40-44,other_noncitizen,5.1
Sarawak,1/1/2025,female,45-49,bumi_malay,17.2
Sarawak,1/1/2025,female,45-49,bumi_other,37.8
Sarawak,1/1/2025,female,45-49,chinese,18.3
Sarawak,1/1/2025,female,45-49,indian,0.1
Sarawak,1/1/2025,female,45-49,other_citizen,0.3
Sarawak,1/1/2025,female,45-49,other_noncitizen,2.8
Sarawak,1/1/2025,female,50-54,bumi_malay,15.5
Sarawak,1/1/2025,female,50-54,bumi_other,37.2
Sarawak,1/1/2025,female,50-54,chinese,17.7
Sarawak,1/1/2025,female,50-54,indian,0.1
Sarawak,1/1/2025,female,50-54,other_citizen,0.2
Sarawak,1/1/2025,female,50-54,other_noncitizen,1
Sarawak,1/1/2025,female,55-59,bumi_malay,14.3
Sarawak,1/1/2025,female,55-59,bumi_other,34.2
Sarawak,1/1/2025,female,55-59,chinese,17
Sarawak,1/1/2025,female,55-59,indian,0.1
Sarawak,1/1/2025,female,55-59,other_citizen,0.1
Sarawak,1/1/2025,female,55-59,other_noncitizen,0.5
Sarawak,1/1/2025,female,60-64,bumi_malay,12.2
Sarawak,1/1/2025,female,60-64,bumi_other,31.1
Sarawak,1/1/2025,female,60-64,chinese,16.7
Sarawak,1/1/2025,female,60-64,indian,0.1
Sarawak,1/1/2025,female,60-64,other_citizen,0.1
Sarawak,1/1/2025,female,60-64,other_noncitizen,0.3
Sarawak,1/1/2025,female,65-69,bumi_malay,9.2
Sarawak,1/1/2025,female,65-69,bumi_other,22.2
Sarawak,1/1/2025,female,65-69,chinese,14.6
Sarawak,1/1/2025,female,65-69,indian,0.1
Sarawak,1/1/2025,female,65-69,other_citizen,0.1
Sarawak,1/1/2025,female,65-69,other_noncitizen,0.2
Sarawak,1/1/2025,female,70-74,bumi_malay,6.4
Sarawak,1/1/2025,female,70-74,bumi_other,15.3
Sarawak,1/1/2025,female,70-74,chinese,12.5
Sarawak,1/1/2025,female,70-74,indian,0.1
Sarawak,1/1/2025,female,70-74,other_citizen,0
Sarawak,1/1/2025,female,70-74,other_noncitizen,0.1
Sarawak,1/1/2025,female,75-79,bumi_malay,3.6
Sarawak,1/1/2025,female,75-79,bumi_other,9.9
Sarawak,1/1/2025,female,75-79,chinese,7.7
Sarawak,1/1/2025,female,75-79,indian,0
Sarawak,1/1/2025,female,75-79,other_citizen,0
Sarawak,1/1/2025,female,75-79,other_noncitizen,0.1
Sarawak,1/1/2025,female,80-84,bumi_malay,2
Sarawak,1/1/2025,female,80-84,bumi_other,5
Sarawak,1/1/2025,female,80-84,chinese,4
Sarawak,1/1/2025,female,80-84,indian,0
Sarawak,1/1/2025,female,80-84,other_citizen,0
Sarawak,1/1/2025,female,80-84,other_noncitizen,0
Sarawak,1/1/2025,female,85+,bumi_malay,1
Sarawak,1/1/2025,female,85+,bumi_other,2.9
Sarawak,1/1/2025,female,85+,chinese,2.7
Sarawak,1/1/2025,female,85+,indian,0
Sarawak,1/1/2025,female,85+,other_citizen,0
Sarawak,1/1/2025,female,85+,other_noncitizen,0
Sarawak,1/1/2025,male,0-4,bumi_malay,23.8
Sarawak,1/1/2025,male,0-4,bumi_other,43.7
Sarawak,1/1/2025,male,0-4,chinese,12.5
Sarawak,1/1/2025,male,0-4,indian,0.1
Sarawak,1/1/2025,male,0-4,other_citizen,0.2
Sarawak,1/1/2025,male,0-4,other_noncitizen,1.7
Sarawak,1/1/2025,male,5-9,bumi_malay,24
Sarawak,1/1/2025,male,5-9,bumi_other,39.4
Sarawak,1/1/2025,male,5-9,chinese,14.4
Sarawak,1/1/2025,male,5-9,indian,0.1
Sarawak,1/1/2025,male,5-9,other_citizen,0.2
Sarawak,1/1/2025,male,5-9,other_noncitizen,2.3
Sarawak,1/1/2025,male,10-14,bumi_malay,25.1
Sarawak,1/1/2025,male,10-14,bumi_other,47.9
Sarawak,1/1/2025,male,10-14,chinese,18.7
Sarawak,1/1/2025,male,10-14,indian,0.2
Sarawak,1/1/2025,male,10-14,other_citizen,0.2
Sarawak,1/1/2025,male,10-14,other_noncitizen,1.3
Sarawak,1/1/2025,male,15-19,bumi_malay,27.6
Sarawak,1/1/2025,male,15-19,bumi_other,54.3
Sarawak,1/1/2025,male,15-19,chinese,21.1
Sarawak,1/1/2025,male,15-19,indian,0.1
Sarawak,1/1/2025,male,15-19,other_citizen,0.2
Sarawak,1/1/2025,male,15-19,other_noncitizen,1.7
Sarawak,1/1/2025,male,20-24,bumi_malay,29
Sarawak,1/1/2025,male,20-24,bumi_other,54.7
Sarawak,1/1/2025,male,20-24,chinese,23.2
Sarawak,1/1/2025,male,20-24,indian,0.2
Sarawak,1/1/2025,male,20-24,other_citizen,0.2
Sarawak,1/1/2025,male,20-24,other_noncitizen,9.3
Sarawak,1/1/2025,male,25-29,bumi_malay,28.8
Sarawak,1/1/2025,male,25-29,bumi_other,49
Sarawak,1/1/2025,male,25-29,chinese,21.5
Sarawak,1/1/2025,male,25-29,indian,0.3
Sarawak,1/1/2025,male,25-29,other_citizen,0.3
Sarawak,1/1/2025,male,25-29,other_noncitizen,17.8
Sarawak,1/1/2025,male,30-34,bumi_malay,26.9
Sarawak,1/1/2025,male,30-34,bumi_other,51
Sarawak,1/1/2025,male,30-34,chinese,20.9
Sarawak,1/1/2025,male,30-34,indian,0.3
Sarawak,1/1/2025,male,30-34,other_citizen,0.5
Sarawak,1/1/2025,male,30-34,other_noncitizen,18.1
Sarawak,1/1/2025,male,35-39,bumi_malay,24.6
Sarawak,1/1/2025,male,35-39,bumi_other,47.1
Sarawak,1/1/2025,male,35-39,chinese,21
Sarawak,1/1/2025,male,35-39,indian,0.3
Sarawak,1/1/2025,male,35-39,other_citizen,0.6
Sarawak,1/1/2025,male,35-39,other_noncitizen,14.7
Sarawak,1/1/2025,male,40-44,bumi_malay,20.7
Sarawak,1/1/2025,male,40-44,bumi_other,41.5
Sarawak,1/1/2025,male,40-44,chinese,20.6
Sarawak,1/1/2025,male,40-44,indian,0.2
Sarawak,1/1/2025,male,40-44,other_citizen,0.5
Sarawak,1/1/2025,male,40-44,other_noncitizen,10.2
Sarawak,1/1/2025,male,45-49,bumi_malay,16.9
Sarawak,1/1/2025,male,45-49,bumi_other,36.2
Sarawak,1/1/2025,male,45-49,chinese,19
Sarawak,1/1/2025,male,45-49,indian,0.2
Sarawak,1/1/2025,male,45-49,other_citizen,0.3
Sarawak,1/1/2025,male,45-49,other_noncitizen,5.5
Sarawak,1/1/2025,male,50-54,bumi_malay,15.5
Sarawak,1/1/2025,male,50-54,bumi_other,36.6
Sarawak,1/1/2025,male,50-54,chinese,18.2
Sarawak,1/1/2025,male,50-54,indian,0.1
Sarawak,1/1/2025,male,50-54,other_citizen,0.2
Sarawak,1/1/2025,male,50-54,other_noncitizen,1.9
Sarawak,1/1/2025,male,55-59,bumi_malay,14.1
Sarawak,1/1/2025,male,55-59,bumi_other,33.5
Sarawak,1/1/2025,male,55-59,chinese,17.2
Sarawak,1/1/2025,male,55-59,indian,0.1
Sarawak,1/1/2025,male,55-59,other_citizen,0.1
Sarawak,1/1/2025,male,55-59,other_noncitizen,0.7
Sarawak,1/1/2025,male,60-64,bumi_malay,12.2
Sarawak,1/1/2025,male,60-64,bumi_other,30.9
Sarawak,1/1/2025,male,60-64,chinese,17.8
Sarawak,1/1/2025,male,60-64,indian,0.1
Sarawak,1/1/2025,male,60-64,other_citizen,0.1
Sarawak,1/1/2025,male,60-64,other_noncitizen,0.3
Sarawak,1/1/2025,male,65-69,bumi_malay,8.8
Sarawak,1/1/2025,male,65-69,bumi_other,21.3
Sarawak,1/1/2025,male,65-69,chinese,14.3
Sarawak,1/1/2025,male,65-69,indian,0.1
Sarawak,1/1/2025,male,65-69,other_citizen,0.1
Sarawak,1/1/2025,male,65-69,other_noncitizen,0.2
Sarawak,1/1/2025,male,70-74,bumi_malay,6.1
Sarawak,1/1/2025,male,70-74,bumi_other,15.1
Sarawak,1/1/2025,male,70-74,chinese,11.9
Sarawak,1/1/2025,male,70-74,indian,0.1
Sarawak,1/1/2025,male,70-74,other_citizen,0.1
Sarawak,1/1/2025,male,70-74,other_noncitizen,0.1
Sarawak,1/1/2025,male,75-79,bumi_malay,3.2
Sarawak,1/1/2025,male,75-79,bumi_other,8.4
Sarawak,1/1/2025,male,75-79,chinese,7.3
Sarawak,1/1/2025,male,75-79,indian,0.1
Sarawak,1/1/2025,male,75-79,other_citizen,0
Sarawak,1/1/2025,male,75-79,other_noncitizen,0.1
Sarawak,1/1/2025,male,80-84,bumi_malay,1.7
Sarawak,1/1/2025,male,80-84,bumi_other,4.3
Sarawak,1/1/2025,male,80-84,chinese,3.7
Sarawak,1/1/2025,male,80-84,indian,0
Sarawak,1/1/2025,male,80-84,other_citizen,0
Sarawak,1/1/2025,male,80-84,other_noncitizen,0
Sarawak,1/1/2025,male,85+,bumi_malay,0.6
Sarawak,1/1/2025,male,85+,bumi_other,2.1
Sarawak,1/1/2025,male,85+,chinese,2.2
Sarawak,1/1/2025,male,85+,indian,0
Sarawak,1/1/2025,male,85+,other_citizen,0
Sarawak,1/1/2025,male,85+,other_noncitizen,0
Selangor,1/1/2025,both,0-4,bumi_malay,304.2
Selangor,1/1/2025,both,0-4,bumi_other,9
Selangor,1/1/2025,both,0-4,chinese,55.2
Selangor,1/1/2025,both,0-4,indian,33
Selangor,1/1/2025,both,0-4,other_citizen,8.7
Selangor,1/1/2025,both,0-4,other_noncitizen,89.4
Selangor,1/1/2025,both,5-9,bumi_malay,299.8
Selangor,1/1/2025,both,5-9,bumi_other,4.8
Selangor,1/1/2025,both,5-9,chinese,107.1
Selangor,1/1/2025,both,5-9,indian,44.7
Selangor,1/1/2025,both,5-9,other_citizen,4.6
Selangor,1/1/2025,both,5-9,other_noncitizen,61.2
Selangor,1/1/2025,both,10-14,bumi_malay,290.2
Selangor,1/1/2025,both,10-14,bumi_other,5.9
Selangor,1/1/2025,both,10-14,chinese,138.8
Selangor,1/1/2025,both,10-14,indian,54
Selangor,1/1/2025,both,10-14,other_citizen,4.5
Selangor,1/1/2025,both,10-14,other_noncitizen,9.6
Selangor,1/1/2025,both,15-19,bumi_malay,257.9
Selangor,1/1/2025,both,15-19,bumi_other,6.2
Selangor,1/1/2025,both,15-19,chinese,139.8
Selangor,1/1/2025,both,15-19,indian,61.2
Selangor,1/1/2025,both,15-19,other_citizen,2.5
Selangor,1/1/2025,both,15-19,other_noncitizen,16
Selangor,1/1/2025,both,20-24,bumi_malay,332
Selangor,1/1/2025,both,20-24,bumi_other,8.2
Selangor,1/1/2025,both,20-24,chinese,114.5
Selangor,1/1/2025,both,20-24,indian,52.4
Selangor,1/1/2025,both,20-24,other_citizen,5.2
Selangor,1/1/2025,both,20-24,other_noncitizen,110.9
Selangor,1/1/2025,both,25-29,bumi_malay,296.6
Selangor,1/1/2025,both,25-29,bumi_other,3.5
Selangor,1/1/2025,both,25-29,chinese,114.4
Selangor,1/1/2025,both,25-29,indian,54.3
Selangor,1/1/2025,both,25-29,other_citizen,4.6
Selangor,1/1/2025,both,25-29,other_noncitizen,136.7
Selangor,1/1/2025,both,30-34,bumi_malay,324
Selangor,1/1/2025,both,30-34,bumi_other,5.2
Selangor,1/1/2025,both,30-34,chinese,120.2
Selangor,1/1/2025,both,30-34,indian,59.5
Selangor,1/1/2025,both,30-34,other_citizen,6.7
Selangor,1/1/2025,both,30-34,other_noncitizen,97.7
Selangor,1/1/2025,both,35-39,bumi_malay,416.3
Selangor,1/1/2025,both,35-39,bumi_other,12.8
Selangor,1/1/2025,both,35-39,chinese,153.1
Selangor,1/1/2025,both,35-39,indian,68.2
Selangor,1/1/2025,both,35-39,other_citizen,8.4
Selangor,1/1/2025,both,35-39,other_noncitizen,63.8
Selangor,1/1/2025,both,40-44,bumi_malay,372
Selangor,1/1/2025,both,40-44,bumi_other,10.3
Selangor,1/1/2025,both,40-44,chinese,170.8
Selangor,1/1/2025,both,40-44,indian,67.8
Selangor,1/1/2025,both,40-44,other_citizen,5.7
Selangor,1/1/2025,both,40-44,other_noncitizen,39.1
Selangor,1/1/2025,both,45-49,bumi_malay,273.2
Selangor,1/1/2025,both,45-49,bumi_other,6.2
Selangor,1/1/2025,both,45-49,chinese,139.1
Selangor,1/1/2025,both,45-49,indian,50.9
Selangor,1/1/2025,both,45-49,other_citizen,2
Selangor,1/1/2025,both,45-49,other_noncitizen,22.8
Selangor,1/1/2025,both,50-54,bumi_malay,223.5
Selangor,1/1/2025,both,50-54,bumi_other,3.5
Selangor,1/1/2025,both,50-54,chinese,129.5
Selangor,1/1/2025,both,50-54,indian,45
Selangor,1/1/2025,both,50-54,other_citizen,1
Selangor,1/1/2025,both,50-54,other_noncitizen,15
Selangor,1/1/2025,both,55-59,bumi_malay,176.9
Selangor,1/1/2025,both,55-59,bumi_other,3.3
Selangor,1/1/2025,both,55-59,chinese,113.4
Selangor,1/1/2025,both,55-59,indian,40.2
Selangor,1/1/2025,both,55-59,other_citizen,1
Selangor,1/1/2025,both,55-59,other_noncitizen,8.8
Selangor,1/1/2025,both,60-64,bumi_malay,143.7
Selangor,1/1/2025,both,60-64,bumi_other,2.1
Selangor,1/1/2025,both,60-64,chinese,97.1
Selangor,1/1/2025,both,60-64,indian,35.5
Selangor,1/1/2025,both,60-64,other_citizen,0.6
Selangor,1/1/2025,both,60-64,other_noncitizen,6.3
Selangor,1/1/2025,both,65-69,bumi_malay,104
Selangor,1/1/2025,both,65-69,bumi_other,0.6
Selangor,1/1/2025,both,65-69,chinese,77.4
Selangor,1/1/2025,both,65-69,indian,26.5
Selangor,1/1/2025,both,65-69,other_citizen,0.2
Selangor,1/1/2025,both,65-69,other_noncitizen,21.1
Selangor,1/1/2025,both,70-74,bumi_malay,110.3
Selangor,1/1/2025,both,70-74,bumi_other,1.7
Selangor,1/1/2025,both,70-74,chinese,41.3
Selangor,1/1/2025,both,70-74,indian,18.1
Selangor,1/1/2025,both,70-74,other_citizen,1.2
Selangor,1/1/2025,both,70-74,other_noncitizen,10.6
Selangor,1/1/2025,both,75-79,bumi_malay,68.9
Selangor,1/1/2025,both,75-79,bumi_other,1.4
Selangor,1/1/2025,both,75-79,chinese,31.2
Selangor,1/1/2025,both,75-79,indian,11.8
Selangor,1/1/2025,both,75-79,other_citizen,1.2
Selangor,1/1/2025,both,75-79,other_noncitizen,5.8
Selangor,1/1/2025,both,80-84,bumi_malay,27.2
Selangor,1/1/2025,both,80-84,bumi_other,0.9
Selangor,1/1/2025,both,80-84,chinese,13.3
Selangor,1/1/2025,both,80-84,indian,4.7
Selangor,1/1/2025,both,80-84,other_citizen,0.5
Selangor,1/1/2025,both,80-84,other_noncitizen,5.1
Selangor,1/1/2025,both,85+,bumi_malay,21.6
Selangor,1/1/2025,both,85+,bumi_other,1.4
Selangor,1/1/2025,both,85+,chinese,3.2
Selangor,1/1/2025,both,85+,indian,3.3
Selangor,1/1/2025,both,85+,other_citizen,0.4
Selangor,1/1/2025,both,85+,other_noncitizen,7.8
Selangor,1/1/2025,female,0-4,bumi_malay,147.4
Selangor,1/1/2025,female,0-4,bumi_other,4.3
Selangor,1/1/2025,female,0-4,chinese,26.6
Selangor,1/1/2025,female,0-4,indian,16.2
Selangor,1/1/2025,female,0-4,other_citizen,4.2
Selangor,1/1/2025,female,0-4,other_noncitizen,42.2
Selangor,1/1/2025,female,5-9,bumi_malay,148.6
Selangor,1/1/2025,female,5-9,bumi_other,2.5
Selangor,1/1/2025,female,5-9,chinese,52.7
Selangor,1/1/2025,female,5-9,indian,22
Selangor,1/1/2025,female,5-9,other_citizen,2.1
Selangor,1/1/2025,female,5-9,other_noncitizen,28.3
Selangor,1/1/2025,female,10-14,bumi_malay,141.2
Selangor,1/1/2025,female,10-14,bumi_other,2.4
Selangor,1/1/2025,female,10-14,chinese,67.4
Selangor,1/1/2025,female,10-14,indian,25.3
Selangor,1/1/2025,female,10-14,other_citizen,2
Selangor,1/1/2025,female,10-14,other_noncitizen,4.2
Selangor,1/1/2025,female,15-19,bumi_malay,126.5
Selangor,1/1/2025,female,15-19,bumi_other,3.2
Selangor,1/1/2025,female,15-19,chinese,68.8
Selangor,1/1/2025,female,15-19,indian,30.8
Selangor,1/1/2025,female,15-19,other_citizen,1.1
Selangor,1/1/2025,female,15-19,other_noncitizen,2.4
Selangor,1/1/2025,female,20-24,bumi_malay,157.9
Selangor,1/1/2025,female,20-24,bumi_other,4.8
Selangor,1/1/2025,female,20-24,chinese,55.8
Selangor,1/1/2025,female,20-24,indian,25.5
Selangor,1/1/2025,female,20-24,other_citizen,2.1
Selangor,1/1/2025,female,20-24,other_noncitizen,16.5
Selangor,1/1/2025,female,25-29,bumi_malay,141.7
Selangor,1/1/2025,female,25-29,bumi_other,2.4
Selangor,1/1/2025,female,25-29,chinese,56.5
Selangor,1/1/2025,female,25-29,indian,26.4
Selangor,1/1/2025,female,25-29,other_citizen,1.9
Selangor,1/1/2025,female,25-29,other_noncitizen,15.4
Selangor,1/1/2025,female,30-34,bumi_malay,165.5
Selangor,1/1/2025,female,30-34,bumi_other,2.6
Selangor,1/1/2025,female,30-34,chinese,58.8
Selangor,1/1/2025,female,30-34,indian,29.8
Selangor,1/1/2025,female,30-34,other_citizen,2.8
Selangor,1/1/2025,female,30-34,other_noncitizen,12.4
Selangor,1/1/2025,female,35-39,bumi_malay,216
Selangor,1/1/2025,female,35-39,bumi_other,5
Selangor,1/1/2025,female,35-39,chinese,77.2
Selangor,1/1/2025,female,35-39,indian,34.1
Selangor,1/1/2025,female,35-39,other_citizen,3.4
Selangor,1/1/2025,female,35-39,other_noncitizen,10.4
Selangor,1/1/2025,female,40-44,bumi_malay,185.6
Selangor,1/1/2025,female,40-44,bumi_other,4.4
Selangor,1/1/2025,female,40-44,chinese,87.2
Selangor,1/1/2025,female,40-44,indian,32.6
Selangor,1/1/2025,female,40-44,other_citizen,2.4
Selangor,1/1/2025,female,40-44,other_noncitizen,6.9
Selangor,1/1/2025,female,45-49,bumi_malay,129.8
Selangor,1/1/2025,female,45-49,bumi_other,2.9
Selangor,1/1/2025,female,45-49,chinese,67
Selangor,1/1/2025,female,45-49,indian,24
Selangor,1/1/2025,female,45-49,other_citizen,1
Selangor,1/1/2025,female,45-49,other_noncitizen,4.3
Selangor,1/1/2025,female,50-54,bumi_malay,106.7
Selangor,1/1/2025,female,50-54,bumi_other,2.3
Selangor,1/1/2025,female,50-54,chinese,62.1
Selangor,1/1/2025,female,50-54,indian,22.3
Selangor,1/1/2025,female,50-54,other_citizen,0.5
Selangor,1/1/2025,female,50-54,other_noncitizen,2.8
Selangor,1/1/2025,female,55-59,bumi_malay,85.8
Selangor,1/1/2025,female,55-59,bumi_other,1.1
Selangor,1/1/2025,female,55-59,chinese,56
Selangor,1/1/2025,female,55-59,indian,20
Selangor,1/1/2025,female,55-59,other_citizen,0.5
Selangor,1/1/2025,female,55-59,other_noncitizen,1.6
Selangor,1/1/2025,female,60-64,bumi_malay,69.8
Selangor,1/1/2025,female,60-64,bumi_other,1.1
Selangor,1/1/2025,female,60-64,chinese,46.2
Selangor,1/1/2025,female,60-64,indian,17.7
Selangor,1/1/2025,female,60-64,other_citizen,0.3
Selangor,1/1/2025,female,60-64,other_noncitizen,1.1
Selangor,1/1/2025,female,65-69,bumi_malay,50.9
Selangor,1/1/2025,female,65-69,bumi_other,0.4
Selangor,1/1/2025,female,65-69,chinese,37.5
Selangor,1/1/2025,female,65-69,indian,14
Selangor,1/1/2025,female,65-69,other_citizen,0.2
Selangor,1/1/2025,female,65-69,other_noncitizen,9.2
Selangor,1/1/2025,female,70-74,bumi_malay,52.8
Selangor,1/1/2025,female,70-74,bumi_other,0.8
Selangor,1/1/2025,female,70-74,chinese,21.7
Selangor,1/1/2025,female,70-74,indian,9.5
Selangor,1/1/2025,female,70-74,other_citizen,0.7
Selangor,1/1/2025,female,70-74,other_noncitizen,5
Selangor,1/1/2025,female,75-79,bumi_malay,36.6
Selangor,1/1/2025,female,75-79,bumi_other,0.9
Selangor,1/1/2025,female,75-79,chinese,17.7
Selangor,1/1/2025,female,75-79,indian,6.6
Selangor,1/1/2025,female,75-79,other_citizen,0.6
Selangor,1/1/2025,female,75-79,other_noncitizen,2.5
Selangor,1/1/2025,female,80-84,bumi_malay,14.1
Selangor,1/1/2025,female,80-84,bumi_other,0.5
Selangor,1/1/2025,female,80-84,chinese,7.4
Selangor,1/1/2025,female,80-84,indian,2.5
Selangor,1/1/2025,female,80-84,other_citizen,0.4
Selangor,1/1/2025,female,80-84,other_noncitizen,2
Selangor,1/1/2025,female,85+,bumi_malay,10.1
Selangor,1/1/2025,female,85+,bumi_other,0.7
Selangor,1/1/2025,female,85+,chinese,0.5
Selangor,1/1/2025,female,85+,indian,1.3
Selangor,1/1/2025,female,85+,other_citizen,0.1
Selangor,1/1/2025,female,85+,other_noncitizen,2.7
Selangor,1/1/2025,male,0-4,bumi_malay,156.8
Selangor,1/1/2025,male,0-4,bumi_other,4.6
Selangor,1/1/2025,male,0-4,chinese,28.6
Selangor,1/1/2025,male,0-4,indian,16.8
Selangor,1/1/2025,male,0-4,other_citizen,4.5
Selangor,1/1/2025,male,0-4,other_noncitizen,47.2
Selangor,1/1/2025,male,5-9,bumi_malay,151.2
Selangor,1/1/2025,male,5-9,bumi_other,2.3
Selangor,1/1/2025,male,5-9,chinese,54.4
Selangor,1/1/2025,male,5-9,indian,22.6
Selangor,1/1/2025,male,5-9,other_citizen,2.4
Selangor,1/1/2025,male,5-9,other_noncitizen,32.8
Selangor,1/1/2025,male,10-14,bumi_malay,149
Selangor,1/1/2025,male,10-14,bumi_other,3.6
Selangor,1/1/2025,male,10-14,chinese,71.5
Selangor,1/1/2025,male,10-14,indian,28.7
Selangor,1/1/2025,male,10-14,other_citizen,2.5
Selangor,1/1/2025,male,10-14,other_noncitizen,5.3
Selangor,1/1/2025,male,15-19,bumi_malay,131.4
Selangor,1/1/2025,male,15-19,bumi_other,3
Selangor,1/1/2025,male,15-19,chinese,71
Selangor,1/1/2025,male,15-19,indian,30.4
Selangor,1/1/2025,male,15-19,other_citizen,1.4
Selangor,1/1/2025,male,15-19,other_noncitizen,13.6
Selangor,1/1/2025,male,20-24,bumi_malay,174.1
Selangor,1/1/2025,male,20-24,bumi_other,3.4
Selangor,1/1/2025,male,20-24,chinese,58.7
Selangor,1/1/2025,male,20-24,indian,26.9
Selangor,1/1/2025,male,20-24,other_citizen,3.1
Selangor,1/1/2025,male,20-24,other_noncitizen,94.4
Selangor,1/1/2025,male,25-29,bumi_malay,154.9
Selangor,1/1/2025,male,25-29,bumi_other,1.1
Selangor,1/1/2025,male,25-29,chinese,57.9
Selangor,1/1/2025,male,25-29,indian,27.9
Selangor,1/1/2025,male,25-29,other_citizen,2.6
Selangor,1/1/2025,male,25-29,other_noncitizen,121.3
Selangor,1/1/2025,male,30-34,bumi_malay,158.5
Selangor,1/1/2025,male,30-34,bumi_other,2.6
Selangor,1/1/2025,male,30-34,chinese,61.4
Selangor,1/1/2025,male,30-34,indian,29.6
Selangor,1/1/2025,male,30-34,other_citizen,4
Selangor,1/1/2025,male,30-34,other_noncitizen,85.3
Selangor,1/1/2025,male,35-39,bumi_malay,200.3
Selangor,1/1/2025,male,35-39,bumi_other,7.7
Selangor,1/1/2025,male,35-39,chinese,75.9
Selangor,1/1/2025,male,35-39,indian,34.1
Selangor,1/1/2025,male,35-39,other_citizen,5
Selangor,1/1/2025,male,35-39,other_noncitizen,53.5
Selangor,1/1/2025,male,40-44,bumi_malay,186.5
Selangor,1/1/2025,male,40-44,bumi_other,5.9
Selangor,1/1/2025,male,40-44,chinese,83.6
Selangor,1/1/2025,male,40-44,indian,35.1
Selangor,1/1/2025,male,40-44,other_citizen,3.3
Selangor,1/1/2025,male,40-44,other_noncitizen,32.2
Selangor,1/1/2025,male,45-49,bumi_malay,143.4
Selangor,1/1/2025,male,45-49,bumi_other,3.3
Selangor,1/1/2025,male,45-49,chinese,72.1
Selangor,1/1/2025,male,45-49,indian,26.9
Selangor,1/1/2025,male,45-49,other_citizen,1
Selangor,1/1/2025,male,45-49,other_noncitizen,18.5
Selangor,1/1/2025,male,50-54,bumi_malay,116.9
Selangor,1/1/2025,male,50-54,bumi_other,1.2
Selangor,1/1/2025,male,50-54,chinese,67.3
Selangor,1/1/2025,male,50-54,indian,22.6
Selangor,1/1/2025,male,50-54,other_citizen,0.5
Selangor,1/1/2025,male,50-54,other_noncitizen,12.2
Selangor,1/1/2025,male,55-59,bumi_malay,91.1
Selangor,1/1/2025,male,55-59,bumi_other,2.1
Selangor,1/1/2025,male,55-59,chinese,57.4
Selangor,1/1/2025,male,55-59,indian,20.2
Selangor,1/1/2025,male,55-59,other_citizen,0.5
Selangor,1/1/2025,male,55-59,other_noncitizen,7.3
Selangor,1/1/2025,male,60-64,bumi_malay,73.9
Selangor,1/1/2025,male,60-64,bumi_other,1
Selangor,1/1/2025,male,60-64,chinese,51
Selangor,1/1/2025,male,60-64,indian,17.8
Selangor,1/1/2025,male,60-64,other_citizen,0.3
Selangor,1/1/2025,male,60-64,other_noncitizen,5.2
Selangor,1/1/2025,male,65-69,bumi_malay,53.1
Selangor,1/1/2025,male,65-69,bumi_other,0.3
Selangor,1/1/2025,male,65-69,chinese,40
Selangor,1/1/2025,male,65-69,indian,12.5
Selangor,1/1/2025,male,65-69,other_citizen,0.1
Selangor,1/1/2025,male,65-69,other_noncitizen,11.9
Selangor,1/1/2025,male,70-74,bumi_malay,57.5
Selangor,1/1/2025,male,70-74,bumi_other,0.9
Selangor,1/1/2025,male,70-74,chinese,19.6
Selangor,1/1/2025,male,70-74,indian,8.6
Selangor,1/1/2025,male,70-74,other_citizen,0.6
Selangor,1/1/2025,male,70-74,other_noncitizen,5.6
Selangor,1/1/2025,male,75-79,bumi_malay,32.3
Selangor,1/1/2025,male,75-79,bumi_other,0.5
Selangor,1/1/2025,male,75-79,chinese,13.5
Selangor,1/1/2025,male,75-79,indian,5.1
Selangor,1/1/2025,male,75-79,other_citizen,0.6
Selangor,1/1/2025,male,75-79,other_noncitizen,3.2
Selangor,1/1/2025,male,80-84,bumi_malay,13.1
Selangor,1/1/2025,male,80-84,bumi_other,0.3
Selangor,1/1/2025,male,80-84,chinese,5.9
Selangor,1/1/2025,male,80-84,indian,2.3
Selangor,1/1/2025,male,80-84,other_citizen,0.1
Selangor,1/1/2025,male,80-84,other_noncitizen,3.2
Selangor,1/1/2025,male,85+,bumi_malay,11.5
Selangor,1/1/2025,male,85+,bumi_other,0.8
Selangor,1/1/2025,male,85+,chinese,2.7
Selangor,1/1/2025,male,85+,indian,2
Selangor,1/1/2025,male,85+,other_citizen,0.3
Selangor,1/1/2025,male,85+,other_noncitizen,5.1
Terengganu,1/1/2025,both,0-4,bumi_malay,122.8
Terengganu,1/1/2025,both,0-4,bumi_other,0.2
Terengganu,1/1/2025,both,0-4,chinese,0.7
Terengganu,1/1/2025,both,0-4,indian,0
Terengganu,1/1/2025,both,0-4,other_citizen,0.3
Terengganu,1/1/2025,both,0-4,other_noncitizen,0.9
Terengganu,1/1/2025,both,5-9,bumi_malay,106.7
Terengganu,1/1/2025,both,5-9,bumi_other,0.2
Terengganu,1/1/2025,both,5-9,chinese,1.3
Terengganu,1/1/2025,both,5-9,indian,0.1
Terengganu,1/1/2025,both,5-9,other_citizen,0.2
Terengganu,1/1/2025,both,5-9,other_noncitizen,0.7
Terengganu,1/1/2025,both,10-14,bumi_malay,106.6
Terengganu,1/1/2025,both,10-14,bumi_other,0.2
Terengganu,1/1/2025,both,10-14,chinese,1.9
Terengganu,1/1/2025,both,10-14,indian,0.1
Terengganu,1/1/2025,both,10-14,other_citizen,0.1
Terengganu,1/1/2025,both,10-14,other_noncitizen,0.4
Terengganu,1/1/2025,both,15-19,bumi_malay,107.1
Terengganu,1/1/2025,both,15-19,bumi_other,0.3
Terengganu,1/1/2025,both,15-19,chinese,1.7
Terengganu,1/1/2025,both,15-19,indian,0.1
Terengganu,1/1/2025,both,15-19,other_citizen,0.1
Terengganu,1/1/2025,both,15-19,other_noncitizen,1
Terengganu,1/1/2025,both,20-24,bumi_malay,109.3
Terengganu,1/1/2025,both,20-24,bumi_other,0.3
Terengganu,1/1/2025,both,20-24,chinese,1.5
Terengganu,1/1/2025,both,20-24,indian,0.2
Terengganu,1/1/2025,both,20-24,other_citizen,0.1
Terengganu,1/1/2025,both,20-24,other_noncitizen,4.6
Terengganu,1/1/2025,both,25-29,bumi_malay,100.7
Terengganu,1/1/2025,both,25-29,bumi_other,0.4
Terengganu,1/1/2025,both,25-29,chinese,1.7
Terengganu,1/1/2025,both,25-29,indian,0.6
Terengganu,1/1/2025,both,25-29,other_citizen,0.2
Terengganu,1/1/2025,both,25-29,other_noncitizen,7
Terengganu,1/1/2025,both,30-34,bumi_malay,84.4
Terengganu,1/1/2025,both,30-34,bumi_other,0.3
Terengganu,1/1/2025,both,30-34,chinese,1.4
Terengganu,1/1/2025,both,30-34,indian,0.1
Terengganu,1/1/2025,both,30-34,other_citizen,0.2
Terengganu,1/1/2025,both,30-34,other_noncitizen,7.1
Terengganu,1/1/2025,both,35-39,bumi_malay,82.1
Terengganu,1/1/2025,both,35-39,bumi_other,0.3
Terengganu,1/1/2025,both,35-39,chinese,1.5
Terengganu,1/1/2025,both,35-39,indian,0.1
Terengganu,1/1/2025,both,35-39,other_citizen,0.2
Terengganu,1/1/2025,both,35-39,other_noncitizen,6.2
Terengganu,1/1/2025,both,40-44,bumi_malay,78.4
Terengganu,1/1/2025,both,40-44,bumi_other,0.3
Terengganu,1/1/2025,both,40-44,chinese,1.9
Terengganu,1/1/2025,both,40-44,indian,0.1
Terengganu,1/1/2025,both,40-44,other_citizen,0.2
Terengganu,1/1/2025,both,40-44,other_noncitizen,4.4
Terengganu,1/1/2025,both,45-49,bumi_malay,60.7
Terengganu,1/1/2025,both,45-49,bumi_other,0.2
Terengganu,1/1/2025,both,45-49,chinese,1.5
Terengganu,1/1/2025,both,45-49,indian,0.1
Terengganu,1/1/2025,both,45-49,other_citizen,0.2
Terengganu,1/1/2025,both,45-49,other_noncitizen,2.7
Terengganu,1/1/2025,both,50-54,bumi_malay,53.4
Terengganu,1/1/2025,both,50-54,bumi_other,0.2
Terengganu,1/1/2025,both,50-54,chinese,1.4
Terengganu,1/1/2025,both,50-54,indian,0.1
Terengganu,1/1/2025,both,50-54,other_citizen,0.1
Terengganu,1/1/2025,both,50-54,other_noncitizen,1.6
Terengganu,1/1/2025,both,55-59,bumi_malay,46.8
Terengganu,1/1/2025,both,55-59,bumi_other,0.2
Terengganu,1/1/2025,both,55-59,chinese,1.4
Terengganu,1/1/2025,both,55-59,indian,0.1
Terengganu,1/1/2025,both,55-59,other_citizen,0.1
Terengganu,1/1/2025,both,55-59,other_noncitizen,1.1
Terengganu,1/1/2025,both,60-64,bumi_malay,44.1
Terengganu,1/1/2025,both,60-64,bumi_other,0.2
Terengganu,1/1/2025,both,60-64,chinese,1.5
Terengganu,1/1/2025,both,60-64,indian,0.1
Terengganu,1/1/2025,both,60-64,other_citizen,0.1
Terengganu,1/1/2025,both,60-64,other_noncitizen,0.6
Terengganu,1/1/2025,both,65-69,bumi_malay,32.7
Terengganu,1/1/2025,both,65-69,bumi_other,0.1
Terengganu,1/1/2025,both,65-69,chinese,1.2
Terengganu,1/1/2025,both,65-69,indian,0.1
Terengganu,1/1/2025,both,65-69,other_citizen,0.1
Terengganu,1/1/2025,both,65-69,other_noncitizen,0.3
Terengganu,1/1/2025,both,70-74,bumi_malay,21.6
Terengganu,1/1/2025,both,70-74,bumi_other,0.1
Terengganu,1/1/2025,both,70-74,chinese,0.9
Terengganu,1/1/2025,both,70-74,indian,0
Terengganu,1/1/2025,both,70-74,other_citizen,0
Terengganu,1/1/2025,both,70-74,other_noncitizen,0.1
Terengganu,1/1/2025,both,75-79,bumi_malay,11.9
Terengganu,1/1/2025,both,75-79,bumi_other,0
Terengganu,1/1/2025,both,75-79,chinese,0.6
Terengganu,1/1/2025,both,75-79,indian,0
Terengganu,1/1/2025,both,75-79,other_citizen,0
Terengganu,1/1/2025,both,75-79,other_noncitizen,0.1
Terengganu,1/1/2025,both,80-84,bumi_malay,5.7
Terengganu,1/1/2025,both,80-84,bumi_other,0
Terengganu,1/1/2025,both,80-84,chinese,0.3
Terengganu,1/1/2025,both,80-84,indian,0
Terengganu,1/1/2025,both,80-84,other_citizen,0
Terengganu,1/1/2025,both,80-84,other_noncitizen,0
Terengganu,1/1/2025,both,85+,bumi_malay,2.5
Terengganu,1/1/2025,both,85+,bumi_other,0
Terengganu,1/1/2025,both,85+,chinese,0.2
Terengganu,1/1/2025,both,85+,indian,0
Terengganu,1/1/2025,both,85+,other_citizen,0
Terengganu,1/1/2025,both,85+,other_noncitizen,0
Terengganu,1/1/2025,female,0-4,bumi_malay,59.4
Terengganu,1/1/2025,female,0-4,bumi_other,0.1
Terengganu,1/1/2025,female,0-4,chinese,0.3
Terengganu,1/1/2025,female,0-4,indian,0
Terengganu,1/1/2025,female,0-4,other_citizen,0.1
Terengganu,1/1/2025,female,0-4,other_noncitizen,0.4
Terengganu,1/1/2025,female,5-9,bumi_malay,52.8
Terengganu,1/1/2025,female,5-9,bumi_other,0.1
Terengganu,1/1/2025,female,5-9,chinese,0.6
Terengganu,1/1/2025,female,5-9,indian,0
Terengganu,1/1/2025,female,5-9,other_citizen,0.1
Terengganu,1/1/2025,female,5-9,other_noncitizen,0.3
Terengganu,1/1/2025,female,10-14,bumi_malay,51.8
Terengganu,1/1/2025,female,10-14,bumi_other,0.1
Terengganu,1/1/2025,female,10-14,chinese,1
Terengganu,1/1/2025,female,10-14,indian,0.1
Terengganu,1/1/2025,female,10-14,other_citizen,0.1
Terengganu,1/1/2025,female,10-14,other_noncitizen,0.2
Terengganu,1/1/2025,female,15-19,bumi_malay,51.9
Terengganu,1/1/2025,female,15-19,bumi_other,0.2
Terengganu,1/1/2025,female,15-19,chinese,0.8
Terengganu,1/1/2025,female,15-19,indian,0.1
Terengganu,1/1/2025,female,15-19,other_citizen,0.1
Terengganu,1/1/2025,female,15-19,other_noncitizen,0.2
Terengganu,1/1/2025,female,20-24,bumi_malay,53.1
Terengganu,1/1/2025,female,20-24,bumi_other,0.2
Terengganu,1/1/2025,female,20-24,chinese,0.7
Terengganu,1/1/2025,female,20-24,indian,0.1
Terengganu,1/1/2025,female,20-24,other_citizen,0.1
Terengganu,1/1/2025,female,20-24,other_noncitizen,0.7
Terengganu,1/1/2025,female,25-29,bumi_malay,50.2
Terengganu,1/1/2025,female,25-29,bumi_other,0.2
Terengganu,1/1/2025,female,25-29,chinese,0.9
Terengganu,1/1/2025,female,25-29,indian,0.4
Terengganu,1/1/2025,female,25-29,other_citizen,0.1
Terengganu,1/1/2025,female,25-29,other_noncitizen,0.8
Terengganu,1/1/2025,female,30-34,bumi_malay,41.1
Terengganu,1/1/2025,female,30-34,bumi_other,0.1
Terengganu,1/1/2025,female,30-34,chinese,0.7
Terengganu,1/1/2025,female,30-34,indian,0.1
Terengganu,1/1/2025,female,30-34,other_citizen,0.1
Terengganu,1/1/2025,female,30-34,other_noncitizen,0.8
Terengganu,1/1/2025,female,35-39,bumi_malay,40.4
Terengganu,1/1/2025,female,35-39,bumi_other,0.1
Terengganu,1/1/2025,female,35-39,chinese,0.7
Terengganu,1/1/2025,female,35-39,indian,0.1
Terengganu,1/1/2025,female,35-39,other_citizen,0.1
Terengganu,1/1/2025,female,35-39,other_noncitizen,0.8
Terengganu,1/1/2025,female,40-44,bumi_malay,38.3
Terengganu,1/1/2025,female,40-44,bumi_other,0.1
Terengganu,1/1/2025,female,40-44,chinese,0.9
Terengganu,1/1/2025,female,40-44,indian,0
Terengganu,1/1/2025,female,40-44,other_citizen,0.1
Terengganu,1/1/2025,female,40-44,other_noncitizen,0.7
Terengganu,1/1/2025,female,45-49,bumi_malay,30.1
Terengganu,1/1/2025,female,45-49,bumi_other,0.1
Terengganu,1/1/2025,female,45-49,chinese,0.7
Terengganu,1/1/2025,female,45-49,indian,0.1
Terengganu,1/1/2025,female,45-49,other_citizen,0.1
Terengganu,1/1/2025,female,45-49,other_noncitizen,0.7
Terengganu,1/1/2025,female,50-54,bumi_malay,27.4
Terengganu,1/1/2025,female,50-54,bumi_other,0.1
Terengganu,1/1/2025,female,50-54,chinese,0.6
Terengganu,1/1/2025,female,50-54,indian,0.1
Terengganu,1/1/2025,female,50-54,other_citizen,0.1
Terengganu,1/1/2025,female,50-54,other_noncitizen,0.6
Terengganu,1/1/2025,female,55-59,bumi_malay,24.7
Terengganu,1/1/2025,female,55-59,bumi_other,0.1
Terengganu,1/1/2025,female,55-59,chinese,0.7
Terengganu,1/1/2025,female,55-59,indian,0
Terengganu,1/1/2025,female,55-59,other_citizen,0
Terengganu,1/1/2025,female,55-59,other_noncitizen,0.4
Terengganu,1/1/2025,female,60-64,bumi_malay,23
Terengganu,1/1/2025,female,60-64,bumi_other,0.1
Terengganu,1/1/2025,female,60-64,chinese,0.7
Terengganu,1/1/2025,female,60-64,indian,0
Terengganu,1/1/2025,female,60-64,other_citizen,0.1
Terengganu,1/1/2025,female,60-64,other_noncitizen,0.2
Terengganu,1/1/2025,female,65-69,bumi_malay,17.5
Terengganu,1/1/2025,female,65-69,bumi_other,0.1
Terengganu,1/1/2025,female,65-69,chinese,0.6
Terengganu,1/1/2025,female,65-69,indian,0
Terengganu,1/1/2025,female,65-69,other_citizen,0
Terengganu,1/1/2025,female,65-69,other_noncitizen,0.1
Terengganu,1/1/2025,female,70-74,bumi_malay,11.5
Terengganu,1/1/2025,female,70-74,bumi_other,0
Terengganu,1/1/2025,female,70-74,chinese,0.5
Terengganu,1/1/2025,female,70-74,indian,0
Terengganu,1/1/2025,female,70-74,other_citizen,0
Terengganu,1/1/2025,female,70-74,other_noncitizen,0.1
Terengganu,1/1/2025,female,75-79,bumi_malay,6.4
Terengganu,1/1/2025,female,75-79,bumi_other,0
Terengganu,1/1/2025,female,75-79,chinese,0.3
Terengganu,1/1/2025,female,75-79,indian,0
Terengganu,1/1/2025,female,75-79,other_citizen,0
Terengganu,1/1/2025,female,75-79,other_noncitizen,0
Terengganu,1/1/2025,female,80-84,bumi_malay,3.5
Terengganu,1/1/2025,female,80-84,bumi_other,0
Terengganu,1/1/2025,female,80-84,chinese,0.2
Terengganu,1/1/2025,female,80-84,indian,0
Terengganu,1/1/2025,female,80-84,other_citizen,0
Terengganu,1/1/2025,female,80-84,other_noncitizen,0
Terengganu,1/1/2025,female,85+,bumi_malay,1.6
Terengganu,1/1/2025,female,85+,bumi_other,0
Terengganu,1/1/2025,female,85+,chinese,0.1
Terengganu,1/1/2025,female,85+,indian,0
Terengganu,1/1/2025,female,85+,other_citizen,0
Terengganu,1/1/2025,female,85+,other_noncitizen,0
Terengganu,1/1/2025,male,0-4,bumi_malay,63.4
Terengganu,1/1/2025,male,0-4,bumi_other,0.1
Terengganu,1/1/2025,male,0-4,chinese,0.3
Terengganu,1/1/2025,male,0-4,indian,0
Terengganu,1/1/2025,male,0-4,other_citizen,0.2
Terengganu,1/1/2025,male,0-4,other_noncitizen,0.5
Terengganu,1/1/2025,male,5-9,bumi_malay,53.8
Terengganu,1/1/2025,male,5-9,bumi_other,0.1
Terengganu,1/1/2025,male,5-9,chinese,0.7
Terengganu,1/1/2025,male,5-9,indian,0
Terengganu,1/1/2025,male,5-9,other_citizen,0.1
Terengganu,1/1/2025,male,5-9,other_noncitizen,0.4
Terengganu,1/1/2025,male,10-14,bumi_malay,54.8
Terengganu,1/1/2025,male,10-14,bumi_other,0.1
Terengganu,1/1/2025,male,10-14,chinese,0.9
Terengganu,1/1/2025,male,10-14,indian,0.1
Terengganu,1/1/2025,male,10-14,other_citizen,0.1
Terengganu,1/1/2025,male,10-14,other_noncitizen,0.2
Terengganu,1/1/2025,male,15-19,bumi_malay,55.2
Terengganu,1/1/2025,male,15-19,bumi_other,0.1
Terengganu,1/1/2025,male,15-19,chinese,0.9
Terengganu,1/1/2025,male,15-19,indian,0.1
Terengganu,1/1/2025,male,15-19,other_citizen,0.1
Terengganu,1/1/2025,male,15-19,other_noncitizen,0.8
Terengganu,1/1/2025,male,20-24,bumi_malay,56.2
Terengganu,1/1/2025,male,20-24,bumi_other,0.1
Terengganu,1/1/2025,male,20-24,chinese,0.8
Terengganu,1/1/2025,male,20-24,indian,0.1
Terengganu,1/1/2025,male,20-24,other_citizen,0.1
Terengganu,1/1/2025,male,20-24,other_noncitizen,4
Terengganu,1/1/2025,male,25-29,bumi_malay,50.5
Terengganu,1/1/2025,male,25-29,bumi_other,0.2
Terengganu,1/1/2025,male,25-29,chinese,0.8
Terengganu,1/1/2025,male,25-29,indian,0.2
Terengganu,1/1/2025,male,25-29,other_citizen,0.1
Terengganu,1/1/2025,male,25-29,other_noncitizen,6.2
Terengganu,1/1/2025,male,30-34,bumi_malay,43.3
Terengganu,1/1/2025,male,30-34,bumi_other,0.1
Terengganu,1/1/2025,male,30-34,chinese,0.8
Terengganu,1/1/2025,male,30-34,indian,0.1
Terengganu,1/1/2025,male,30-34,other_citizen,0.2
Terengganu,1/1/2025,male,30-34,other_noncitizen,6.3
Terengganu,1/1/2025,male,35-39,bumi_malay,41.7
Terengganu,1/1/2025,male,35-39,bumi_other,0.2
Terengganu,1/1/2025,male,35-39,chinese,0.8
Terengganu,1/1/2025,male,35-39,indian,0.1
Terengganu,1/1/2025,male,35-39,other_citizen,0.2
Terengganu,1/1/2025,male,35-39,other_noncitizen,5.4
Terengganu,1/1/2025,male,40-44,bumi_malay,40
Terengganu,1/1/2025,male,40-44,bumi_other,0.2
Terengganu,1/1/2025,male,40-44,chinese,1
Terengganu,1/1/2025,male,40-44,indian,0.1
Terengganu,1/1/2025,male,40-44,other_citizen,0.2
Terengganu,1/1/2025,male,40-44,other_noncitizen,3.7
Terengganu,1/1/2025,male,45-49,bumi_malay,30.5
Terengganu,1/1/2025,male,45-49,bumi_other,0.1
Terengganu,1/1/2025,male,45-49,chinese,0.8
Terengganu,1/1/2025,male,45-49,indian,0.1
Terengganu,1/1/2025,male,45-49,other_citizen,0.1
Terengganu,1/1/2025,male,45-49,other_noncitizen,2
Terengganu,1/1/2025,male,50-54,bumi_malay,26
Terengganu,1/1/2025,male,50-54,bumi_other,0.1
Terengganu,1/1/2025,male,50-54,chinese,0.8
Terengganu,1/1/2025,male,50-54,indian,0.1
Terengganu,1/1/2025,male,50-54,other_citizen,0.1
Terengganu,1/1/2025,male,50-54,other_noncitizen,1
Terengganu,1/1/2025,male,55-59,bumi_malay,22.1
Terengganu,1/1/2025,male,55-59,bumi_other,0.1
Terengganu,1/1/2025,male,55-59,chinese,0.7
Terengganu,1/1/2025,male,55-59,indian,0.1
Terengganu,1/1/2025,male,55-59,other_citizen,0
Terengganu,1/1/2025,male,55-59,other_noncitizen,0.7
Terengganu,1/1/2025,male,60-64,bumi_malay,21.1
Terengganu,1/1/2025,male,60-64,bumi_other,0.1
Terengganu,1/1/2025,male,60-64,chinese,0.8
Terengganu,1/1/2025,male,60-64,indian,0
Terengganu,1/1/2025,male,60-64,other_citizen,0
Terengganu,1/1/2025,male,60-64,other_noncitizen,0.4
Terengganu,1/1/2025,male,65-69,bumi_malay,15.2
Terengganu,1/1/2025,male,65-69,bumi_other,0.1
Terengganu,1/1/2025,male,65-69,chinese,0.6
Terengganu,1/1/2025,male,65-69,indian,0
Terengganu,1/1/2025,male,65-69,other_citizen,0
Terengganu,1/1/2025,male,65-69,other_noncitizen,0.2
Terengganu,1/1/2025,male,70-74,bumi_malay,10.1
Terengganu,1/1/2025,male,70-74,bumi_other,0
Terengganu,1/1/2025,male,70-74,chinese,0.4
Terengganu,1/1/2025,male,70-74,indian,0
Terengganu,1/1/2025,male,70-74,other_citizen,0
Terengganu,1/1/2025,male,70-74,other_noncitizen,0.1
Terengganu,1/1/2025,male,75-79,bumi_malay,5.5
Terengganu,1/1/2025,male,75-79,bumi_other,0
Terengganu,1/1/2025,male,75-79,chinese,0.3
Terengganu,1/1/2025,male,75-79,indian,0
Terengganu,1/1/2025,male,75-79,other_citizen,0
Terengganu,1/1/2025,male,75-79,other_noncitizen,0
Terengganu,1/1/2025,male,80-84,bumi_malay,2.3
Terengganu,1/1/2025,male,80-84,bumi_other,0
Terengganu,1/1/2025,male,80-84,chinese,0.2
Terengganu,1/1/2025,male,80-84,indian,0
Terengganu,1/1/2025,male,80-84,other_citizen,0
Terengganu,1/1/2025,male,80-84,other_noncitizen,0
Terengganu,1/1/2025,male,85+,bumi_malay,0.9
Terengganu,1/1/2025,male,85+,bumi_other,0
Terengganu,1/1/2025,male,85+,chinese,0.1
Terengganu,1/1/2025,male,85+,indian,0
Terengganu,1/1/2025,male,85+,other_citizen,0
Terengganu,1/1/2025,male,85+,other_noncitizen,0
W.P. Kuala Lumpur,1/1/2025,both,0-4,bumi_malay,58.9
W.P. Kuala Lumpur,1/1/2025,both,0-4,bumi_other,2
W.P. Kuala Lumpur,1/1/2025,both,0-4,chinese,21.3
W.P. Kuala Lumpur,1/1/2025,both,0-4,indian,6.2
W.P. Kuala Lumpur,1/1/2025,both,0-4,other_citizen,2.5
W.P. Kuala Lumpur,1/1/2025,both,0-4,other_noncitizen,9.7
W.P. Kuala Lumpur,1/1/2025,both,5-9,bumi_malay,67
W.P. Kuala Lumpur,1/1/2025,both,5-9,bumi_other,0.7
W.P. Kuala Lumpur,1/1/2025,both,5-9,chinese,41.2
W.P. Kuala Lumpur,1/1/2025,both,5-9,indian,10.7
W.P. Kuala Lumpur,1/1/2025,both,5-9,other_citizen,1.2
W.P. Kuala Lumpur,1/1/2025,both,5-9,other_noncitizen,5.9
W.P. Kuala Lumpur,1/1/2025,both,10-14,bumi_malay,61.7
W.P. Kuala Lumpur,1/1/2025,both,10-14,bumi_other,1.7
W.P. Kuala Lumpur,1/1/2025,both,10-14,chinese,44.8
W.P. Kuala Lumpur,1/1/2025,both,10-14,indian,10.9
W.P. Kuala Lumpur,1/1/2025,both,10-14,other_citizen,1.2
W.P. Kuala Lumpur,1/1/2025,both,10-14,other_noncitizen,1.3
W.P. Kuala Lumpur,1/1/2025,both,15-19,bumi_malay,59.4
W.P. Kuala Lumpur,1/1/2025,both,15-19,bumi_other,1.3
W.P. Kuala Lumpur,1/1/2025,both,15-19,chinese,63.4
W.P. Kuala Lumpur,1/1/2025,both,15-19,indian,13.8
W.P. Kuala Lumpur,1/1/2025,both,15-19,other_citizen,0.6
W.P. Kuala Lumpur,1/1/2025,both,15-19,other_noncitizen,4.3
W.P. Kuala Lumpur,1/1/2025,both,20-24,bumi_malay,60.6
W.P. Kuala Lumpur,1/1/2025,both,20-24,bumi_other,1
W.P. Kuala Lumpur,1/1/2025,both,20-24,chinese,53.2
W.P. Kuala Lumpur,1/1/2025,both,20-24,indian,14.6
W.P. Kuala Lumpur,1/1/2025,both,20-24,other_citizen,0.8
W.P. Kuala Lumpur,1/1/2025,both,20-24,other_noncitizen,12.2
W.P. Kuala Lumpur,1/1/2025,both,25-29,bumi_malay,51
W.P. Kuala Lumpur,1/1/2025,both,25-29,bumi_other,1.6
W.P. Kuala Lumpur,1/1/2025,both,25-29,chinese,41.1
W.P. Kuala Lumpur,1/1/2025,both,25-29,indian,11
W.P. Kuala Lumpur,1/1/2025,both,25-29,other_citizen,0.6
W.P. Kuala Lumpur,1/1/2025,both,25-29,other_noncitizen,41
W.P. Kuala Lumpur,1/1/2025,both,30-34,bumi_malay,81.3
W.P. Kuala Lumpur,1/1/2025,both,30-34,bumi_other,2.6
W.P. Kuala Lumpur,1/1/2025,both,30-34,chinese,51.9
W.P. Kuala Lumpur,1/1/2025,both,30-34,indian,13.5
W.P. Kuala Lumpur,1/1/2025,both,30-34,other_citizen,1
W.P. Kuala Lumpur,1/1/2025,both,30-34,other_noncitizen,54.8
W.P. Kuala Lumpur,1/1/2025,both,35-39,bumi_malay,90.2
W.P. Kuala Lumpur,1/1/2025,both,35-39,bumi_other,2.7
W.P. Kuala Lumpur,1/1/2025,both,35-39,chinese,68.8
W.P. Kuala Lumpur,1/1/2025,both,35-39,indian,16.8
W.P. Kuala Lumpur,1/1/2025,both,35-39,other_citizen,1.3
W.P. Kuala Lumpur,1/1/2025,both,35-39,other_noncitizen,59.1
W.P. Kuala Lumpur,1/1/2025,both,40-44,bumi_malay,90.8
W.P. Kuala Lumpur,1/1/2025,both,40-44,bumi_other,2.5
W.P. Kuala Lumpur,1/1/2025,both,40-44,chinese,88.1
W.P. Kuala Lumpur,1/1/2025,both,40-44,indian,19.7
W.P. Kuala Lumpur,1/1/2025,both,40-44,other_citizen,1.4
W.P. Kuala Lumpur,1/1/2025,both,40-44,other_noncitizen,40.7
W.P. Kuala Lumpur,1/1/2025,both,45-49,bumi_malay,62.4
W.P. Kuala Lumpur,1/1/2025,both,45-49,bumi_other,1.5
W.P. Kuala Lumpur,1/1/2025,both,45-49,chinese,72.4
W.P. Kuala Lumpur,1/1/2025,both,45-49,indian,16
W.P. Kuala Lumpur,1/1/2025,both,45-49,other_citizen,1
W.P. Kuala Lumpur,1/1/2025,both,45-49,other_noncitizen,24.6
W.P. Kuala Lumpur,1/1/2025,both,50-54,bumi_malay,48.5
W.P. Kuala Lumpur,1/1/2025,both,50-54,bumi_other,1
W.P. Kuala Lumpur,1/1/2025,both,50-54,chinese,57.7
W.P. Kuala Lumpur,1/1/2025,both,50-54,indian,13.7
W.P. Kuala Lumpur,1/1/2025,both,50-54,other_citizen,0.6
W.P. Kuala Lumpur,1/1/2025,both,50-54,other_noncitizen,7
W.P. Kuala Lumpur,1/1/2025,both,55-59,bumi_malay,29.9
W.P. Kuala Lumpur,1/1/2025,both,55-59,bumi_other,0.5
W.P. Kuala Lumpur,1/1/2025,both,55-59,chinese,37.4
W.P. Kuala Lumpur,1/1/2025,both,55-59,indian,8.7
W.P. Kuala Lumpur,1/1/2025,both,55-59,other_citizen,0.4
W.P. Kuala Lumpur,1/1/2025,both,55-59,other_noncitizen,2.9
W.P. Kuala Lumpur,1/1/2025,both,60-64,bumi_malay,29.1
W.P. Kuala Lumpur,1/1/2025,both,60-64,bumi_other,0.3
W.P. Kuala Lumpur,1/1/2025,both,60-64,chinese,33.2
W.P. Kuala Lumpur,1/1/2025,both,60-64,indian,8.1
W.P. Kuala Lumpur,1/1/2025,both,60-64,other_citizen,0.3
W.P. Kuala Lumpur,1/1/2025,both,60-64,other_noncitizen,1.5
W.P. Kuala Lumpur,1/1/2025,both,65-69,bumi_malay,17.1
W.P. Kuala Lumpur,1/1/2025,both,65-69,bumi_other,0.2
W.P. Kuala Lumpur,1/1/2025,both,65-69,chinese,21.5
W.P. Kuala Lumpur,1/1/2025,both,65-69,indian,4.9
W.P. Kuala Lumpur,1/1/2025,both,65-69,other_citizen,0.2
W.P. Kuala Lumpur,1/1/2025,both,65-69,other_noncitizen,2.3
W.P. Kuala Lumpur,1/1/2025,both,70-74,bumi_malay,23.6
W.P. Kuala Lumpur,1/1/2025,both,70-74,bumi_other,0.3
W.P. Kuala Lumpur,1/1/2025,both,70-74,chinese,16.1
W.P. Kuala Lumpur,1/1/2025,both,70-74,indian,3.8
W.P. Kuala Lumpur,1/1/2025,both,70-74,other_citizen,0.4
W.P. Kuala Lumpur,1/1/2025,both,70-74,other_noncitizen,1.3
W.P. Kuala Lumpur,1/1/2025,both,75-79,bumi_malay,15.9
W.P. Kuala Lumpur,1/1/2025,both,75-79,bumi_other,0.2
W.P. Kuala Lumpur,1/1/2025,both,75-79,chinese,11
W.P. Kuala Lumpur,1/1/2025,both,75-79,indian,2.7
W.P. Kuala Lumpur,1/1/2025,both,75-79,other_citizen,0.2
W.P. Kuala Lumpur,1/1/2025,both,75-79,other_noncitizen,0.8
W.P. Kuala Lumpur,1/1/2025,both,80-84,bumi_malay,8.2
W.P. Kuala Lumpur,1/1/2025,both,80-84,bumi_other,0.5
W.P. Kuala Lumpur,1/1/2025,both,80-84,chinese,5.4
W.P. Kuala Lumpur,1/1/2025,both,80-84,indian,1.3
W.P. Kuala Lumpur,1/1/2025,both,80-84,other_citizen,0.2
W.P. Kuala Lumpur,1/1/2025,both,80-84,other_noncitizen,0.6
W.P. Kuala Lumpur,1/1/2025,both,85+,bumi_malay,6.6
W.P. Kuala Lumpur,1/1/2025,both,85+,bumi_other,0.3
W.P. Kuala Lumpur,1/1/2025,both,85+,chinese,1.1
W.P. Kuala Lumpur,1/1/2025,both,85+,indian,0.6
W.P. Kuala Lumpur,1/1/2025,both,85+,other_citizen,0.1
W.P. Kuala Lumpur,1/1/2025,both,85+,other_noncitizen,0.6
W.P. Kuala Lumpur,1/1/2025,female,0-4,bumi_malay,28.5
W.P. Kuala Lumpur,1/1/2025,female,0-4,bumi_other,1
W.P. Kuala Lumpur,1/1/2025,female,0-4,chinese,10.2
W.P. Kuala Lumpur,1/1/2025,female,0-4,indian,3.1
W.P. Kuala Lumpur,1/1/2025,female,0-4,other_citizen,1.2
W.P. Kuala Lumpur,1/1/2025,female,0-4,other_noncitizen,4.5
W.P. Kuala Lumpur,1/1/2025,female,5-9,bumi_malay,33.7
W.P. Kuala Lumpur,1/1/2025,female,5-9,bumi_other,0.4
W.P. Kuala Lumpur,1/1/2025,female,5-9,chinese,19.7
W.P. Kuala Lumpur,1/1/2025,female,5-9,indian,5.3
W.P. Kuala Lumpur,1/1/2025,female,5-9,other_citizen,0.6
W.P. Kuala Lumpur,1/1/2025,female,5-9,other_noncitizen,3
W.P. Kuala Lumpur,1/1/2025,female,10-14,bumi_malay,29
W.P. Kuala Lumpur,1/1/2025,female,10-14,bumi_other,0.7
W.P. Kuala Lumpur,1/1/2025,female,10-14,chinese,21.2
W.P. Kuala Lumpur,1/1/2025,female,10-14,indian,5.1
W.P. Kuala Lumpur,1/1/2025,female,10-14,other_citizen,0.6
W.P. Kuala Lumpur,1/1/2025,female,10-14,other_noncitizen,0.5
W.P. Kuala Lumpur,1/1/2025,female,15-19,bumi_malay,29
W.P. Kuala Lumpur,1/1/2025,female,15-19,bumi_other,0.8
W.P. Kuala Lumpur,1/1/2025,female,15-19,chinese,30.7
W.P. Kuala Lumpur,1/1/2025,female,15-19,indian,6.1
W.P. Kuala Lumpur,1/1/2025,female,15-19,other_citizen,0.3
W.P. Kuala Lumpur,1/1/2025,female,15-19,other_noncitizen,2.1
W.P. Kuala Lumpur,1/1/2025,female,20-24,bumi_malay,28.9
W.P. Kuala Lumpur,1/1/2025,female,20-24,bumi_other,0.5
W.P. Kuala Lumpur,1/1/2025,female,20-24,chinese,24.8
W.P. Kuala Lumpur,1/1/2025,female,20-24,indian,6.6
W.P. Kuala Lumpur,1/1/2025,female,20-24,other_citizen,0.4
W.P. Kuala Lumpur,1/1/2025,female,20-24,other_noncitizen,2.6
W.P. Kuala Lumpur,1/1/2025,female,25-29,bumi_malay,25.4
W.P. Kuala Lumpur,1/1/2025,female,25-29,bumi_other,0.7
W.P. Kuala Lumpur,1/1/2025,female,25-29,chinese,20
W.P. Kuala Lumpur,1/1/2025,female,25-29,indian,5.1
W.P. Kuala Lumpur,1/1/2025,female,25-29,other_citizen,0.3
W.P. Kuala Lumpur,1/1/2025,female,25-29,other_noncitizen,7.6
W.P. Kuala Lumpur,1/1/2025,female,30-34,bumi_malay,42.9
W.P. Kuala Lumpur,1/1/2025,female,30-34,bumi_other,1.4
W.P. Kuala Lumpur,1/1/2025,female,30-34,chinese,26.7
W.P. Kuala Lumpur,1/1/2025,female,30-34,indian,6.9
W.P. Kuala Lumpur,1/1/2025,female,30-34,other_citizen,0.5
W.P. Kuala Lumpur,1/1/2025,female,30-34,other_noncitizen,10.5
W.P. Kuala Lumpur,1/1/2025,female,35-39,bumi_malay,46.1
W.P. Kuala Lumpur,1/1/2025,female,35-39,bumi_other,1.4
W.P. Kuala Lumpur,1/1/2025,female,35-39,chinese,35.5
W.P. Kuala Lumpur,1/1/2025,female,35-39,indian,8.4
W.P. Kuala Lumpur,1/1/2025,female,35-39,other_citizen,0.6
W.P. Kuala Lumpur,1/1/2025,female,35-39,other_noncitizen,11.3
W.P. Kuala Lumpur,1/1/2025,female,40-44,bumi_malay,45.1
W.P. Kuala Lumpur,1/1/2025,female,40-44,bumi_other,1.3
W.P. Kuala Lumpur,1/1/2025,female,40-44,chinese,44.1
W.P. Kuala Lumpur,1/1/2025,female,40-44,indian,9.8
W.P. Kuala Lumpur,1/1/2025,female,40-44,other_citizen,0.7
W.P. Kuala Lumpur,1/1/2025,female,40-44,other_noncitizen,8.1
W.P. Kuala Lumpur,1/1/2025,female,45-49,bumi_malay,31.3
W.P. Kuala Lumpur,1/1/2025,female,45-49,bumi_other,0.7
W.P. Kuala Lumpur,1/1/2025,female,45-49,chinese,35.8
W.P. Kuala Lumpur,1/1/2025,female,45-49,indian,7.9
W.P. Kuala Lumpur,1/1/2025,female,45-49,other_citizen,0.5
W.P. Kuala Lumpur,1/1/2025,female,45-49,other_noncitizen,5.3
W.P. Kuala Lumpur,1/1/2025,female,50-54,bumi_malay,22.8
W.P. Kuala Lumpur,1/1/2025,female,50-54,bumi_other,0.4
W.P. Kuala Lumpur,1/1/2025,female,50-54,chinese,27
W.P. Kuala Lumpur,1/1/2025,female,50-54,indian,6.6
W.P. Kuala Lumpur,1/1/2025,female,50-54,other_citizen,0.3
W.P. Kuala Lumpur,1/1/2025,female,50-54,other_noncitizen,2.3
W.P. Kuala Lumpur,1/1/2025,female,55-59,bumi_malay,15
W.P. Kuala Lumpur,1/1/2025,female,55-59,bumi_other,0.3
W.P. Kuala Lumpur,1/1/2025,female,55-59,chinese,18.4
W.P. Kuala Lumpur,1/1/2025,female,55-59,indian,4.4
W.P. Kuala Lumpur,1/1/2025,female,55-59,other_citizen,0.2
W.P. Kuala Lumpur,1/1/2025,female,55-59,other_noncitizen,1.3
W.P. Kuala Lumpur,1/1/2025,female,60-64,bumi_malay,14.8
W.P. Kuala Lumpur,1/1/2025,female,60-64,bumi_other,0.2
W.P. Kuala Lumpur,1/1/2025,female,60-64,chinese,16.6
W.P. Kuala Lumpur,1/1/2025,female,60-64,indian,4.1
W.P. Kuala Lumpur,1/1/2025,female,60-64,other_citizen,0.2
W.P. Kuala Lumpur,1/1/2025,female,60-64,other_noncitizen,0.7
W.P. Kuala Lumpur,1/1/2025,female,65-69,bumi_malay,9
W.P. Kuala Lumpur,1/1/2025,female,65-69,bumi_other,0.1
W.P. Kuala Lumpur,1/1/2025,female,65-69,chinese,11.3
W.P. Kuala Lumpur,1/1/2025,female,65-69,indian,2.6
W.P. Kuala Lumpur,1/1/2025,female,65-69,other_citizen,0.1
W.P. Kuala Lumpur,1/1/2025,female,65-69,other_noncitizen,1
W.P. Kuala Lumpur,1/1/2025,female,70-74,bumi_malay,12.1
W.P. Kuala Lumpur,1/1/2025,female,70-74,bumi_other,0.1
W.P. Kuala Lumpur,1/1/2025,female,70-74,chinese,8.7
W.P. Kuala Lumpur,1/1/2025,female,70-74,indian,2
W.P. Kuala Lumpur,1/1/2025,female,70-74,other_citizen,0.2
W.P. Kuala Lumpur,1/1/2025,female,70-74,other_noncitizen,0.5
W.P. Kuala Lumpur,1/1/2025,female,75-79,bumi_malay,8.1
W.P. Kuala Lumpur,1/1/2025,female,75-79,bumi_other,0.1
W.P. Kuala Lumpur,1/1/2025,female,75-79,chinese,5.8
W.P. Kuala Lumpur,1/1/2025,female,75-79,indian,1.5
W.P. Kuala Lumpur,1/1/2025,female,75-79,other_citizen,0.1
W.P. Kuala Lumpur,1/1/2025,female,75-79,other_noncitizen,0.4
W.P. Kuala Lumpur,1/1/2025,female,80-84,bumi_malay,4.4
W.P. Kuala Lumpur,1/1/2025,female,80-84,bumi_other,0.1
W.P. Kuala Lumpur,1/1/2025,female,80-84,chinese,3.2
W.P. Kuala Lumpur,1/1/2025,female,80-84,indian,0.7
W.P. Kuala Lumpur,1/1/2025,female,80-84,other_citizen,0.1
W.P. Kuala Lumpur,1/1/2025,female,80-84,other_noncitizen,0.3
W.P. Kuala Lumpur,1/1/2025,female,85+,bumi_malay,2.6
W.P. Kuala Lumpur,1/1/2025,female,85+,bumi_other,0.2
W.P. Kuala Lumpur,1/1/2025,female,85+,chinese,0.1
W.P. Kuala Lumpur,1/1/2025,female,85+,indian,0.2
W.P. Kuala Lumpur,1/1/2025,female,85+,other_citizen,0
W.P. Kuala Lumpur,1/1/2025,female,85+,other_noncitizen,0.3
W.P. Kuala Lumpur,1/1/2025,male,0-4,bumi_malay,30.4
W.P. Kuala Lumpur,1/1/2025,male,0-4,bumi_other,1
W.P. Kuala Lumpur,1/1/2025,male,0-4,chinese,11.1
W.P. Kuala Lumpur,1/1/2025,male,0-4,indian,3.2
W.P. Kuala Lumpur,1/1/2025,male,0-4,other_citizen,1.3
W.P. Kuala Lumpur,1/1/2025,male,0-4,other_noncitizen,5.2
W.P. Kuala Lumpur,1/1/2025,male,5-9,bumi_malay,33.3
W.P. Kuala Lumpur,1/1/2025,male,5-9,bumi_other,0.4
W.P. Kuala Lumpur,1/1/2025,male,5-9,chinese,21.5
W.P. Kuala Lumpur,1/1/2025,male,5-9,indian,5.3
W.P. Kuala Lumpur,1/1/2025,male,5-9,other_citizen,0.6
W.P. Kuala Lumpur,1/1/2025,male,5-9,other_noncitizen,3
W.P. Kuala Lumpur,1/1/2025,male,10-14,bumi_malay,32.7
W.P. Kuala Lumpur,1/1/2025,male,10-14,bumi_other,0.9
W.P. Kuala Lumpur,1/1/2025,male,10-14,chinese,23.6
W.P. Kuala Lumpur,1/1/2025,male,10-14,indian,5.8
W.P. Kuala Lumpur,1/1/2025,male,10-14,other_citizen,0.6
W.P. Kuala Lumpur,1/1/2025,male,10-14,other_noncitizen,0.8
W.P. Kuala Lumpur,1/1/2025,male,15-19,bumi_malay,30.4
W.P. Kuala Lumpur,1/1/2025,male,15-19,bumi_other,0.5
W.P. Kuala Lumpur,1/1/2025,male,15-19,chinese,32.8
W.P. Kuala Lumpur,1/1/2025,male,15-19,indian,7.7
W.P. Kuala Lumpur,1/1/2025,male,15-19,other_citizen,0.3
W.P. Kuala Lumpur,1/1/2025,male,15-19,other_noncitizen,2.3
W.P. Kuala Lumpur,1/1/2025,male,20-24,bumi_malay,31.8
W.P. Kuala Lumpur,1/1/2025,male,20-24,bumi_other,0.5
W.P. Kuala Lumpur,1/1/2025,male,20-24,chinese,28.3
W.P. Kuala Lumpur,1/1/2025,male,20-24,indian,8
W.P. Kuala Lumpur,1/1/2025,male,20-24,other_citizen,0.4
W.P. Kuala Lumpur,1/1/2025,male,20-24,other_noncitizen,9.6
W.P. Kuala Lumpur,1/1/2025,male,25-29,bumi_malay,25.6
W.P. Kuala Lumpur,1/1/2025,male,25-29,bumi_other,0.9
W.P. Kuala Lumpur,1/1/2025,male,25-29,chinese,21.1
W.P. Kuala Lumpur,1/1/2025,male,25-29,indian,5.9
W.P. Kuala Lumpur,1/1/2025,male,25-29,other_citizen,0.3
W.P. Kuala Lumpur,1/1/2025,male,25-29,other_noncitizen,33.5
W.P. Kuala Lumpur,1/1/2025,male,30-34,bumi_malay,38.4
W.P. Kuala Lumpur,1/1/2025,male,30-34,bumi_other,1.2
W.P. Kuala Lumpur,1/1/2025,male,30-34,chinese,25.2
W.P. Kuala Lumpur,1/1/2025,male,30-34,indian,6.6
W.P. Kuala Lumpur,1/1/2025,male,30-34,other_citizen,0.5
W.P. Kuala Lumpur,1/1/2025,male,30-34,other_noncitizen,44.3
W.P. Kuala Lumpur,1/1/2025,male,35-39,bumi_malay,44.1
W.P. Kuala Lumpur,1/1/2025,male,35-39,bumi_other,1.4
W.P. Kuala Lumpur,1/1/2025,male,35-39,chinese,33.3
W.P. Kuala Lumpur,1/1/2025,male,35-39,indian,8.3
W.P. Kuala Lumpur,1/1/2025,male,35-39,other_citizen,0.7
W.P. Kuala Lumpur,1/1/2025,male,35-39,other_noncitizen,47.8
W.P. Kuala Lumpur,1/1/2025,male,40-44,bumi_malay,45.6
W.P. Kuala Lumpur,1/1/2025,male,40-44,bumi_other,1.3
W.P. Kuala Lumpur,1/1/2025,male,40-44,chinese,44
W.P. Kuala Lumpur,1/1/2025,male,40-44,indian,9.9
W.P. Kuala Lumpur,1/1/2025,male,40-44,other_citizen,0.7
W.P. Kuala Lumpur,1/1/2025,male,40-44,other_noncitizen,32.6
W.P. Kuala Lumpur,1/1/2025,male,45-49,bumi_malay,31.1
W.P. Kuala Lumpur,1/1/2025,male,45-49,bumi_other,0.8
W.P. Kuala Lumpur,1/1/2025,male,45-49,chinese,36.6
W.P. Kuala Lumpur,1/1/2025,male,45-49,indian,8.1
W.P. Kuala Lumpur,1/1/2025,male,45-49,other_citizen,0.5
W.P. Kuala Lumpur,1/1/2025,male,45-49,other_noncitizen,19.3
W.P. Kuala Lumpur,1/1/2025,male,50-54,bumi_malay,25.7
W.P. Kuala Lumpur,1/1/2025,male,50-54,bumi_other,0.5
W.P. Kuala Lumpur,1/1/2025,male,50-54,chinese,30.7
W.P. Kuala Lumpur,1/1/2025,male,50-54,indian,7.1
W.P. Kuala Lumpur,1/1/2025,male,50-54,other_citizen,0.3
W.P. Kuala Lumpur,1/1/2025,male,50-54,other_noncitizen,4.7
W.P. Kuala Lumpur,1/1/2025,male,55-59,bumi_malay,14.8
W.P. Kuala Lumpur,1/1/2025,male,55-59,bumi_other,0.2
W.P. Kuala Lumpur,1/1/2025,male,55-59,chinese,19
W.P. Kuala Lumpur,1/1/2025,male,55-59,indian,4.4
W.P. Kuala Lumpur,1/1/2025,male,55-59,other_citizen,0.2
W.P. Kuala Lumpur,1/1/2025,male,55-59,other_noncitizen,1.6
W.P. Kuala Lumpur,1/1/2025,male,60-64,bumi_malay,14.3
W.P. Kuala Lumpur,1/1/2025,male,60-64,bumi_other,0.2
W.P. Kuala Lumpur,1/1/2025,male,60-64,chinese,16.6
W.P. Kuala Lumpur,1/1/2025,male,60-64,indian,4
W.P. Kuala Lumpur,1/1/2025,male,60-64,other_citizen,0.1
W.P. Kuala Lumpur,1/1/2025,male,60-64,other_noncitizen,0.8
W.P. Kuala Lumpur,1/1/2025,male,65-69,bumi_malay,8.1
W.P. Kuala Lumpur,1/1/2025,male,65-69,bumi_other,0.1
W.P. Kuala Lumpur,1/1/2025,male,65-69,chinese,10.2
W.P. Kuala Lumpur,1/1/2025,male,65-69,indian,2.3
W.P. Kuala Lumpur,1/1/2025,male,65-69,other_citizen,0.1
W.P. Kuala Lumpur,1/1/2025,male,65-69,other_noncitizen,1.3
W.P. Kuala Lumpur,1/1/2025,male,70-74,bumi_malay,11.6
W.P. Kuala Lumpur,1/1/2025,male,70-74,bumi_other,0.1
W.P. Kuala Lumpur,1/1/2025,male,70-74,chinese,7.5
W.P. Kuala Lumpur,1/1/2025,male,70-74,indian,1.8
W.P. Kuala Lumpur,1/1/2025,male,70-74,other_citizen,0.1
W.P. Kuala Lumpur,1/1/2025,male,70-74,other_noncitizen,0.8
W.P. Kuala Lumpur,1/1/2025,male,75-79,bumi_malay,7.8
W.P. Kuala Lumpur,1/1/2025,male,75-79,bumi_other,0.1
W.P. Kuala Lumpur,1/1/2025,male,75-79,chinese,5.1
W.P. Kuala Lumpur,1/1/2025,male,75-79,indian,1.2
W.P. Kuala Lumpur,1/1/2025,male,75-79,other_citizen,0.1
W.P. Kuala Lumpur,1/1/2025,male,75-79,other_noncitizen,0.4
W.P. Kuala Lumpur,1/1/2025,male,80-84,bumi_malay,3.8
W.P. Kuala Lumpur,1/1/2025,male,80-84,bumi_other,0.4
W.P. Kuala Lumpur,1/1/2025,male,80-84,chinese,2.1
W.P. Kuala Lumpur,1/1/2025,male,80-84,indian,0.6
W.P. Kuala Lumpur,1/1/2025,male,80-84,other_citizen,0.1
W.P. Kuala Lumpur,1/1/2025,male,80-84,other_noncitizen,0.3
W.P. Kuala Lumpur,1/1/2025,male,85+,bumi_malay,4.1
W.P. Kuala Lumpur,1/1/2025,male,85+,bumi_other,0.1
W.P. Kuala Lumpur,1/1/2025,male,85+,chinese,1
W.P. Kuala Lumpur,1/1/2025,male,85+,indian,0.4
W.P. Kuala Lumpur,1/1/2025,male,85+,other_citizen,0
W.P. Kuala Lumpur,1/1/2025,male,85+,other_noncitizen,0.2
W.P. Labuan,1/1/2025,both,0-4,bumi_malay,2.9
W.P. Labuan,1/1/2025,both,0-4,bumi_other,3.1
W.P. Labuan,1/1/2025,both,0-4,chinese,0.2
W.P. Labuan,1/1/2025,both,0-4,indian,0
W.P. Labuan,1/1/2025,both,0-4,other_citizen,0.6
W.P. Labuan,1/1/2025,both,0-4,other_noncitizen,0.6
W.P. Labuan,1/1/2025,both,5-9,bumi_malay,4.7
W.P. Labuan,1/1/2025,both,5-9,bumi_other,4.2
W.P. Labuan,1/1/2025,both,5-9,chinese,0.7
W.P. Labuan,1/1/2025,both,5-9,indian,0.1
W.P. Labuan,1/1/2025,both,5-9,other_citizen,0.1
W.P. Labuan,1/1/2025,both,5-9,other_noncitizen,0.8
W.P. Labuan,1/1/2025,both,10-14,bumi_malay,2.9
W.P. Labuan,1/1/2025,both,10-14,bumi_other,3.7
W.P. Labuan,1/1/2025,both,10-14,chinese,0.4
W.P. Labuan,1/1/2025,both,10-14,indian,0
W.P. Labuan,1/1/2025,both,10-14,other_citizen,0.1
W.P. Labuan,1/1/2025,both,10-14,other_noncitizen,0.8
W.P. Labuan,1/1/2025,both,15-19,bumi_malay,2.9
W.P. Labuan,1/1/2025,both,15-19,bumi_other,3.4
W.P. Labuan,1/1/2025,both,15-19,chinese,0.6
W.P. Labuan,1/1/2025,both,15-19,indian,0.1
W.P. Labuan,1/1/2025,both,15-19,other_citizen,0.1
W.P. Labuan,1/1/2025,both,15-19,other_noncitizen,0.8
W.P. Labuan,1/1/2025,both,20-24,bumi_malay,3
W.P. Labuan,1/1/2025,both,20-24,bumi_other,3.9
W.P. Labuan,1/1/2025,both,20-24,chinese,0.8
W.P. Labuan,1/1/2025,both,20-24,indian,0.1
W.P. Labuan,1/1/2025,both,20-24,other_citizen,0.1
W.P. Labuan,1/1/2025,both,20-24,other_noncitizen,1
W.P. Labuan,1/1/2025,both,25-29,bumi_malay,2.6
W.P. Labuan,1/1/2025,both,25-29,bumi_other,3.4
W.P. Labuan,1/1/2025,both,25-29,chinese,0.8
W.P. Labuan,1/1/2025,both,25-29,indian,0.1
W.P. Labuan,1/1/2025,both,25-29,other_citizen,0.1
W.P. Labuan,1/1/2025,both,25-29,other_noncitizen,1.6
W.P. Labuan,1/1/2025,both,30-34,bumi_malay,3.2
W.P. Labuan,1/1/2025,both,30-34,bumi_other,3.3
W.P. Labuan,1/1/2025,both,30-34,chinese,0.6
W.P. Labuan,1/1/2025,both,30-34,indian,0.1
W.P. Labuan,1/1/2025,both,30-34,other_citizen,0.1
W.P. Labuan,1/1/2025,both,30-34,other_noncitizen,1.2
W.P. Labuan,1/1/2025,both,35-39,bumi_malay,3.1
W.P. Labuan,1/1/2025,both,35-39,bumi_other,3.4
W.P. Labuan,1/1/2025,both,35-39,chinese,0.7
W.P. Labuan,1/1/2025,both,35-39,indian,0.1
W.P. Labuan,1/1/2025,both,35-39,other_citizen,0.1
W.P. Labuan,1/1/2025,both,35-39,other_noncitizen,1.1
W.P. Labuan,1/1/2025,both,40-44,bumi_malay,3.8
W.P. Labuan,1/1/2025,both,40-44,bumi_other,4
W.P. Labuan,1/1/2025,both,40-44,chinese,0.9
W.P. Labuan,1/1/2025,both,40-44,indian,0.1
W.P. Labuan,1/1/2025,both,40-44,other_citizen,0.1
W.P. Labuan,1/1/2025,both,40-44,other_noncitizen,0.9
W.P. Labuan,1/1/2025,both,45-49,bumi_malay,1.8
W.P. Labuan,1/1/2025,both,45-49,bumi_other,2.1
W.P. Labuan,1/1/2025,both,45-49,chinese,0.5
W.P. Labuan,1/1/2025,both,45-49,indian,0
W.P. Labuan,1/1/2025,both,45-49,other_citizen,0.1
W.P. Labuan,1/1/2025,both,45-49,other_noncitizen,0.8
W.P. Labuan,1/1/2025,both,50-54,bumi_malay,1.5
W.P. Labuan,1/1/2025,both,50-54,bumi_other,1.8
W.P. Labuan,1/1/2025,both,50-54,chinese,0.5
W.P. Labuan,1/1/2025,both,50-54,indian,0
W.P. Labuan,1/1/2025,both,50-54,other_citizen,0
W.P. Labuan,1/1/2025,both,50-54,other_noncitizen,0.7
W.P. Labuan,1/1/2025,both,55-59,bumi_malay,1.2
W.P. Labuan,1/1/2025,both,55-59,bumi_other,1.6
W.P. Labuan,1/1/2025,both,55-59,chinese,0.5
W.P. Labuan,1/1/2025,both,55-59,indian,0
W.P. Labuan,1/1/2025,both,55-59,other_citizen,0
W.P. Labuan,1/1/2025,both,55-59,other_noncitizen,0.6
W.P. Labuan,1/1/2025,both,60-64,bumi_malay,1
W.P. Labuan,1/1/2025,both,60-64,bumi_other,1.4
W.P. Labuan,1/1/2025,both,60-64,chinese,0.6
W.P. Labuan,1/1/2025,both,60-64,indian,0
W.P. Labuan,1/1/2025,both,60-64,other_citizen,0
W.P. Labuan,1/1/2025,both,60-64,other_noncitizen,0.4
W.P. Labuan,1/1/2025,both,65-69,bumi_malay,0.6
W.P. Labuan,1/1/2025,both,65-69,bumi_other,0.9
W.P. Labuan,1/1/2025,both,65-69,chinese,0.5
W.P. Labuan,1/1/2025,both,65-69,indian,0
W.P. Labuan,1/1/2025,both,65-69,other_citizen,0
W.P. Labuan,1/1/2025,both,65-69,other_noncitizen,0.1
W.P. Labuan,1/1/2025,both,70-74,bumi_malay,0.4
W.P. Labuan,1/1/2025,both,70-74,bumi_other,0.6
W.P. Labuan,1/1/2025,both,70-74,chinese,0.4
W.P. Labuan,1/1/2025,both,70-74,indian,0
W.P. Labuan,1/1/2025,both,70-74,other_citizen,0
W.P. Labuan,1/1/2025,both,70-74,other_noncitizen,0.1
W.P. Labuan,1/1/2025,both,75-79,bumi_malay,0.2
W.P. Labuan,1/1/2025,both,75-79,bumi_other,0.3
W.P. Labuan,1/1/2025,both,75-79,chinese,0.3
W.P. Labuan,1/1/2025,both,75-79,indian,0
W.P. Labuan,1/1/2025,both,75-79,other_citizen,0
W.P. Labuan,1/1/2025,both,75-79,other_noncitizen,0
W.P. Labuan,1/1/2025,both,80-84,bumi_malay,0.1
W.P. Labuan,1/1/2025,both,80-84,bumi_other,0.1
W.P. Labuan,1/1/2025,both,80-84,chinese,0.2
W.P. Labuan,1/1/2025,both,80-84,indian,0
W.P. Labuan,1/1/2025,both,80-84,other_citizen,0
W.P. Labuan,1/1/2025,both,80-84,other_noncitizen,0
W.P. Labuan,1/1/2025,both,85+,bumi_malay,0.1
W.P. Labuan,1/1/2025,both,85+,bumi_other,0.2
W.P. Labuan,1/1/2025,both,85+,chinese,0.2
W.P. Labuan,1/1/2025,both,85+,indian,0
W.P. Labuan,1/1/2025,both,85+,other_citizen,0
W.P. Labuan,1/1/2025,both,85+,other_noncitizen,0
W.P. Labuan,1/1/2025,female,0-4,bumi_malay,1.4
W.P. Labuan,1/1/2025,female,0-4,bumi_other,1.5
W.P. Labuan,1/1/2025,female,0-4,chinese,0.1
W.P. Labuan,1/1/2025,female,0-4,indian,0
W.P. Labuan,1/1/2025,female,0-4,other_citizen,0.3
W.P. Labuan,1/1/2025,female,0-4,other_noncitizen,0.2
W.P. Labuan,1/1/2025,female,5-9,bumi_malay,2.2
W.P. Labuan,1/1/2025,female,5-9,bumi_other,1.9
W.P. Labuan,1/1/2025,female,5-9,chinese,0.3
W.P. Labuan,1/1/2025,female,5-9,indian,0
W.P. Labuan,1/1/2025,female,5-9,other_citizen,0
W.P. Labuan,1/1/2025,female,5-9,other_noncitizen,0.3
W.P. Labuan,1/1/2025,female,10-14,bumi_malay,1.4
W.P. Labuan,1/1/2025,female,10-14,bumi_other,1.8
W.P. Labuan,1/1/2025,female,10-14,chinese,0.2
W.P. Labuan,1/1/2025,female,10-14,indian,0
W.P. Labuan,1/1/2025,female,10-14,other_citizen,0.1
W.P. Labuan,1/1/2025,female,10-14,other_noncitizen,0.4
W.P. Labuan,1/1/2025,female,15-19,bumi_malay,1.2
W.P. Labuan,1/1/2025,female,15-19,bumi_other,1.6
W.P. Labuan,1/1/2025,female,15-19,chinese,0.3
W.P. Labuan,1/1/2025,female,15-19,indian,0
W.P. Labuan,1/1/2025,female,15-19,other_citizen,0
W.P. Labuan,1/1/2025,female,15-19,other_noncitizen,0.3
W.P. Labuan,1/1/2025,female,20-24,bumi_malay,1.6
W.P. Labuan,1/1/2025,female,20-24,bumi_other,2
W.P. Labuan,1/1/2025,female,20-24,chinese,0.5
W.P. Labuan,1/1/2025,female,20-24,indian,0
W.P. Labuan,1/1/2025,female,20-24,other_citizen,0
W.P. Labuan,1/1/2025,female,20-24,other_noncitizen,0.5
W.P. Labuan,1/1/2025,female,25-29,bumi_malay,1.4
W.P. Labuan,1/1/2025,female,25-29,bumi_other,1.8
W.P. Labuan,1/1/2025,female,25-29,chinese,0.5
W.P. Labuan,1/1/2025,female,25-29,indian,0.1
W.P. Labuan,1/1/2025,female,25-29,other_citizen,0
W.P. Labuan,1/1/2025,female,25-29,other_noncitizen,0.7
W.P. Labuan,1/1/2025,female,30-34,bumi_malay,1.6
W.P. Labuan,1/1/2025,female,30-34,bumi_other,1.7
W.P. Labuan,1/1/2025,female,30-34,chinese,0.4
W.P. Labuan,1/1/2025,female,30-34,indian,0
W.P. Labuan,1/1/2025,female,30-34,other_citizen,0
W.P. Labuan,1/1/2025,female,30-34,other_noncitizen,0.6
W.P. Labuan,1/1/2025,female,35-39,bumi_malay,1.4
W.P. Labuan,1/1/2025,female,35-39,bumi_other,1.7
W.P. Labuan,1/1/2025,female,35-39,chinese,0.5
W.P. Labuan,1/1/2025,female,35-39,indian,0
W.P. Labuan,1/1/2025,female,35-39,other_citizen,0
W.P. Labuan,1/1/2025,female,35-39,other_noncitizen,0.5
W.P. Labuan,1/1/2025,female,40-44,bumi_malay,1.5
W.P. Labuan,1/1/2025,female,40-44,bumi_other,1.7
W.P. Labuan,1/1/2025,female,40-44,chinese,0.6
W.P. Labuan,1/1/2025,female,40-44,indian,0.1
W.P. Labuan,1/1/2025,female,40-44,other_citizen,0
W.P. Labuan,1/1/2025,female,40-44,other_noncitizen,0.5
W.P. Labuan,1/1/2025,female,45-49,bumi_malay,0.7
W.P. Labuan,1/1/2025,female,45-49,bumi_other,1
W.P. Labuan,1/1/2025,female,45-49,chinese,0.3
W.P. Labuan,1/1/2025,female,45-49,indian,0
W.P. Labuan,1/1/2025,female,45-49,other_citizen,0
W.P. Labuan,1/1/2025,female,45-49,other_noncitizen,0.4
W.P. Labuan,1/1/2025,female,50-54,bumi_malay,0.8
W.P. Labuan,1/1/2025,female,50-54,bumi_other,0.9
W.P. Labuan,1/1/2025,female,50-54,chinese,0.3
W.P. Labuan,1/1/2025,female,50-54,indian,0
W.P. Labuan,1/1/2025,female,50-54,other_citizen,0
W.P. Labuan,1/1/2025,female,50-54,other_noncitizen,0.4
W.P. Labuan,1/1/2025,female,55-59,bumi_malay,0.6
W.P. Labuan,1/1/2025,female,55-59,bumi_other,0.8
W.P. Labuan,1/1/2025,female,55-59,chinese,0.3
W.P. Labuan,1/1/2025,female,55-59,indian,0
W.P. Labuan,1/1/2025,female,55-59,other_citizen,0
W.P. Labuan,1/1/2025,female,55-59,other_noncitizen,0.3
W.P. Labuan,1/1/2025,female,60-64,bumi_malay,0.4
W.P. Labuan,1/1/2025,female,60-64,bumi_other,0.7
W.P. Labuan,1/1/2025,female,60-64,chinese,0.3
W.P. Labuan,1/1/2025,female,60-64,indian,0
W.P. Labuan,1/1/2025,female,60-64,other_citizen,0
W.P. Labuan,1/1/2025,female,60-64,other_noncitizen,0.2
W.P. Labuan,1/1/2025,female,65-69,bumi_malay,0.3
W.P. Labuan,1/1/2025,female,65-69,bumi_other,0.4
W.P. Labuan,1/1/2025,female,65-69,chinese,0.3
W.P. Labuan,1/1/2025,female,65-69,indian,0
W.P. Labuan,1/1/2025,female,65-69,other_citizen,0
W.P. Labuan,1/1/2025,female,65-69,other_noncitizen,0.1
W.P. Labuan,1/1/2025,female,70-74,bumi_malay,0.3
W.P. Labuan,1/1/2025,female,70-74,bumi_other,0.3
W.P. Labuan,1/1/2025,female,70-74,chinese,0.2
W.P. Labuan,1/1/2025,female,70-74,indian,0
W.P. Labuan,1/1/2025,female,70-74,other_citizen,0
W.P. Labuan,1/1/2025,female,70-74,other_noncitizen,0
W.P. Labuan,1/1/2025,female,75-79,bumi_malay,0.1
W.P. Labuan,1/1/2025,female,75-79,bumi_other,0.1
W.P. Labuan,1/1/2025,female,75-79,chinese,0.1
W.P. Labuan,1/1/2025,female,75-79,indian,0
W.P. Labuan,1/1/2025,female,75-79,other_citizen,0
W.P. Labuan,1/1/2025,female,75-79,other_noncitizen,0
W.P. Labuan,1/1/2025,female,80-84,bumi_malay,0
W.P. Labuan,1/1/2025,female,80-84,bumi_other,0.1
W.P. Labuan,1/1/2025,female,80-84,chinese,0.1
W.P. Labuan,1/1/2025,female,80-84,indian,0
W.P. Labuan,1/1/2025,female,80-84,other_citizen,0
W.P. Labuan,1/1/2025,female,80-84,other_noncitizen,0
W.P. Labuan,1/1/2025,female,85+,bumi_malay,0.1
W.P. Labuan,1/1/2025,female,85+,bumi_other,0.1
W.P. Labuan,1/1/2025,female,85+,chinese,0.1
W.P. Labuan,1/1/2025,female,85+,indian,0
W.P. Labuan,1/1/2025,female,85+,other_citizen,0
W.P. Labuan,1/1/2025,female,85+,other_noncitizen,0
W.P. Labuan,1/1/2025,male,0-4,bumi_malay,1.5
W.P. Labuan,1/1/2025,male,0-4,bumi_other,1.6
W.P. Labuan,1/1/2025,male,0-4,chinese,0.1
W.P. Labuan,1/1/2025,male,0-4,indian,0
W.P. Labuan,1/1/2025,male,0-4,other_citizen,0.3
W.P. Labuan,1/1/2025,male,0-4,other_noncitizen,0.4
W.P. Labuan,1/1/2025,male,5-9,bumi_malay,2.6
W.P. Labuan,1/1/2025,male,5-9,bumi_other,2.2
W.P. Labuan,1/1/2025,male,5-9,chinese,0.3
W.P. Labuan,1/1/2025,male,5-9,indian,0.1
W.P. Labuan,1/1/2025,male,5-9,other_citizen,0
W.P. Labuan,1/1/2025,male,5-9,other_noncitizen,0.5
W.P. Labuan,1/1/2025,male,10-14,bumi_malay,1.6
W.P. Labuan,1/1/2025,male,10-14,bumi_other,2
W.P. Labuan,1/1/2025,male,10-14,chinese,0.2
W.P. Labuan,1/1/2025,male,10-14,indian,0
W.P. Labuan,1/1/2025,male,10-14,other_citizen,0.1
W.P. Labuan,1/1/2025,male,10-14,other_noncitizen,0.4
W.P. Labuan,1/1/2025,male,15-19,bumi_malay,1.6
W.P. Labuan,1/1/2025,male,15-19,bumi_other,1.8
W.P. Labuan,1/1/2025,male,15-19,chinese,0.3
W.P. Labuan,1/1/2025,male,15-19,indian,0
W.P. Labuan,1/1/2025,male,15-19,other_citizen,0
W.P. Labuan,1/1/2025,male,15-19,other_noncitizen,0.4
W.P. Labuan,1/1/2025,male,20-24,bumi_malay,1.4
W.P. Labuan,1/1/2025,male,20-24,bumi_other,1.8
W.P. Labuan,1/1/2025,male,20-24,chinese,0.3
W.P. Labuan,1/1/2025,male,20-24,indian,0
W.P. Labuan,1/1/2025,male,20-24,other_citizen,0
W.P. Labuan,1/1/2025,male,20-24,other_noncitizen,0.5
W.P. Labuan,1/1/2025,male,25-29,bumi_malay,1.2
W.P. Labuan,1/1/2025,male,25-29,bumi_other,1.6
W.P. Labuan,1/1/2025,male,25-29,chinese,0.3
W.P. Labuan,1/1/2025,male,25-29,indian,0
W.P. Labuan,1/1/2025,male,25-29,other_citizen,0
W.P. Labuan,1/1/2025,male,25-29,other_noncitizen,0.9
W.P. Labuan,1/1/2025,male,30-34,bumi_malay,1.7
W.P. Labuan,1/1/2025,male,30-34,bumi_other,1.6
W.P. Labuan,1/1/2025,male,30-34,chinese,0.2
W.P. Labuan,1/1/2025,male,30-34,indian,0
W.P. Labuan,1/1/2025,male,30-34,other_citizen,0
W.P. Labuan,1/1/2025,male,30-34,other_noncitizen,0.6
W.P. Labuan,1/1/2025,male,35-39,bumi_malay,1.6
W.P. Labuan,1/1/2025,male,35-39,bumi_other,1.7
W.P. Labuan,1/1/2025,male,35-39,chinese,0.3
W.P. Labuan,1/1/2025,male,35-39,indian,0
W.P. Labuan,1/1/2025,male,35-39,other_citizen,0
W.P. Labuan,1/1/2025,male,35-39,other_noncitizen,0.6
W.P. Labuan,1/1/2025,male,40-44,bumi_malay,2.3
W.P. Labuan,1/1/2025,male,40-44,bumi_other,2.3
W.P. Labuan,1/1/2025,male,40-44,chinese,0.4
W.P. Labuan,1/1/2025,male,40-44,indian,0.1
W.P. Labuan,1/1/2025,male,40-44,other_citizen,0
W.P. Labuan,1/1/2025,male,40-44,other_noncitizen,0.5
W.P. Labuan,1/1/2025,male,45-49,bumi_malay,1
W.P. Labuan,1/1/2025,male,45-49,bumi_other,1.2
W.P. Labuan,1/1/2025,male,45-49,chinese,0.2
W.P. Labuan,1/1/2025,male,45-49,indian,0
W.P. Labuan,1/1/2025,male,45-49,other_citizen,0
W.P. Labuan,1/1/2025,male,45-49,other_noncitizen,0.4
W.P. Labuan,1/1/2025,male,50-54,bumi_malay,0.7
W.P. Labuan,1/1/2025,male,50-54,bumi_other,0.9
W.P. Labuan,1/1/2025,male,50-54,chinese,0.2
W.P. Labuan,1/1/2025,male,50-54,indian,0
W.P. Labuan,1/1/2025,male,50-54,other_citizen,0
W.P. Labuan,1/1/2025,male,50-54,other_noncitizen,0.3
W.P. Labuan,1/1/2025,male,55-59,bumi_malay,0.6
W.P. Labuan,1/1/2025,male,55-59,bumi_other,0.8
W.P. Labuan,1/1/2025,male,55-59,chinese,0.2
W.P. Labuan,1/1/2025,male,55-59,indian,0
W.P. Labuan,1/1/2025,male,55-59,other_citizen,0
W.P. Labuan,1/1/2025,male,55-59,other_noncitizen,0.3
W.P. Labuan,1/1/2025,male,60-64,bumi_malay,0.6
W.P. Labuan,1/1/2025,male,60-64,bumi_other,0.7
W.P. Labuan,1/1/2025,male,60-64,chinese,0.3
W.P. Labuan,1/1/2025,male,60-64,indian,0
W.P. Labuan,1/1/2025,male,60-64,other_citizen,0
W.P. Labuan,1/1/2025,male,60-64,other_noncitizen,0.2
W.P. Labuan,1/1/2025,male,65-69,bumi_malay,0.3
W.P. Labuan,1/1/2025,male,65-69,bumi_other,0.5
W.P. Labuan,1/1/2025,male,65-69,chinese,0.3
W.P. Labuan,1/1/2025,male,65-69,indian,0
W.P. Labuan,1/1/2025,male,65-69,other_citizen,0
W.P. Labuan,1/1/2025,male,65-69,other_noncitizen,0.1
W.P. Labuan,1/1/2025,male,70-74,bumi_malay,0.2
W.P. Labuan,1/1/2025,male,70-74,bumi_other,0.3
W.P. Labuan,1/1/2025,male,70-74,chinese,0.2
W.P. Labuan,1/1/2025,male,70-74,indian,0
W.P. Labuan,1/1/2025,male,70-74,other_citizen,0
W.P. Labuan,1/1/2025,male,70-74,other_noncitizen,0
W.P. Labuan,1/1/2025,male,75-79,bumi_malay,0.1
W.P. Labuan,1/1/2025,male,75-79,bumi_other,0.2
W.P. Labuan,1/1/2025,male,75-79,chinese,0.2
W.P. Labuan,1/1/2025,male,75-79,indian,0
W.P. Labuan,1/1/2025,male,75-79,other_citizen,0
W.P. Labuan,1/1/2025,male,75-79,other_noncitizen,0
W.P. Labuan,1/1/2025,male,80-84,bumi_malay,0
W.P. Labuan,1/1/2025,male,80-84,bumi_other,0.1
W.P. Labuan,1/1/2025,male,80-84,chinese,0.1
W.P. Labuan,1/1/2025,male,80-84,indian,0
W.P. Labuan,1/1/2025,male,80-84,other_citizen,0
W.P. Labuan,1/1/2025,male,80-84,other_noncitizen,0
W.P. Labuan,1/1/2025,male,85+,bumi_malay,0.1
W.P. Labuan,1/1/2025,male,85+,bumi_other,0.1
W.P. Labuan,1/1/2025,male,85+,chinese,0.1
W.P. Labuan,1/1/2025,male,85+,indian,0
W.P. Labuan,1/1/2025,male,85+,other_citizen,0
W.P. Labuan,1/1/2025,male,85+,other_noncitizen,0
W.P. Putrajaya,1/1/2025,both,0-4,bumi_malay,8.6
W.P. Putrajaya,1/1/2025,both,0-4,bumi_other,0.2
W.P. Putrajaya,1/1/2025,both,0-4,chinese,0
W.P. Putrajaya,1/1/2025,both,0-4,indian,0.1
W.P. Putrajaya,1/1/2025,both,0-4,other_citizen,0
W.P. Putrajaya,1/1/2025,both,0-4,other_noncitizen,0.1
W.P. Putrajaya,1/1/2025,both,5-9,bumi_malay,12.8
W.P. Putrajaya,1/1/2025,both,5-9,bumi_other,0.2
W.P. Putrajaya,1/1/2025,both,5-9,chinese,0
W.P. Putrajaya,1/1/2025,both,5-9,indian,0.1
W.P. Putrajaya,1/1/2025,both,5-9,other_citizen,0
W.P. Putrajaya,1/1/2025,both,5-9,other_noncitizen,0.1
W.P. Putrajaya,1/1/2025,both,10-14,bumi_malay,17.4
W.P. Putrajaya,1/1/2025,both,10-14,bumi_other,0.2
W.P. Putrajaya,1/1/2025,both,10-14,chinese,0
W.P. Putrajaya,1/1/2025,both,10-14,indian,0.1
W.P. Putrajaya,1/1/2025,both,10-14,other_citizen,0
W.P. Putrajaya,1/1/2025,both,10-14,other_noncitizen,0.1
W.P. Putrajaya,1/1/2025,both,15-19,bumi_malay,11.2
W.P. Putrajaya,1/1/2025,both,15-19,bumi_other,0.2
W.P. Putrajaya,1/1/2025,both,15-19,chinese,0
W.P. Putrajaya,1/1/2025,both,15-19,indian,0.1
W.P. Putrajaya,1/1/2025,both,15-19,other_citizen,0
W.P. Putrajaya,1/1/2025,both,15-19,other_noncitizen,0.1
W.P. Putrajaya,1/1/2025,both,20-24,bumi_malay,5.8
W.P. Putrajaya,1/1/2025,both,20-24,bumi_other,0.1
W.P. Putrajaya,1/1/2025,both,20-24,chinese,0
W.P. Putrajaya,1/1/2025,both,20-24,indian,0.1
W.P. Putrajaya,1/1/2025,both,20-24,other_citizen,0
W.P. Putrajaya,1/1/2025,both,20-24,other_noncitizen,0.3
W.P. Putrajaya,1/1/2025,both,25-29,bumi_malay,3.8
W.P. Putrajaya,1/1/2025,both,25-29,bumi_other,0.1
W.P. Putrajaya,1/1/2025,both,25-29,chinese,0.1
W.P. Putrajaya,1/1/2025,both,25-29,indian,0.1
W.P. Putrajaya,1/1/2025,both,25-29,other_citizen,0
W.P. Putrajaya,1/1/2025,both,25-29,other_noncitizen,0.5
W.P. Putrajaya,1/1/2025,both,30-34,bumi_malay,5.8
W.P. Putrajaya,1/1/2025,both,30-34,bumi_other,0.2
W.P. Putrajaya,1/1/2025,both,30-34,chinese,0
W.P. Putrajaya,1/1/2025,both,30-34,indian,0.1
W.P. Putrajaya,1/1/2025,both,30-34,other_citizen,0
W.P. Putrajaya,1/1/2025,both,30-34,other_noncitizen,0.5
W.P. Putrajaya,1/1/2025,both,35-39,bumi_malay,10.7
W.P. Putrajaya,1/1/2025,both,35-39,bumi_other,0.3
W.P. Putrajaya,1/1/2025,both,35-39,chinese,0.1
W.P. Putrajaya,1/1/2025,both,35-39,indian,0.1
W.P. Putrajaya,1/1/2025,both,35-39,other_citizen,0
W.P. Putrajaya,1/1/2025,both,35-39,other_noncitizen,0.7
W.P. Putrajaya,1/1/2025,both,40-44,bumi_malay,16.7
W.P. Putrajaya,1/1/2025,both,40-44,bumi_other,0.4
W.P. Putrajaya,1/1/2025,both,40-44,chinese,0.1
W.P. Putrajaya,1/1/2025,both,40-44,indian,0.2
W.P. Putrajaya,1/1/2025,both,40-44,other_citizen,0
W.P. Putrajaya,1/1/2025,both,40-44,other_noncitizen,0.5
W.P. Putrajaya,1/1/2025,both,45-49,bumi_malay,8.7
W.P. Putrajaya,1/1/2025,both,45-49,bumi_other,0.2
W.P. Putrajaya,1/1/2025,both,45-49,chinese,0
W.P. Putrajaya,1/1/2025,both,45-49,indian,0.1
W.P. Putrajaya,1/1/2025,both,45-49,other_citizen,0
W.P. Putrajaya,1/1/2025,both,45-49,other_noncitizen,0.3
W.P. Putrajaya,1/1/2025,both,50-54,bumi_malay,4.2
W.P. Putrajaya,1/1/2025,both,50-54,bumi_other,0.1
W.P. Putrajaya,1/1/2025,both,50-54,chinese,0
W.P. Putrajaya,1/1/2025,both,50-54,indian,0.1
W.P. Putrajaya,1/1/2025,both,50-54,other_citizen,0
W.P. Putrajaya,1/1/2025,both,50-54,other_noncitizen,0.2
W.P. Putrajaya,1/1/2025,both,55-59,bumi_malay,2.8
W.P. Putrajaya,1/1/2025,both,55-59,bumi_other,0.1
W.P. Putrajaya,1/1/2025,both,55-59,chinese,0
W.P. Putrajaya,1/1/2025,both,55-59,indian,0
W.P. Putrajaya,1/1/2025,both,55-59,other_citizen,0
W.P. Putrajaya,1/1/2025,both,55-59,other_noncitizen,0.1
W.P. Putrajaya,1/1/2025,both,60-64,bumi_malay,2.1
W.P. Putrajaya,1/1/2025,both,60-64,bumi_other,0
W.P. Putrajaya,1/1/2025,both,60-64,chinese,0
W.P. Putrajaya,1/1/2025,both,60-64,indian,0
W.P. Putrajaya,1/1/2025,both,60-64,other_citizen,0
W.P. Putrajaya,1/1/2025,both,60-64,other_noncitizen,0
W.P. Putrajaya,1/1/2025,both,65-69,bumi_malay,1.2
W.P. Putrajaya,1/1/2025,both,65-69,bumi_other,0
W.P. Putrajaya,1/1/2025,both,65-69,chinese,0
W.P. Putrajaya,1/1/2025,both,65-69,indian,0
W.P. Putrajaya,1/1/2025,both,65-69,other_citizen,0
W.P. Putrajaya,1/1/2025,both,65-69,other_noncitizen,0
W.P. Putrajaya,1/1/2025,both,70-74,bumi_malay,0.6
W.P. Putrajaya,1/1/2025,both,70-74,bumi_other,0
W.P. Putrajaya,1/1/2025,both,70-74,chinese,0
W.P. Putrajaya,1/1/2025,both,70-74,indian,0
W.P. Putrajaya,1/1/2025,both,70-74,other_citizen,0
W.P. Putrajaya,1/1/2025,both,70-74,other_noncitizen,0
W.P. Putrajaya,1/1/2025,both,75-79,bumi_malay,0.3
W.P. Putrajaya,1/1/2025,both,75-79,bumi_other,0
W.P. Putrajaya,1/1/2025,both,75-79,chinese,0
W.P. Putrajaya,1/1/2025,both,75-79,indian,0
W.P. Putrajaya,1/1/2025,both,75-79,other_citizen,0
W.P. Putrajaya,1/1/2025,both,75-79,other_noncitizen,0
W.P. Putrajaya,1/1/2025,both,80-84,bumi_malay,0.1
W.P. Putrajaya,1/1/2025,both,80-84,bumi_other,0
W.P. Putrajaya,1/1/2025,both,80-84,chinese,0
W.P. Putrajaya,1/1/2025,both,80-84,indian,0
W.P. Putrajaya,1/1/2025,both,80-84,other_citizen,0
W.P. Putrajaya,1/1/2025,both,80-84,other_noncitizen,0
W.P. Putrajaya,1/1/2025,both,85+,bumi_malay,0.1
W.P. Putrajaya,1/1/2025,both,85+,bumi_other,0
W.P. Putrajaya,1/1/2025,both,85+,chinese,0
W.P. Putrajaya,1/1/2025,both,85+,indian,0
W.P. Putrajaya,1/1/2025,both,85+,other_citizen,0
W.P. Putrajaya,1/1/2025,both,85+,other_noncitizen,0
W.P. Putrajaya,1/1/2025,female,0-4,bumi_malay,4.2
W.P. Putrajaya,1/1/2025,female,0-4,bumi_other,0.1
W.P. Putrajaya,1/1/2025,female,0-4,chinese,0
W.P. Putrajaya,1/1/2025,female,0-4,indian,0
W.P. Putrajaya,1/1/2025,female,0-4,other_citizen,0
W.P. Putrajaya,1/1/2025,female,0-4,other_noncitizen,0
W.P. Putrajaya,1/1/2025,female,5-9,bumi_malay,6.2
W.P. Putrajaya,1/1/2025,female,5-9,bumi_other,0.1
W.P. Putrajaya,1/1/2025,female,5-9,chinese,0
W.P. Putrajaya,1/1/2025,female,5-9,indian,0.1
W.P. Putrajaya,1/1/2025,female,5-9,other_citizen,0
W.P. Putrajaya,1/1/2025,female,5-9,other_noncitizen,0.1
W.P. Putrajaya,1/1/2025,female,10-14,bumi_malay,8.4
W.P. Putrajaya,1/1/2025,female,10-14,bumi_other,0.1
W.P. Putrajaya,1/1/2025,female,10-14,chinese,0
W.P. Putrajaya,1/1/2025,female,10-14,indian,0.1
W.P. Putrajaya,1/1/2025,female,10-14,other_citizen,0
W.P. Putrajaya,1/1/2025,female,10-14,other_noncitizen,0.1
W.P. Putrajaya,1/1/2025,female,15-19,bumi_malay,5.4
W.P. Putrajaya,1/1/2025,female,15-19,bumi_other,0.1
W.P. Putrajaya,1/1/2025,female,15-19,chinese,0
W.P. Putrajaya,1/1/2025,female,15-19,indian,0
W.P. Putrajaya,1/1/2025,female,15-19,other_citizen,0
W.P. Putrajaya,1/1/2025,female,15-19,other_noncitizen,0
W.P. Putrajaya,1/1/2025,female,20-24,bumi_malay,2.8
W.P. Putrajaya,1/1/2025,female,20-24,bumi_other,0
W.P. Putrajaya,1/1/2025,female,20-24,chinese,0
W.P. Putrajaya,1/1/2025,female,20-24,indian,0
W.P. Putrajaya,1/1/2025,female,20-24,other_citizen,0
W.P. Putrajaya,1/1/2025,female,20-24,other_noncitizen,0
W.P. Putrajaya,1/1/2025,female,25-29,bumi_malay,2
W.P. Putrajaya,1/1/2025,female,25-29,bumi_other,0.1
W.P. Putrajaya,1/1/2025,female,25-29,chinese,0
W.P. Putrajaya,1/1/2025,female,25-29,indian,0
W.P. Putrajaya,1/1/2025,female,25-29,other_citizen,0
W.P. Putrajaya,1/1/2025,female,25-29,other_noncitizen,0.1
W.P. Putrajaya,1/1/2025,female,30-34,bumi_malay,3.4
W.P. Putrajaya,1/1/2025,female,30-34,bumi_other,0.1
W.P. Putrajaya,1/1/2025,female,30-34,chinese,0
W.P. Putrajaya,1/1/2025,female,30-34,indian,0.1
W.P. Putrajaya,1/1/2025,female,30-34,other_citizen,0
W.P. Putrajaya,1/1/2025,female,30-34,other_noncitizen,0.1
W.P. Putrajaya,1/1/2025,female,35-39,bumi_malay,6.2
W.P. Putrajaya,1/1/2025,female,35-39,bumi_other,0.2
W.P. Putrajaya,1/1/2025,female,35-39,chinese,0
W.P. Putrajaya,1/1/2025,female,35-39,indian,0.1
W.P. Putrajaya,1/1/2025,female,35-39,other_citizen,0
W.P. Putrajaya,1/1/2025,female,35-39,other_noncitizen,0.1
W.P. Putrajaya,1/1/2025,female,40-44,bumi_malay,9.1
W.P. Putrajaya,1/1/2025,female,40-44,bumi_other,0.2
W.P. Putrajaya,1/1/2025,female,40-44,chinese,0
W.P. Putrajaya,1/1/2025,female,40-44,indian,0.1
W.P. Putrajaya,1/1/2025,female,40-44,other_citizen,0
W.P. Putrajaya,1/1/2025,female,40-44,other_noncitizen,0.2
W.P. Putrajaya,1/1/2025,female,45-49,bumi_malay,4.3
W.P. Putrajaya,1/1/2025,female,45-49,bumi_other,0.1
W.P. Putrajaya,1/1/2025,female,45-49,chinese,0
W.P. Putrajaya,1/1/2025,female,45-49,indian,0.1
W.P. Putrajaya,1/1/2025,female,45-49,other_citizen,0
W.P. Putrajaya,1/1/2025,female,45-49,other_noncitizen,0.1
W.P. Putrajaya,1/1/2025,female,50-54,bumi_malay,2.1
W.P. Putrajaya,1/1/2025,female,50-54,bumi_other,0
W.P. Putrajaya,1/1/2025,female,50-54,chinese,0
W.P. Putrajaya,1/1/2025,female,50-54,indian,0
W.P. Putrajaya,1/1/2025,female,50-54,other_citizen,0
W.P. Putrajaya,1/1/2025,female,50-54,other_noncitizen,0.1
W.P. Putrajaya,1/1/2025,female,55-59,bumi_malay,1.4
W.P. Putrajaya,1/1/2025,female,55-59,bumi_other,0
W.P. Putrajaya,1/1/2025,female,55-59,chinese,0
W.P. Putrajaya,1/1/2025,female,55-59,indian,0
W.P. Putrajaya,1/1/2025,female,55-59,other_citizen,0
W.P. Putrajaya,1/1/2025,female,55-59,other_noncitizen,0
W.P. Putrajaya,1/1/2025,female,60-64,bumi_malay,1
W.P. Putrajaya,1/1/2025,female,60-64,bumi_other,0
W.P. Putrajaya,1/1/2025,female,60-64,chinese,0
W.P. Putrajaya,1/1/2025,female,60-64,indian,0
W.P. Putrajaya,1/1/2025,female,60-64,other_citizen,0
W.P. Putrajaya,1/1/2025,female,60-64,other_noncitizen,0
W.P. Putrajaya,1/1/2025,female,65-69,bumi_malay,0.6
W.P. Putrajaya,1/1/2025,female,65-69,bumi_other,0
W.P. Putrajaya,1/1/2025,female,65-69,chinese,0
W.P. Putrajaya,1/1/2025,female,65-69,indian,0
W.P. Putrajaya,1/1/2025,female,65-69,other_citizen,0
W.P. Putrajaya,1/1/2025,female,65-69,other_noncitizen,0
W.P. Putrajaya,1/1/2025,female,70-74,bumi_malay,0.4
W.P. Putrajaya,1/1/2025,female,70-74,bumi_other,0
W.P. Putrajaya,1/1/2025,female,70-74,chinese,0
W.P. Putrajaya,1/1/2025,female,70-74,indian,0
W.P. Putrajaya,1/1/2025,female,70-74,other_citizen,0
W.P. Putrajaya,1/1/2025,female,70-74,other_noncitizen,0
W.P. Putrajaya,1/1/2025,female,75-79,bumi_malay,0.2
W.P. Putrajaya,1/1/2025,female,75-79,bumi_other,0
W.P. Putrajaya,1/1/2025,female,75-79,chinese,0
W.P. Putrajaya,1/1/2025,female,75-79,indian,0
W.P. Putrajaya,1/1/2025,female,75-79,other_citizen,0
W.P. Putrajaya,1/1/2025,female,75-79,other_noncitizen,0
W.P. Putrajaya,1/1/2025,female,80-84,bumi_malay,0.1
W.P. Putrajaya,1/1/2025,female,80-84,bumi_other,0
W.P. Putrajaya,1/1/2025,female,80-84,chinese,0
W.P. Putrajaya,1/1/2025,female,80-84,indian,0
W.P. Putrajaya,1/1/2025,female,80-84,other_citizen,0
W.P. Putrajaya,1/1/2025,female,80-84,other_noncitizen,0
W.P. Putrajaya,1/1/2025,female,85+,bumi_malay,0
W.P. Putrajaya,1/1/2025,female,85+,bumi_other,0
W.P. Putrajaya,1/1/2025,female,85+,chinese,0
W.P. Putrajaya,1/1/2025,female,85+,indian,0
W.P. Putrajaya,1/1/2025,female,85+,other_citizen,0
W.P. Putrajaya,1/1/2025,female,85+,other_noncitizen,0
W.P. Putrajaya,1/1/2025,male,0-4,bumi_malay,4.4
W.P. Putrajaya,1/1/2025,male,0-4,bumi_other,0.1
W.P. Putrajaya,1/1/2025,male,0-4,chinese,0
W.P. Putrajaya,1/1/2025,male,0-4,indian,0.1
W.P. Putrajaya,1/1/2025,male,0-4,other_citizen,0
W.P. Putrajaya,1/1/2025,male,0-4,other_noncitizen,0
W.P. Putrajaya,1/1/2025,male,5-9,bumi_malay,6.6
W.P. Putrajaya,1/1/2025,male,5-9,bumi_other,0.1
W.P. Putrajaya,1/1/2025,male,5-9,chinese,0
W.P. Putrajaya,1/1/2025,male,5-9,indian,0.1
W.P. Putrajaya,1/1/2025,male,5-9,other_citizen,0
W.P. Putrajaya,1/1/2025,male,5-9,other_noncitizen,0
W.P. Putrajaya,1/1/2025,male,10-14,bumi_malay,8.9
W.P. Putrajaya,1/1/2025,male,10-14,bumi_other,0.1
W.P. Putrajaya,1/1/2025,male,10-14,chinese,0
W.P. Putrajaya,1/1/2025,male,10-14,indian,0.1
W.P. Putrajaya,1/1/2025,male,10-14,other_citizen,0
W.P. Putrajaya,1/1/2025,male,10-14,other_noncitizen,0.1
W.P. Putrajaya,1/1/2025,male,15-19,bumi_malay,5.8
W.P. Putrajaya,1/1/2025,male,15-19,bumi_other,0.1
W.P. Putrajaya,1/1/2025,male,15-19,chinese,0
W.P. Putrajaya,1/1/2025,male,15-19,indian,0
W.P. Putrajaya,1/1/2025,male,15-19,other_citizen,0
W.P. Putrajaya,1/1/2025,male,15-19,other_noncitizen,0.1
W.P. Putrajaya,1/1/2025,male,20-24,bumi_malay,3
W.P. Putrajaya,1/1/2025,male,20-24,bumi_other,0
W.P. Putrajaya,1/1/2025,male,20-24,chinese,0
W.P. Putrajaya,1/1/2025,male,20-24,indian,0
W.P. Putrajaya,1/1/2025,male,20-24,other_citizen,0
W.P. Putrajaya,1/1/2025,male,20-24,other_noncitizen,0.2
W.P. Putrajaya,1/1/2025,male,25-29,bumi_malay,1.8
W.P. Putrajaya,1/1/2025,male,25-29,bumi_other,0
W.P. Putrajaya,1/1/2025,male,25-29,chinese,0
W.P. Putrajaya,1/1/2025,male,25-29,indian,0
W.P. Putrajaya,1/1/2025,male,25-29,other_citizen,0
W.P. Putrajaya,1/1/2025,male,25-29,other_noncitizen,0.4
W.P. Putrajaya,1/1/2025,male,30-34,bumi_malay,2.4
W.P. Putrajaya,1/1/2025,male,30-34,bumi_other,0.1
W.P. Putrajaya,1/1/2025,male,30-34,chinese,0
W.P. Putrajaya,1/1/2025,male,30-34,indian,0
W.P. Putrajaya,1/1/2025,male,30-34,other_citizen,0
W.P. Putrajaya,1/1/2025,male,30-34,other_noncitizen,0.4
W.P. Putrajaya,1/1/2025,male,35-39,bumi_malay,4.5
W.P. Putrajaya,1/1/2025,male,35-39,bumi_other,0.1
W.P. Putrajaya,1/1/2025,male,35-39,chinese,0
W.P. Putrajaya,1/1/2025,male,35-39,indian,0.1
W.P. Putrajaya,1/1/2025,male,35-39,other_citizen,0
W.P. Putrajaya,1/1/2025,male,35-39,other_noncitizen,0.5
W.P. Putrajaya,1/1/2025,male,40-44,bumi_malay,7.5
W.P. Putrajaya,1/1/2025,male,40-44,bumi_other,0.1
W.P. Putrajaya,1/1/2025,male,40-44,chinese,0
W.P. Putrajaya,1/1/2025,male,40-44,indian,0.1
W.P. Putrajaya,1/1/2025,male,40-44,other_citizen,0
W.P. Putrajaya,1/1/2025,male,40-44,other_noncitizen,0.3
W.P. Putrajaya,1/1/2025,male,45-49,bumi_malay,4.4
W.P. Putrajaya,1/1/2025,male,45-49,bumi_other,0.1
W.P. Putrajaya,1/1/2025,male,45-49,chinese,0
W.P. Putrajaya,1/1/2025,male,45-49,indian,0.1
W.P. Putrajaya,1/1/2025,male,45-49,other_citizen,0
W.P. Putrajaya,1/1/2025,male,45-49,other_noncitizen,0.2
W.P. Putrajaya,1/1/2025,male,50-54,bumi_malay,2.1
W.P. Putrajaya,1/1/2025,male,50-54,bumi_other,0
W.P. Putrajaya,1/1/2025,male,50-54,chinese,0
W.P. Putrajaya,1/1/2025,male,50-54,indian,0
W.P. Putrajaya,1/1/2025,male,50-54,other_citizen,0
W.P. Putrajaya,1/1/2025,male,50-54,other_noncitizen,0.1
W.P. Putrajaya,1/1/2025,male,55-59,bumi_malay,1.3
W.P. Putrajaya,1/1/2025,male,55-59,bumi_other,0
W.P. Putrajaya,1/1/2025,male,55-59,chinese,0
W.P. Putrajaya,1/1/2025,male,55-59,indian,0
W.P. Putrajaya,1/1/2025,male,55-59,other_citizen,0
W.P. Putrajaya,1/1/2025,male,55-59,other_noncitizen,0
W.P. Putrajaya,1/1/2025,male,60-64,bumi_malay,1.1
W.P. Putrajaya,1/1/2025,male,60-64,bumi_other,0
W.P. Putrajaya,1/1/2025,male,60-64,chinese,0
W.P. Putrajaya,1/1/2025,male,60-64,indian,0
W.P. Putrajaya,1/1/2025,male,60-64,other_citizen,0
W.P. Putrajaya,1/1/2025,male,60-64,other_noncitizen,0
W.P. Putrajaya,1/1/2025,male,65-69,bumi_malay,0.6
W.P. Putrajaya,1/1/2025,male,65-69,bumi_other,0
W.P. Putrajaya,1/1/2025,male,65-69,chinese,0
W.P. Putrajaya,1/1/2025,male,65-69,indian,0
W.P. Putrajaya,1/1/2025,male,65-69,other_citizen,0
W.P. Putrajaya,1/1/2025,male,65-69,other_noncitizen,0
W.P. Putrajaya,1/1/2025,male,70-74,bumi_malay,0.3
W.P. Putrajaya,1/1/2025,male,70-74,bumi_other,0
W.P. Putrajaya,1/1/2025,male,70-74,chinese,0
W.P. Putrajaya,1/1/2025,male,70-74,indian,0
W.P. Putrajaya,1/1/2025,male,70-74,other_citizen,0
W.P. Putrajaya,1/1/2025,male,70-74,other_noncitizen,0
W.P. Putrajaya,1/1/2025,male,75-79,bumi_malay,0.1
W.P. Putrajaya,1/1/2025,male,75-79,bumi_other,0
W.P. Putrajaya,1/1/2025,male,75-79,chinese,0
W.P. Putrajaya,1/1/2025,male,75-79,indian,0
W.P. Putrajaya,1/1/2025,male,75-79,other_citizen,0
W.P. Putrajaya,1/1/2025,male,75-79,other_noncitizen,0
W.P. Putrajaya,1/1/2025,male,80-84,bumi_malay,0
W.P. Putrajaya,1/1/2025,male,80-84,bumi_other,0
W.P. Putrajaya,1/1/2025,male,80-84,chinese,0
W.P. Putrajaya,1/1/2025,male,80-84,indian,0
W.P. Putrajaya,1/1/2025,male,80-84,other_citizen,0
W.P. Putrajaya,1/1/2025,male,80-84,other_noncitizen,0
W.P. Putrajaya,1/1/2025,male,85+,bumi_malay,0
W.P. Putrajaya,1/1/2025,male,85+,bumi_other,0
W.P. Putrajaya,1/1/2025,male,85+,chinese,0
W.P. Putrajaya,1/1/2025,male,85+,indian,0
W.P. Putrajaya,1/1/2025,male,85+,other_citizen,0
W.P. Putrajaya,1/1/2025,male,85+,other_noncitizen,0
