state,district,date,sex,age,ethnicity,population
Johor,Batu Pahat,1/1/2022,female,0-4,overall,14.4
Johor,Batu Pahat,1/1/2022,female,5-9,overall,16.8
Johor,Batu Pahat,1/1/2022,female,10-14,overall,18.8
Johor,Batu Pahat,1/1/2022,female,15-19,overall,20.2
Johor,Batu Pahat,1/1/2022,female,20-24,overall,22.2
Johor,Batu Pahat,1/1/2022,female,25-29,overall,20
Johor,Batu Pahat,1/1/2022,female,30-34,overall,19.4
Johor,Batu Pahat,1/1/2022,female,35-39,overall,19.1
Johor,Batu Pahat,1/1/2022,female,40-44,overall,16.5
Johor,Batu Pahat,1/1/2022,female,45-49,overall,14.2
Johor,Batu Pahat,1/1/2022,female,50-54,overall,13.7
Johor,Batu Pahat,1/1/2022,female,55-59,overall,12.2
Johor,Batu Pahat,1/1/2022,female,60-64,overall,10.6
Johor,Batu Pahat,1/1/2022,female,65-69,overall,7.7
Johor,Batu Pahat,1/1/2022,female,70-74,overall,4.8
Johor,Batu Pahat,1/1/2022,female,75-79,overall,2.9
Johor,Batu Pahat,1/1/2022,female,80-84,overall,1.6
Johor,Batu Pahat,1/1/2022,female,85+,overall,0.9
Johor,Batu Pahat,1/1/2022,male,0-4,overall,14.6
Johor,Batu Pahat,1/1/2022,male,5-9,overall,17.4
Johor,Batu Pahat,1/1/2022,male,10-14,overall,20.4
Johor,Batu Pahat,1/1/2022,male,15-19,overall,22
Johor,Batu Pahat,1/1/2022,male,20-24,overall,27.5
Johor,Batu Pahat,1/1/2022,male,25-29,overall,25.7
Johor,Batu Pahat,1/1/2022,male,30-34,overall,23.2
Johor,Batu Pahat,1/1/2022,male,35-39,overall,21.8
Johor,Batu Pahat,1/1/2022,male,40-44,overall,18.6
Johor,Batu Pahat,1/1/2022,male,45-49,overall,15.7
Johor,Batu Pahat,1/1/2022,male,50-54,overall,13.9
Johor,Batu Pahat,1/1/2022,male,55-59,overall,12.8
Johor,Batu Pahat,1/1/2022,male,60-64,overall,10.7
Johor,Batu Pahat,1/1/2022,male,65-69,overall,7.2
Johor,Batu Pahat,1/1/2022,male,70-74,overall,4.7
Johor,Batu Pahat,1/1/2022,male,75-79,overall,2.6
Johor,Batu Pahat,1/1/2022,male,80-84,overall,1.5
Johor,Batu Pahat,1/1/2022,male,85+,overall,1.3
Johor,Johor Bahru,1/1/2022,female,0-4,overall,69.3
Johor,Johor Bahru,1/1/2022,female,5-9,overall,73.8
Johor,Johor Bahru,1/1/2022,female,10-14,overall,71.7
Johor,Johor Bahru,1/1/2022,female,15-19,overall,65
Johor,Johor Bahru,1/1/2022,female,20-24,overall,71.4
Johor,Johor Bahru,1/1/2022,female,25-29,overall,64.9
Johor,Johor Bahru,1/1/2022,female,30-34,overall,61.6
Johor,Johor Bahru,1/1/2022,female,35-39,overall,60.1
Johor,Johor Bahru,1/1/2022,female,40-44,overall,53.5
Johor,Johor Bahru,1/1/2022,female,45-49,overall,46.5
Johor,Johor Bahru,1/1/2022,female,50-54,overall,44.5
Johor,Johor Bahru,1/1/2022,female,55-59,overall,39
Johor,Johor Bahru,1/1/2022,female,60-64,overall,34.1
Johor,Johor Bahru,1/1/2022,female,65-69,overall,24.5
Johor,Johor Bahru,1/1/2022,female,70-74,overall,15.2
Johor,Johor Bahru,1/1/2022,female,75-79,overall,9.4
Johor,Johor Bahru,1/1/2022,female,80-84,overall,5.6
Johor,Johor Bahru,1/1/2022,female,85+,overall,4
Johor,Johor Bahru,1/1/2022,male,0-4,overall,68.3
Johor,Johor Bahru,1/1/2022,male,5-9,overall,77.6
Johor,Johor Bahru,1/1/2022,male,10-14,overall,76.9
Johor,Johor Bahru,1/1/2022,male,15-19,overall,72.2
Johor,Johor Bahru,1/1/2022,male,20-24,overall,89.2
Johor,Johor Bahru,1/1/2022,male,25-29,overall,83.5
Johor,Johor Bahru,1/1/2022,male,30-34,overall,74.8
Johor,Johor Bahru,1/1/2022,male,35-39,overall,71.1
Johor,Johor Bahru,1/1/2022,male,40-44,overall,61.8
Johor,Johor Bahru,1/1/2022,male,45-49,overall,53
Johor,Johor Bahru,1/1/2022,male,50-54,overall,46.3
Johor,Johor Bahru,1/1/2022,male,55-59,overall,42.5
Johor,Johor Bahru,1/1/2022,male,60-64,overall,35.5
Johor,Johor Bahru,1/1/2022,male,65-69,overall,23.4
Johor,Johor Bahru,1/1/2022,male,70-74,overall,14.5
Johor,Johor Bahru,1/1/2022,male,75-79,overall,8.7
Johor,Johor Bahru,1/1/2022,male,80-84,overall,5.3
Johor,Johor Bahru,1/1/2022,male,85+,overall,5
Johor,Kluang,1/1/2022,female,0-4,overall,9.3
Johor,Kluang,1/1/2022,female,5-9,overall,11.7
Johor,Kluang,1/1/2022,female,10-14,overall,14.6
Johor,Kluang,1/1/2022,female,15-19,overall,12.8
Johor,Kluang,1/1/2022,female,20-24,overall,13.2
Johor,Kluang,1/1/2022,female,25-29,overall,12
Johor,Kluang,1/1/2022,female,30-34,overall,11.5
Johor,Kluang,1/1/2022,female,35-39,overall,11.3
Johor,Kluang,1/1/2022,female,40-44,overall,10
Johor,Kluang,1/1/2022,female,45-49,overall,8.6
Johor,Kluang,1/1/2022,female,50-54,overall,8.3
Johor,Kluang,1/1/2022,female,55-59,overall,7.3
Johor,Kluang,1/1/2022,female,60-64,overall,6.3
Johor,Kluang,1/1/2022,female,65-69,overall,4.1
Johor,Kluang,1/1/2022,female,70-74,overall,2.4
Johor,Kluang,1/1/2022,female,75-79,overall,1.4
Johor,Kluang,1/1/2022,female,80-84,overall,0.8
Johor,Kluang,1/1/2022,female,85+,overall,0.4
Johor,Kluang,1/1/2022,male,0-4,overall,9.6
Johor,Kluang,1/1/2022,male,5-9,overall,11.3
Johor,Kluang,1/1/2022,male,10-14,overall,15.3
Johor,Kluang,1/1/2022,male,15-19,overall,14.8
Johor,Kluang,1/1/2022,male,20-24,overall,19.5
Johor,Kluang,1/1/2022,male,25-29,overall,18.6
Johor,Kluang,1/1/2022,male,30-34,overall,16
Johor,Kluang,1/1/2022,male,35-39,overall,14.7
Johor,Kluang,1/1/2022,male,40-44,overall,12.4
Johor,Kluang,1/1/2022,male,45-49,overall,10.4
Johor,Kluang,1/1/2022,male,50-54,overall,9
Johor,Kluang,1/1/2022,male,55-59,overall,8.2
Johor,Kluang,1/1/2022,male,60-64,overall,6.7
Johor,Kluang,1/1/2022,male,65-69,overall,4.7
Johor,Kluang,1/1/2022,male,70-74,overall,2.8
Johor,Kluang,1/1/2022,male,75-79,overall,1.6
Johor,Kluang,1/1/2022,male,80-84,overall,1
Johor,Kluang,1/1/2022,male,85+,overall,1
Johor,Kota Tinggi,1/1/2022,female,0-4,overall,8.7
Johor,Kota Tinggi,1/1/2022,female,5-9,overall,8.2
Johor,Kota Tinggi,1/1/2022,female,10-14,overall,8.9
Johor,Kota Tinggi,1/1/2022,female,15-19,overall,9
Johor,Kota Tinggi,1/1/2022,female,20-24,overall,9.8
Johor,Kota Tinggi,1/1/2022,female,25-29,overall,8.8
Johor,Kota Tinggi,1/1/2022,female,30-34,overall,8.6
Johor,Kota Tinggi,1/1/2022,female,35-39,overall,8.5
Johor,Kota Tinggi,1/1/2022,female,40-44,overall,7.2
Johor,Kota Tinggi,1/1/2022,female,45-49,overall,5.9
Johor,Kota Tinggi,1/1/2022,female,50-54,overall,5.7
Johor,Kota Tinggi,1/1/2022,female,55-59,overall,5.1
Johor,Kota Tinggi,1/1/2022,female,60-64,overall,4.4
Johor,Kota Tinggi,1/1/2022,female,65-69,overall,3.1
Johor,Kota Tinggi,1/1/2022,female,70-74,overall,1.8
Johor,Kota Tinggi,1/1/2022,female,75-79,overall,1.1
Johor,Kota Tinggi,1/1/2022,female,80-84,overall,0.7
Johor,Kota Tinggi,1/1/2022,female,85+,overall,0.5
Johor,Kota Tinggi,1/1/2022,male,0-4,overall,8.8
Johor,Kota Tinggi,1/1/2022,male,5-9,overall,8.5
Johor,Kota Tinggi,1/1/2022,male,10-14,overall,9.6
Johor,Kota Tinggi,1/1/2022,male,15-19,overall,10.2
Johor,Kota Tinggi,1/1/2022,male,20-24,overall,12.5
Johor,Kota Tinggi,1/1/2022,male,25-29,overall,11.6
Johor,Kota Tinggi,1/1/2022,male,30-34,overall,10.6
Johor,Kota Tinggi,1/1/2022,male,35-39,overall,9.9
Johor,Kota Tinggi,1/1/2022,male,40-44,overall,8.3
Johor,Kota Tinggi,1/1/2022,male,45-49,overall,6.7
Johor,Kota Tinggi,1/1/2022,male,50-54,overall,5.9
Johor,Kota Tinggi,1/1/2022,male,55-59,overall,5.5
Johor,Kota Tinggi,1/1/2022,male,60-64,overall,4.6
Johor,Kota Tinggi,1/1/2022,male,65-69,overall,2.8
Johor,Kota Tinggi,1/1/2022,male,70-74,overall,1.6
Johor,Kota Tinggi,1/1/2022,male,75-79,overall,0.8
Johor,Kota Tinggi,1/1/2022,male,80-84,overall,0.5
Johor,Kota Tinggi,1/1/2022,male,85+,overall,0.5
Johor,Kulai,1/1/2022,female,0-4,overall,9.6
Johor,Kulai,1/1/2022,female,5-9,overall,10.6
Johor,Kulai,1/1/2022,female,10-14,overall,11.8
Johor,Kulai,1/1/2022,female,15-19,overall,12.5
Johor,Kulai,1/1/2022,female,20-24,overall,15
Johor,Kulai,1/1/2022,female,25-29,overall,13.5
Johor,Kulai,1/1/2022,female,30-34,overall,12.7
Johor,Kulai,1/1/2022,female,35-39,overall,12.1
Johor,Kulai,1/1/2022,female,40-44,overall,10.7
Johor,Kulai,1/1/2022,female,45-49,overall,9.2
Johor,Kulai,1/1/2022,female,50-54,overall,8.7
Johor,Kulai,1/1/2022,female,55-59,overall,7.6
Johor,Kulai,1/1/2022,female,60-64,overall,6.6
Johor,Kulai,1/1/2022,female,65-69,overall,5.1
Johor,Kulai,1/1/2022,female,70-74,overall,3.2
Johor,Kulai,1/1/2022,female,75-79,overall,1.9
Johor,Kulai,1/1/2022,female,80-84,overall,1.2
Johor,Kulai,1/1/2022,female,85+,overall,0.8
Johor,Kulai,1/1/2022,male,0-4,overall,10.2
Johor,Kulai,1/1/2022,male,5-9,overall,11.3
Johor,Kulai,1/1/2022,male,10-14,overall,12.9
Johor,Kulai,1/1/2022,male,15-19,overall,14
Johor,Kulai,1/1/2022,male,20-24,overall,19.7
Johor,Kulai,1/1/2022,male,25-29,overall,19
Johor,Kulai,1/1/2022,male,30-34,overall,16.2
Johor,Kulai,1/1/2022,male,35-39,overall,14.8
Johor,Kulai,1/1/2022,male,40-44,overall,12.5
Johor,Kulai,1/1/2022,male,45-49,overall,10.5
Johor,Kulai,1/1/2022,male,50-54,overall,9.1
Johor,Kulai,1/1/2022,male,55-59,overall,8.3
Johor,Kulai,1/1/2022,male,60-64,overall,6.9
Johor,Kulai,1/1/2022,male,65-69,overall,4.6
Johor,Kulai,1/1/2022,male,70-74,overall,2.8
Johor,Kulai,1/1/2022,male,75-79,overall,1.7
Johor,Kulai,1/1/2022,male,80-84,overall,1
Johor,Kulai,1/1/2022,male,85+,overall,1
Johor,Mersing,1/1/2022,female,0-4,overall,3
Johor,Mersing,1/1/2022,female,5-9,overall,2.7
Johor,Mersing,1/1/2022,female,10-14,overall,3.4
Johor,Mersing,1/1/2022,female,15-19,overall,3.2
Johor,Mersing,1/1/2022,female,20-24,overall,3.4
Johor,Mersing,1/1/2022,female,25-29,overall,3.1
Johor,Mersing,1/1/2022,female,30-34,overall,3
Johor,Mersing,1/1/2022,female,35-39,overall,3
Johor,Mersing,1/1/2022,female,40-44,overall,2.5
Johor,Mersing,1/1/2022,female,45-49,overall,2.1
Johor,Mersing,1/1/2022,female,50-54,overall,2
Johor,Mersing,1/1/2022,female,55-59,overall,1.8
Johor,Mersing,1/1/2022,female,60-64,overall,1.5
Johor,Mersing,1/1/2022,female,65-69,overall,1
Johor,Mersing,1/1/2022,female,70-74,overall,0.6
Johor,Mersing,1/1/2022,female,75-79,overall,0.3
Johor,Mersing,1/1/2022,female,80-84,overall,0.2
Johor,Mersing,1/1/2022,female,85+,overall,0.1
Johor,Mersing,1/1/2022,male,0-4,overall,3.1
Johor,Mersing,1/1/2022,male,5-9,overall,2.8
Johor,Mersing,1/1/2022,male,10-14,overall,3.7
Johor,Mersing,1/1/2022,male,15-19,overall,3.6
Johor,Mersing,1/1/2022,male,20-24,overall,4.4
Johor,Mersing,1/1/2022,male,25-29,overall,4
Johor,Mersing,1/1/2022,male,30-34,overall,3.7
Johor,Mersing,1/1/2022,male,35-39,overall,3.5
Johor,Mersing,1/1/2022,male,40-44,overall,2.9
Johor,Mersing,1/1/2022,male,45-49,overall,2.4
Johor,Mersing,1/1/2022,male,50-54,overall,2.1
Johor,Mersing,1/1/2022,male,55-59,overall,1.9
Johor,Mersing,1/1/2022,male,60-64,overall,1.6
Johor,Mersing,1/1/2022,male,65-69,overall,1
Johor,Mersing,1/1/2022,male,70-74,overall,0.6
Johor,Mersing,1/1/2022,male,75-79,overall,0.3
Johor,Mersing,1/1/2022,male,80-84,overall,0.2
Johor,Mersing,1/1/2022,male,85+,overall,0.2
Johor,Muar,1/1/2022,female,0-4,overall,9.6
Johor,Muar,1/1/2022,female,5-9,overall,11.9
Johor,Muar,1/1/2022,female,10-14,overall,12.8
Johor,Muar,1/1/2022,female,15-19,overall,12.2
Johor,Muar,1/1/2022,female,20-24,overall,12.6
Johor,Muar,1/1/2022,female,25-29,overall,11.5
Johor,Muar,1/1/2022,female,30-34,overall,11.1
Johor,Muar,1/1/2022,female,35-39,overall,11
Johor,Muar,1/1/2022,female,40-44,overall,9.6
Johor,Muar,1/1/2022,female,45-49,overall,8.3
Johor,Muar,1/1/2022,female,50-54,overall,8
Johor,Muar,1/1/2022,female,55-59,overall,7.2
Johor,Muar,1/1/2022,female,60-64,overall,6.2
Johor,Muar,1/1/2022,female,65-69,overall,4.6
Johor,Muar,1/1/2022,female,70-74,overall,2.9
Johor,Muar,1/1/2022,female,75-79,overall,1.7
Johor,Muar,1/1/2022,female,80-84,overall,1
Johor,Muar,1/1/2022,female,85+,overall,0.5
Johor,Muar,1/1/2022,male,0-4,overall,9.4
Johor,Muar,1/1/2022,male,5-9,overall,11.8
Johor,Muar,1/1/2022,male,10-14,overall,13.5
Johor,Muar,1/1/2022,male,15-19,overall,13.9
Johor,Muar,1/1/2022,male,20-24,overall,18.9
Johor,Muar,1/1/2022,male,25-29,overall,18.3
Johor,Muar,1/1/2022,male,30-34,overall,15.6
Johor,Muar,1/1/2022,male,35-39,overall,14.1
Johor,Muar,1/1/2022,male,40-44,overall,11.7
Johor,Muar,1/1/2022,male,45-49,overall,9.8
Johor,Muar,1/1/2022,male,50-54,overall,8.6
Johor,Muar,1/1/2022,male,55-59,overall,7.8
Johor,Muar,1/1/2022,male,60-64,overall,6.5
Johor,Muar,1/1/2022,male,65-69,overall,4.6
Johor,Muar,1/1/2022,male,70-74,overall,2.9
Johor,Muar,1/1/2022,male,75-79,overall,1.7
Johor,Muar,1/1/2022,male,80-84,overall,1
Johor,Muar,1/1/2022,male,85+,overall,0.9
Johor,Pontian,1/1/2022,female,0-4,overall,5.9
Johor,Pontian,1/1/2022,female,5-9,overall,6.6
Johor,Pontian,1/1/2022,female,10-14,overall,6.9
Johor,Pontian,1/1/2022,female,15-19,overall,6.8
Johor,Pontian,1/1/2022,female,20-24,overall,7.4
Johor,Pontian,1/1/2022,female,25-29,overall,6.7
Johor,Pontian,1/1/2022,female,30-34,overall,6.5
Johor,Pontian,1/1/2022,female,35-39,overall,6.4
Johor,Pontian,1/1/2022,female,40-44,overall,5.5
Johor,Pontian,1/1/2022,female,45-49,overall,4.7
Johor,Pontian,1/1/2022,female,50-54,overall,4.5
Johor,Pontian,1/1/2022,female,55-59,overall,4
Johor,Pontian,1/1/2022,female,60-64,overall,3.5
Johor,Pontian,1/1/2022,female,65-69,overall,2.5
Johor,Pontian,1/1/2022,female,70-74,overall,1.5
Johor,Pontian,1/1/2022,female,75-79,overall,0.9
Johor,Pontian,1/1/2022,female,80-84,overall,0.5
Johor,Pontian,1/1/2022,female,85+,overall,0.2
Johor,Pontian,1/1/2022,male,0-4,overall,5.8
Johor,Pontian,1/1/2022,male,5-9,overall,6.8
Johor,Pontian,1/1/2022,male,10-14,overall,7.5
Johor,Pontian,1/1/2022,male,15-19,overall,7.7
Johor,Pontian,1/1/2022,male,20-24,overall,9.8
Johor,Pontian,1/1/2022,male,25-29,overall,9.3
Johor,Pontian,1/1/2022,male,30-34,overall,8.2
Johor,Pontian,1/1/2022,male,35-39,overall,7.6
Johor,Pontian,1/1/2022,male,40-44,overall,6.4
Johor,Pontian,1/1/2022,male,45-49,overall,5.4
Johor,Pontian,1/1/2022,male,50-54,overall,4.7
Johor,Pontian,1/1/2022,male,55-59,overall,4.3
Johor,Pontian,1/1/2022,male,60-64,overall,3.6
Johor,Pontian,1/1/2022,male,65-69,overall,2.4
Johor,Pontian,1/1/2022,male,70-74,overall,1.5
Johor,Pontian,1/1/2022,male,75-79,overall,0.8
Johor,Pontian,1/1/2022,male,80-84,overall,0.5
Johor,Pontian,1/1/2022,male,85+,overall,0.3
Johor,Segamat,1/1/2022,female,0-4,overall,6
Johor,Segamat,1/1/2022,female,5-9,overall,6
Johor,Segamat,1/1/2022,female,10-14,overall,7.3
Johor,Segamat,1/1/2022,female,15-19,overall,8.2
Johor,Segamat,1/1/2022,female,20-24,overall,9
Johor,Segamat,1/1/2022,female,25-29,overall,8.2
Johor,Segamat,1/1/2022,female,30-34,overall,7.9
Johor,Segamat,1/1/2022,female,35-39,overall,7.8
Johor,Segamat,1/1/2022,female,40-44,overall,6.9
Johor,Segamat,1/1/2022,female,45-49,overall,6
Johor,Segamat,1/1/2022,female,50-54,overall,5.8
Johor,Segamat,1/1/2022,female,55-59,overall,5
Johor,Segamat,1/1/2022,female,60-64,overall,4.4
Johor,Segamat,1/1/2022,female,65-69,overall,3.1
Johor,Segamat,1/1/2022,female,70-74,overall,1.8
Johor,Segamat,1/1/2022,female,75-79,overall,1.1
Johor,Segamat,1/1/2022,female,80-84,overall,0.6
Johor,Segamat,1/1/2022,female,85+,overall,0.3
Johor,Segamat,1/1/2022,male,0-4,overall,6.1
Johor,Segamat,1/1/2022,male,5-9,overall,5.9
Johor,Segamat,1/1/2022,male,10-14,overall,7.6
Johor,Segamat,1/1/2022,male,15-19,overall,8.8
Johor,Segamat,1/1/2022,male,20-24,overall,10.9
Johor,Segamat,1/1/2022,male,25-29,overall,10.2
Johor,Segamat,1/1/2022,male,30-34,overall,9.2
Johor,Segamat,1/1/2022,male,35-39,overall,8.7
Johor,Segamat,1/1/2022,male,40-44,overall,7.6
Johor,Segamat,1/1/2022,male,45-49,overall,6.4
Johor,Segamat,1/1/2022,male,50-54,overall,5.6
Johor,Segamat,1/1/2022,male,55-59,overall,5.2
Johor,Segamat,1/1/2022,male,60-64,overall,4.3
Johor,Segamat,1/1/2022,male,65-69,overall,2.8
Johor,Segamat,1/1/2022,male,70-74,overall,1.7
Johor,Segamat,1/1/2022,male,75-79,overall,1
Johor,Segamat,1/1/2022,male,80-84,overall,0.5
Johor,Segamat,1/1/2022,male,85+,overall,0.4
Johor,Tangkak,1/1/2022,female,0-4,overall,4.6
Johor,Tangkak,1/1/2022,female,5-9,overall,5.5
Johor,Tangkak,1/1/2022,female,10-14,overall,6.7
Johor,Tangkak,1/1/2022,female,15-19,overall,7
Johor,Tangkak,1/1/2022,female,20-24,overall,7.4
Johor,Tangkak,1/1/2022,female,25-29,overall,6.7
Johor,Tangkak,1/1/2022,female,30-34,overall,6.5
Johor,Tangkak,1/1/2022,female,35-39,overall,6.3
Johor,Tangkak,1/1/2022,female,40-44,overall,5.6
Johor,Tangkak,1/1/2022,female,45-49,overall,4.7
Johor,Tangkak,1/1/2022,female,50-54,overall,4.6
Johor,Tangkak,1/1/2022,female,55-59,overall,4.1
Johor,Tangkak,1/1/2022,female,60-64,overall,3.5
Johor,Tangkak,1/1/2022,female,65-69,overall,2.5
Johor,Tangkak,1/1/2022,female,70-74,overall,1.5
Johor,Tangkak,1/1/2022,female,75-79,overall,0.9
Johor,Tangkak,1/1/2022,female,80-84,overall,0.5
Johor,Tangkak,1/1/2022,female,85+,overall,0.6
Johor,Tangkak,1/1/2022,male,0-4,overall,4.5
Johor,Tangkak,1/1/2022,male,5-9,overall,5.6
Johor,Tangkak,1/1/2022,male,10-14,overall,7.1
Johor,Tangkak,1/1/2022,male,15-19,overall,7.6
Johor,Tangkak,1/1/2022,male,20-24,overall,8.8
Johor,Tangkak,1/1/2022,male,25-29,overall,8.1
Johor,Tangkak,1/1/2022,male,30-34,overall,7.4
Johor,Tangkak,1/1/2022,male,35-39,overall,7.1
Johor,Tangkak,1/1/2022,male,40-44,overall,6.1
Johor,Tangkak,1/1/2022,male,45-49,overall,5.2
Johor,Tangkak,1/1/2022,male,50-54,overall,4.6
Johor,Tangkak,1/1/2022,male,55-59,overall,4.2
Johor,Tangkak,1/1/2022,male,60-64,overall,3.5
Johor,Tangkak,1/1/2022,male,65-69,overall,2.3
Johor,Tangkak,1/1/2022,male,70-74,overall,1.4
Johor,Tangkak,1/1/2022,male,75-79,overall,0.8
Johor,Tangkak,1/1/2022,male,80-84,overall,0.4
Johor,Tangkak,1/1/2022,male,85+,overall,0.5
Kedah,Baling,1/1/2022,female,0-4,overall,6.3
Kedah,Baling,1/1/2022,female,5-9,overall,6.4
Kedah,Baling,1/1/2022,female,10-14,overall,6.1
Kedah,Baling,1/1/2022,female,15-19,overall,5.8
Kedah,Baling,1/1/2022,female,20-24,overall,6.5
Kedah,Baling,1/1/2022,female,25-29,overall,6.4
Kedah,Baling,1/1/2022,female,30-34,overall,5.1
Kedah,Baling,1/1/2022,female,35-39,overall,4.5
Kedah,Baling,1/1/2022,female,40-44,overall,3.9
Kedah,Baling,1/1/2022,female,45-49,overall,3.6
Kedah,Baling,1/1/2022,female,50-54,overall,3.7
Kedah,Baling,1/1/2022,female,55-59,overall,3.4
Kedah,Baling,1/1/2022,female,60-64,overall,3
Kedah,Baling,1/1/2022,female,65-69,overall,2.4
Kedah,Baling,1/1/2022,female,70-74,overall,1.7
Kedah,Baling,1/1/2022,female,75-79,overall,1.1
Kedah,Baling,1/1/2022,female,80-84,overall,0.6
Kedah,Baling,1/1/2022,female,85+,overall,0.3
Kedah,Baling,1/1/2022,male,0-4,overall,6.8
Kedah,Baling,1/1/2022,male,5-9,overall,6.8
Kedah,Baling,1/1/2022,male,10-14,overall,6.5
Kedah,Baling,1/1/2022,male,15-19,overall,6.4
Kedah,Baling,1/1/2022,male,20-24,overall,7.7
Kedah,Baling,1/1/2022,male,25-29,overall,7.4
Kedah,Baling,1/1/2022,male,30-34,overall,5.7
Kedah,Baling,1/1/2022,male,35-39,overall,4.6
Kedah,Baling,1/1/2022,male,40-44,overall,4
Kedah,Baling,1/1/2022,male,45-49,overall,3.7
Kedah,Baling,1/1/2022,male,50-54,overall,3.4
Kedah,Baling,1/1/2022,male,55-59,overall,3.3
Kedah,Baling,1/1/2022,male,60-64,overall,2.8
Kedah,Baling,1/1/2022,male,65-69,overall,2.1
Kedah,Baling,1/1/2022,male,70-74,overall,1.5
Kedah,Baling,1/1/2022,male,75-79,overall,0.9
Kedah,Baling,1/1/2022,male,80-84,overall,0.5
Kedah,Baling,1/1/2022,male,85+,overall,0.3
Kedah,Bandar Baharu,1/1/2022,female,0-4,overall,1.8
Kedah,Bandar Baharu,1/1/2022,female,5-9,overall,1.9
Kedah,Bandar Baharu,1/1/2022,female,10-14,overall,1.9
Kedah,Bandar Baharu,1/1/2022,female,15-19,overall,1.8
Kedah,Bandar Baharu,1/1/2022,female,20-24,overall,2
Kedah,Bandar Baharu,1/1/2022,female,25-29,overall,2
Kedah,Bandar Baharu,1/1/2022,female,30-34,overall,1.6
Kedah,Bandar Baharu,1/1/2022,female,35-39,overall,1.4
Kedah,Bandar Baharu,1/1/2022,female,40-44,overall,1.2
Kedah,Bandar Baharu,1/1/2022,female,45-49,overall,1.1
Kedah,Bandar Baharu,1/1/2022,female,50-54,overall,1.2
Kedah,Bandar Baharu,1/1/2022,female,55-59,overall,1.1
Kedah,Bandar Baharu,1/1/2022,female,60-64,overall,1
Kedah,Bandar Baharu,1/1/2022,female,65-69,overall,0.8
Kedah,Bandar Baharu,1/1/2022,female,70-74,overall,0.6
Kedah,Bandar Baharu,1/1/2022,female,75-79,overall,0.3
Kedah,Bandar Baharu,1/1/2022,female,80-84,overall,0.2
Kedah,Bandar Baharu,1/1/2022,female,85+,overall,0.1
Kedah,Bandar Baharu,1/1/2022,male,0-4,overall,1.9
Kedah,Bandar Baharu,1/1/2022,male,5-9,overall,2
Kedah,Bandar Baharu,1/1/2022,male,10-14,overall,2
Kedah,Bandar Baharu,1/1/2022,male,15-19,overall,1.9
Kedah,Bandar Baharu,1/1/2022,male,20-24,overall,2.4
Kedah,Bandar Baharu,1/1/2022,male,25-29,overall,2.3
Kedah,Bandar Baharu,1/1/2022,male,30-34,overall,1.8
Kedah,Bandar Baharu,1/1/2022,male,35-39,overall,1.4
Kedah,Bandar Baharu,1/1/2022,male,40-44,overall,1.3
Kedah,Bandar Baharu,1/1/2022,male,45-49,overall,1.2
Kedah,Bandar Baharu,1/1/2022,male,50-54,overall,1.1
Kedah,Bandar Baharu,1/1/2022,male,55-59,overall,1
Kedah,Bandar Baharu,1/1/2022,male,60-64,overall,0.9
Kedah,Bandar Baharu,1/1/2022,male,65-69,overall,0.7
Kedah,Bandar Baharu,1/1/2022,male,70-74,overall,0.5
Kedah,Bandar Baharu,1/1/2022,male,75-79,overall,0.2
Kedah,Bandar Baharu,1/1/2022,male,80-84,overall,0.1
Kedah,Bandar Baharu,1/1/2022,male,85+,overall,0.1
Kedah,Kota Setar,1/1/2022,female,0-4,overall,14.5
Kedah,Kota Setar,1/1/2022,female,5-9,overall,15.3
Kedah,Kota Setar,1/1/2022,female,10-14,overall,15.2
Kedah,Kota Setar,1/1/2022,female,15-19,overall,15.1
Kedah,Kota Setar,1/1/2022,female,20-24,overall,17.4
Kedah,Kota Setar,1/1/2022,female,25-29,overall,17.4
Kedah,Kota Setar,1/1/2022,female,30-34,overall,14.4
Kedah,Kota Setar,1/1/2022,female,35-39,overall,12
Kedah,Kota Setar,1/1/2022,female,40-44,overall,10.6
Kedah,Kota Setar,1/1/2022,female,45-49,overall,10.3
Kedah,Kota Setar,1/1/2022,female,50-54,overall,10.4
Kedah,Kota Setar,1/1/2022,female,55-59,overall,9.7
Kedah,Kota Setar,1/1/2022,female,60-64,overall,8.8
Kedah,Kota Setar,1/1/2022,female,65-69,overall,7.2
Kedah,Kota Setar,1/1/2022,female,70-74,overall,4.9
Kedah,Kota Setar,1/1/2022,female,75-79,overall,3
Kedah,Kota Setar,1/1/2022,female,80-84,overall,2
Kedah,Kota Setar,1/1/2022,female,85+,overall,1.2
Kedah,Kota Setar,1/1/2022,male,0-4,overall,15.5
Kedah,Kota Setar,1/1/2022,male,5-9,overall,16.3
Kedah,Kota Setar,1/1/2022,male,10-14,overall,16.2
Kedah,Kota Setar,1/1/2022,male,15-19,overall,15.7
Kedah,Kota Setar,1/1/2022,male,20-24,overall,18.7
Kedah,Kota Setar,1/1/2022,male,25-29,overall,18.4
Kedah,Kota Setar,1/1/2022,male,30-34,overall,14
Kedah,Kota Setar,1/1/2022,male,35-39,overall,11.5
Kedah,Kota Setar,1/1/2022,male,40-44,overall,10.2
Kedah,Kota Setar,1/1/2022,male,45-49,overall,9.7
Kedah,Kota Setar,1/1/2022,male,50-54,overall,9.1
Kedah,Kota Setar,1/1/2022,male,55-59,overall,8.9
Kedah,Kota Setar,1/1/2022,male,60-64,overall,7.9
Kedah,Kota Setar,1/1/2022,male,65-69,overall,6.1
Kedah,Kota Setar,1/1/2022,male,70-74,overall,4.4
Kedah,Kota Setar,1/1/2022,male,75-79,overall,2.5
Kedah,Kota Setar,1/1/2022,male,80-84,overall,1.4
Kedah,Kota Setar,1/1/2022,male,85+,overall,1.1
Kedah,Kuala Muda,1/1/2022,female,0-4,overall,19.4
Kedah,Kuala Muda,1/1/2022,female,5-9,overall,21.6
Kedah,Kuala Muda,1/1/2022,female,10-14,overall,22
Kedah,Kuala Muda,1/1/2022,female,15-19,overall,21.6
Kedah,Kuala Muda,1/1/2022,female,20-24,overall,24.6
Kedah,Kuala Muda,1/1/2022,female,25-29,overall,24.4
Kedah,Kuala Muda,1/1/2022,female,30-34,overall,20.4
Kedah,Kuala Muda,1/1/2022,female,35-39,overall,17.4
Kedah,Kuala Muda,1/1/2022,female,40-44,overall,15.2
Kedah,Kuala Muda,1/1/2022,female,45-49,overall,14.6
Kedah,Kuala Muda,1/1/2022,female,50-54,overall,14.8
Kedah,Kuala Muda,1/1/2022,female,55-59,overall,14
Kedah,Kuala Muda,1/1/2022,female,60-64,overall,12.8
Kedah,Kuala Muda,1/1/2022,female,65-69,overall,10.1
Kedah,Kuala Muda,1/1/2022,female,70-74,overall,6.8
Kedah,Kuala Muda,1/1/2022,female,75-79,overall,4.2
Kedah,Kuala Muda,1/1/2022,female,80-84,overall,2.9
Kedah,Kuala Muda,1/1/2022,female,85+,overall,1.9
Kedah,Kuala Muda,1/1/2022,male,0-4,overall,20.8
Kedah,Kuala Muda,1/1/2022,male,5-9,overall,21.8
Kedah,Kuala Muda,1/1/2022,male,10-14,overall,21.7
Kedah,Kuala Muda,1/1/2022,male,15-19,overall,22.9
Kedah,Kuala Muda,1/1/2022,male,20-24,overall,30.8
Kedah,Kuala Muda,1/1/2022,male,25-29,overall,31.3
Kedah,Kuala Muda,1/1/2022,male,30-34,overall,23.2
Kedah,Kuala Muda,1/1/2022,male,35-39,overall,18.6
Kedah,Kuala Muda,1/1/2022,male,40-44,overall,15.8
Kedah,Kuala Muda,1/1/2022,male,45-49,overall,14.2
Kedah,Kuala Muda,1/1/2022,male,50-54,overall,13.1
Kedah,Kuala Muda,1/1/2022,male,55-59,overall,12.6
Kedah,Kuala Muda,1/1/2022,male,60-64,overall,11.2
Kedah,Kuala Muda,1/1/2022,male,65-69,overall,9.1
Kedah,Kuala Muda,1/1/2022,male,70-74,overall,6.8
Kedah,Kuala Muda,1/1/2022,male,75-79,overall,3.9
Kedah,Kuala Muda,1/1/2022,male,80-84,overall,2.3
Kedah,Kuala Muda,1/1/2022,male,85+,overall,1.8
Kedah,Kubang Pasu,1/1/2022,female,0-4,overall,10
Kedah,Kubang Pasu,1/1/2022,female,5-9,overall,10.8
Kedah,Kubang Pasu,1/1/2022,female,10-14,overall,10.4
Kedah,Kubang Pasu,1/1/2022,female,15-19,overall,10.2
Kedah,Kubang Pasu,1/1/2022,female,20-24,overall,11.8
Kedah,Kubang Pasu,1/1/2022,female,25-29,overall,11.6
Kedah,Kubang Pasu,1/1/2022,female,30-34,overall,9.3
Kedah,Kubang Pasu,1/1/2022,female,35-39,overall,8.3
Kedah,Kubang Pasu,1/1/2022,female,40-44,overall,7.2
Kedah,Kubang Pasu,1/1/2022,female,45-49,overall,6.7
Kedah,Kubang Pasu,1/1/2022,female,50-54,overall,6.8
Kedah,Kubang Pasu,1/1/2022,female,55-59,overall,6.2
Kedah,Kubang Pasu,1/1/2022,female,60-64,overall,5.6
Kedah,Kubang Pasu,1/1/2022,female,65-69,overall,4.5
Kedah,Kubang Pasu,1/1/2022,female,70-74,overall,3.1
Kedah,Kubang Pasu,1/1/2022,female,75-79,overall,2
Kedah,Kubang Pasu,1/1/2022,female,80-84,overall,1.4
Kedah,Kubang Pasu,1/1/2022,female,85+,overall,0.7
Kedah,Kubang Pasu,1/1/2022,male,0-4,overall,10.7
Kedah,Kubang Pasu,1/1/2022,male,5-9,overall,11.4
Kedah,Kubang Pasu,1/1/2022,male,10-14,overall,10.8
Kedah,Kubang Pasu,1/1/2022,male,15-19,overall,10.5
Kedah,Kubang Pasu,1/1/2022,male,20-24,overall,12.4
Kedah,Kubang Pasu,1/1/2022,male,25-29,overall,12
Kedah,Kubang Pasu,1/1/2022,male,30-34,overall,9.2
Kedah,Kubang Pasu,1/1/2022,male,35-39,overall,7.5
Kedah,Kubang Pasu,1/1/2022,male,40-44,overall,6.6
Kedah,Kubang Pasu,1/1/2022,male,45-49,overall,6.2
Kedah,Kubang Pasu,1/1/2022,male,50-54,overall,5.8
Kedah,Kubang Pasu,1/1/2022,male,55-59,overall,5.6
Kedah,Kubang Pasu,1/1/2022,male,60-64,overall,4.8
Kedah,Kubang Pasu,1/1/2022,male,65-69,overall,3.8
Kedah,Kubang Pasu,1/1/2022,male,70-74,overall,2.7
Kedah,Kubang Pasu,1/1/2022,male,75-79,overall,1.6
Kedah,Kubang Pasu,1/1/2022,male,80-84,overall,1.1
Kedah,Kubang Pasu,1/1/2022,male,85+,overall,0.6
Kedah,Kulim,1/1/2022,female,0-4,overall,11.9
Kedah,Kulim,1/1/2022,female,5-9,overall,12.8
Kedah,Kulim,1/1/2022,female,10-14,overall,13
Kedah,Kulim,1/1/2022,female,15-19,overall,13.2
Kedah,Kulim,1/1/2022,female,20-24,overall,15.6
Kedah,Kulim,1/1/2022,female,25-29,overall,15.5
Kedah,Kulim,1/1/2022,female,30-34,overall,12.9
Kedah,Kulim,1/1/2022,female,35-39,overall,11.1
Kedah,Kulim,1/1/2022,female,40-44,overall,9.7
Kedah,Kulim,1/1/2022,female,45-49,overall,9.1
Kedah,Kulim,1/1/2022,female,50-54,overall,9.1
Kedah,Kulim,1/1/2022,female,55-59,overall,8.7
Kedah,Kulim,1/1/2022,female,60-64,overall,7.8
Kedah,Kulim,1/1/2022,female,65-69,overall,6.4
Kedah,Kulim,1/1/2022,female,70-74,overall,4.3
Kedah,Kulim,1/1/2022,female,75-79,overall,2.6
Kedah,Kulim,1/1/2022,female,80-84,overall,1.7
Kedah,Kulim,1/1/2022,female,85+,overall,1.4
Kedah,Kulim,1/1/2022,male,0-4,overall,12.8
Kedah,Kulim,1/1/2022,male,5-9,overall,13.6
Kedah,Kulim,1/1/2022,male,10-14,overall,13.8
Kedah,Kulim,1/1/2022,male,15-19,overall,14.5
Kedah,Kulim,1/1/2022,male,20-24,overall,18.8
Kedah,Kulim,1/1/2022,male,25-29,overall,18.6
Kedah,Kulim,1/1/2022,male,30-34,overall,14.1
Kedah,Kulim,1/1/2022,male,35-39,overall,11.5
Kedah,Kulim,1/1/2022,male,40-44,overall,10
Kedah,Kulim,1/1/2022,male,45-49,overall,9.1
Kedah,Kulim,1/1/2022,male,50-54,overall,8.4
Kedah,Kulim,1/1/2022,male,55-59,overall,8.2
Kedah,Kulim,1/1/2022,male,60-64,overall,7.3
Kedah,Kulim,1/1/2022,male,65-69,overall,5.5
Kedah,Kulim,1/1/2022,male,70-74,overall,3.9
Kedah,Kulim,1/1/2022,male,75-79,overall,2.2
Kedah,Kulim,1/1/2022,male,80-84,overall,1.3
Kedah,Kulim,1/1/2022,male,85+,overall,1
Kedah,Langkawi,1/1/2022,female,0-4,overall,4.2
Kedah,Langkawi,1/1/2022,female,5-9,overall,4.1
Kedah,Langkawi,1/1/2022,female,10-14,overall,3.9
Kedah,Langkawi,1/1/2022,female,15-19,overall,3.7
Kedah,Langkawi,1/1/2022,female,20-24,overall,4.4
Kedah,Langkawi,1/1/2022,female,25-29,overall,4.3
Kedah,Langkawi,1/1/2022,female,30-34,overall,3.4
Kedah,Langkawi,1/1/2022,female,35-39,overall,3
Kedah,Langkawi,1/1/2022,female,40-44,overall,2.6
Kedah,Langkawi,1/1/2022,female,45-49,overall,2.4
Kedah,Langkawi,1/1/2022,female,50-54,overall,2.5
Kedah,Langkawi,1/1/2022,female,55-59,overall,2.2
Kedah,Langkawi,1/1/2022,female,60-64,overall,2
Kedah,Langkawi,1/1/2022,female,65-69,overall,1.5
Kedah,Langkawi,1/1/2022,female,70-74,overall,1
Kedah,Langkawi,1/1/2022,female,75-79,overall,0.6
Kedah,Langkawi,1/1/2022,female,80-84,overall,0.4
Kedah,Langkawi,1/1/2022,female,85+,overall,0.3
Kedah,Langkawi,1/1/2022,male,0-4,overall,4.5
Kedah,Langkawi,1/1/2022,male,5-9,overall,4.2
Kedah,Langkawi,1/1/2022,male,10-14,overall,4
Kedah,Langkawi,1/1/2022,male,15-19,overall,4.2
Kedah,Langkawi,1/1/2022,male,20-24,overall,5.3
Kedah,Langkawi,1/1/2022,male,25-29,overall,5.2
Kedah,Langkawi,1/1/2022,male,30-34,overall,3.9
Kedah,Langkawi,1/1/2022,male,35-39,overall,3.2
Kedah,Langkawi,1/1/2022,male,40-44,overall,2.7
Kedah,Langkawi,1/1/2022,male,45-49,overall,2.5
Kedah,Langkawi,1/1/2022,male,50-54,overall,2.4
Kedah,Langkawi,1/1/2022,male,55-59,overall,2.3
Kedah,Langkawi,1/1/2022,male,60-64,overall,2
Kedah,Langkawi,1/1/2022,male,65-69,overall,1.5
Kedah,Langkawi,1/1/2022,male,70-74,overall,1
Kedah,Langkawi,1/1/2022,male,75-79,overall,0.5
Kedah,Langkawi,1/1/2022,male,80-84,overall,0.3
Kedah,Langkawi,1/1/2022,male,85+,overall,0.3
Kedah,Padang Terap,1/1/2022,female,0-4,overall,2.9
Kedah,Padang Terap,1/1/2022,female,5-9,overall,2.9
Kedah,Padang Terap,1/1/2022,female,10-14,overall,2.8
Kedah,Padang Terap,1/1/2022,female,15-19,overall,2.6
Kedah,Padang Terap,1/1/2022,female,20-24,overall,2.9
Kedah,Padang Terap,1/1/2022,female,25-29,overall,2.8
Kedah,Padang Terap,1/1/2022,female,30-34,overall,2.3
Kedah,Padang Terap,1/1/2022,female,35-39,overall,2.1
Kedah,Padang Terap,1/1/2022,female,40-44,overall,1.8
Kedah,Padang Terap,1/1/2022,female,45-49,overall,1.7
Kedah,Padang Terap,1/1/2022,female,50-54,overall,1.6
Kedah,Padang Terap,1/1/2022,female,55-59,overall,1.5
Kedah,Padang Terap,1/1/2022,female,60-64,overall,1.3
Kedah,Padang Terap,1/1/2022,female,65-69,overall,1.2
Kedah,Padang Terap,1/1/2022,female,70-74,overall,0.7
Kedah,Padang Terap,1/1/2022,female,75-79,overall,0.4
Kedah,Padang Terap,1/1/2022,female,80-84,overall,0.3
Kedah,Padang Terap,1/1/2022,female,85+,overall,0.2
Kedah,Padang Terap,1/1/2022,male,0-4,overall,3.3
Kedah,Padang Terap,1/1/2022,male,5-9,overall,3.2
Kedah,Padang Terap,1/1/2022,male,10-14,overall,3
Kedah,Padang Terap,1/1/2022,male,15-19,overall,2.9
Kedah,Padang Terap,1/1/2022,male,20-24,overall,3.7
Kedah,Padang Terap,1/1/2022,male,25-29,overall,3.6
Kedah,Padang Terap,1/1/2022,male,30-34,overall,2.7
Kedah,Padang Terap,1/1/2022,male,35-39,overall,2.2
Kedah,Padang Terap,1/1/2022,male,40-44,overall,1.8
Kedah,Padang Terap,1/1/2022,male,45-49,overall,1.7
Kedah,Padang Terap,1/1/2022,male,50-54,overall,1.6
Kedah,Padang Terap,1/1/2022,male,55-59,overall,1.5
Kedah,Padang Terap,1/1/2022,male,60-64,overall,1.2
Kedah,Padang Terap,1/1/2022,male,65-69,overall,0.9
Kedah,Padang Terap,1/1/2022,male,70-74,overall,0.6
Kedah,Padang Terap,1/1/2022,male,75-79,overall,0.3
Kedah,Padang Terap,1/1/2022,male,80-84,overall,0.2
Kedah,Padang Terap,1/1/2022,male,85+,overall,0.1
Kedah,Pendang,1/1/2022,female,0-4,overall,4
Kedah,Pendang,1/1/2022,female,5-9,overall,3.8
Kedah,Pendang,1/1/2022,female,10-14,overall,3.5
Kedah,Pendang,1/1/2022,female,15-19,overall,3.7
Kedah,Pendang,1/1/2022,female,20-24,overall,4.5
Kedah,Pendang,1/1/2022,female,25-29,overall,4.4
Kedah,Pendang,1/1/2022,female,30-34,overall,3.5
Kedah,Pendang,1/1/2022,female,35-39,overall,3.2
Kedah,Pendang,1/1/2022,female,40-44,overall,2.7
Kedah,Pendang,1/1/2022,female,45-49,overall,2.5
Kedah,Pendang,1/1/2022,female,50-54,overall,2.6
Kedah,Pendang,1/1/2022,female,55-59,overall,2.3
Kedah,Pendang,1/1/2022,female,60-64,overall,2.1
Kedah,Pendang,1/1/2022,female,65-69,overall,1.7
Kedah,Pendang,1/1/2022,female,70-74,overall,1.2
Kedah,Pendang,1/1/2022,female,75-79,overall,0.7
Kedah,Pendang,1/1/2022,female,80-84,overall,0.4
Kedah,Pendang,1/1/2022,female,85+,overall,0.2
Kedah,Pendang,1/1/2022,male,0-4,overall,5.2
Kedah,Pendang,1/1/2022,male,5-9,overall,5.5
Kedah,Pendang,1/1/2022,male,10-14,overall,5.1
Kedah,Pendang,1/1/2022,male,15-19,overall,4.6
Kedah,Pendang,1/1/2022,male,20-24,overall,5.2
Kedah,Pendang,1/1/2022,male,25-29,overall,5
Kedah,Pendang,1/1/2022,male,30-34,overall,3.8
Kedah,Pendang,1/1/2022,male,35-39,overall,3.1
Kedah,Pendang,1/1/2022,male,40-44,overall,2.7
Kedah,Pendang,1/1/2022,male,45-49,overall,2.5
Kedah,Pendang,1/1/2022,male,50-54,overall,2.4
Kedah,Pendang,1/1/2022,male,55-59,overall,2.3
Kedah,Pendang,1/1/2022,male,60-64,overall,1.9
Kedah,Pendang,1/1/2022,male,65-69,overall,1.4
Kedah,Pendang,1/1/2022,male,70-74,overall,1
Kedah,Pendang,1/1/2022,male,75-79,overall,0.5
Kedah,Pendang,1/1/2022,male,80-84,overall,0.2
Kedah,Pendang,1/1/2022,male,85+,overall,0.2
Kedah,Pokok Sena,1/1/2022,female,0-4,overall,2.1
Kedah,Pokok Sena,1/1/2022,female,5-9,overall,2.2
Kedah,Pokok Sena,1/1/2022,female,10-14,overall,2.1
Kedah,Pokok Sena,1/1/2022,female,15-19,overall,1.9
Kedah,Pokok Sena,1/1/2022,female,20-24,overall,2.1
Kedah,Pokok Sena,1/1/2022,female,25-29,overall,2
Kedah,Pokok Sena,1/1/2022,female,30-34,overall,1.6
Kedah,Pokok Sena,1/1/2022,female,35-39,overall,1.4
Kedah,Pokok Sena,1/1/2022,female,40-44,overall,1.2
Kedah,Pokok Sena,1/1/2022,female,45-49,overall,1.1
Kedah,Pokok Sena,1/1/2022,female,50-54,overall,1.1
Kedah,Pokok Sena,1/1/2022,female,55-59,overall,1
Kedah,Pokok Sena,1/1/2022,female,60-64,overall,0.9
Kedah,Pokok Sena,1/1/2022,female,65-69,overall,0.8
Kedah,Pokok Sena,1/1/2022,female,70-74,overall,0.6
Kedah,Pokok Sena,1/1/2022,female,75-79,overall,0.3
Kedah,Pokok Sena,1/1/2022,female,80-84,overall,0.2
Kedah,Pokok Sena,1/1/2022,female,85+,overall,0.1
Kedah,Pokok Sena,1/1/2022,male,0-4,overall,2.3
Kedah,Pokok Sena,1/1/2022,male,5-9,overall,2.3
Kedah,Pokok Sena,1/1/2022,male,10-14,overall,2.2
Kedah,Pokok Sena,1/1/2022,male,15-19,overall,2.3
Kedah,Pokok Sena,1/1/2022,male,20-24,overall,3
Kedah,Pokok Sena,1/1/2022,male,25-29,overall,2.9
Kedah,Pokok Sena,1/1/2022,male,30-34,overall,2.2
Kedah,Pokok Sena,1/1/2022,male,35-39,overall,1.8
Kedah,Pokok Sena,1/1/2022,male,40-44,overall,1.5
Kedah,Pokok Sena,1/1/2022,male,45-49,overall,1.4
Kedah,Pokok Sena,1/1/2022,male,50-54,overall,1.3
Kedah,Pokok Sena,1/1/2022,male,55-59,overall,1.2
Kedah,Pokok Sena,1/1/2022,male,60-64,overall,1.1
Kedah,Pokok Sena,1/1/2022,male,65-69,overall,0.8
Kedah,Pokok Sena,1/1/2022,male,70-74,overall,0.5
Kedah,Pokok Sena,1/1/2022,male,75-79,overall,0.3
Kedah,Pokok Sena,1/1/2022,male,80-84,overall,0.2
Kedah,Pokok Sena,1/1/2022,male,85+,overall,0.1
Kedah,Sik,1/1/2022,female,0-4,overall,3.1
Kedah,Sik,1/1/2022,female,5-9,overall,3.1
Kedah,Sik,1/1/2022,female,10-14,overall,3
Kedah,Sik,1/1/2022,female,15-19,overall,2.8
Kedah,Sik,1/1/2022,female,20-24,overall,3.1
Kedah,Sik,1/1/2022,female,25-29,overall,3
Kedah,Sik,1/1/2022,female,30-34,overall,2.4
Kedah,Sik,1/1/2022,female,35-39,overall,2.2
Kedah,Sik,1/1/2022,female,40-44,overall,1.9
Kedah,Sik,1/1/2022,female,45-49,overall,1.7
Kedah,Sik,1/1/2022,female,50-54,overall,1.7
Kedah,Sik,1/1/2022,female,55-59,overall,1.6
Kedah,Sik,1/1/2022,female,60-64,overall,1.4
Kedah,Sik,1/1/2022,female,65-69,overall,1.1
Kedah,Sik,1/1/2022,female,70-74,overall,0.7
Kedah,Sik,1/1/2022,female,75-79,overall,0.5
Kedah,Sik,1/1/2022,female,80-84,overall,0.2
Kedah,Sik,1/1/2022,female,85+,overall,0.1
Kedah,Sik,1/1/2022,male,0-4,overall,3.2
Kedah,Sik,1/1/2022,male,5-9,overall,3.2
Kedah,Sik,1/1/2022,male,10-14,overall,3
Kedah,Sik,1/1/2022,male,15-19,overall,3
Kedah,Sik,1/1/2022,male,20-24,overall,3.7
Kedah,Sik,1/1/2022,male,25-29,overall,3.6
Kedah,Sik,1/1/2022,male,30-34,overall,2.7
Kedah,Sik,1/1/2022,male,35-39,overall,2.2
Kedah,Sik,1/1/2022,male,40-44,overall,1.9
Kedah,Sik,1/1/2022,male,45-49,overall,1.7
Kedah,Sik,1/1/2022,male,50-54,overall,1.6
Kedah,Sik,1/1/2022,male,55-59,overall,1.5
Kedah,Sik,1/1/2022,male,60-64,overall,1.3
Kedah,Sik,1/1/2022,male,65-69,overall,1
Kedah,Sik,1/1/2022,male,70-74,overall,0.7
Kedah,Sik,1/1/2022,male,75-79,overall,0.4
Kedah,Sik,1/1/2022,male,80-84,overall,0.2
Kedah,Sik,1/1/2022,male,85+,overall,0.1
Kedah,Yan,1/1/2022,female,0-4,overall,2.7
Kedah,Yan,1/1/2022,female,5-9,overall,3
Kedah,Yan,1/1/2022,female,10-14,overall,2.9
Kedah,Yan,1/1/2022,female,15-19,overall,2.9
Kedah,Yan,1/1/2022,female,20-24,overall,3.4
Kedah,Yan,1/1/2022,female,25-29,overall,3.4
Kedah,Yan,1/1/2022,female,30-34,overall,2.7
Kedah,Yan,1/1/2022,female,35-39,overall,2.4
Kedah,Yan,1/1/2022,female,40-44,overall,2.1
Kedah,Yan,1/1/2022,female,45-49,overall,1.9
Kedah,Yan,1/1/2022,female,50-54,overall,2
Kedah,Yan,1/1/2022,female,55-59,overall,1.8
Kedah,Yan,1/1/2022,female,60-64,overall,1.6
Kedah,Yan,1/1/2022,female,65-69,overall,1.3
Kedah,Yan,1/1/2022,female,70-74,overall,0.9
Kedah,Yan,1/1/2022,female,75-79,overall,0.5
Kedah,Yan,1/1/2022,female,80-84,overall,0.4
Kedah,Yan,1/1/2022,female,85+,overall,0.2
Kedah,Yan,1/1/2022,male,0-4,overall,3.3
Kedah,Yan,1/1/2022,male,5-9,overall,3.8
Kedah,Yan,1/1/2022,male,10-14,overall,3.6
Kedah,Yan,1/1/2022,male,15-19,overall,3.4
Kedah,Yan,1/1/2022,male,20-24,overall,3.8
Kedah,Yan,1/1/2022,male,25-29,overall,3.6
Kedah,Yan,1/1/2022,male,30-34,overall,2.8
Kedah,Yan,1/1/2022,male,35-39,overall,2.2
Kedah,Yan,1/1/2022,male,40-44,overall,2
Kedah,Yan,1/1/2022,male,45-49,overall,1.9
Kedah,Yan,1/1/2022,male,50-54,overall,1.8
Kedah,Yan,1/1/2022,male,55-59,overall,1.7
Kedah,Yan,1/1/2022,male,60-64,overall,1.5
Kedah,Yan,1/1/2022,male,65-69,overall,1.1
Kedah,Yan,1/1/2022,male,70-74,overall,0.8
Kedah,Yan,1/1/2022,male,75-79,overall,0.4
Kedah,Yan,1/1/2022,male,80-84,overall,0.2
Kedah,Yan,1/1/2022,male,85+,overall,0.2
Kelantan,Bachok,1/1/2022,female,0-4,overall,7.4
Kelantan,Bachok,1/1/2022,female,5-9,overall,6.9
Kelantan,Bachok,1/1/2022,female,10-14,overall,7.7
Kelantan,Bachok,1/1/2022,female,15-19,overall,10.5
Kelantan,Bachok,1/1/2022,female,20-24,overall,9.5
Kelantan,Bachok,1/1/2022,female,25-29,overall,6.4
Kelantan,Bachok,1/1/2022,female,30-34,overall,5
Kelantan,Bachok,1/1/2022,female,35-39,overall,4.5
Kelantan,Bachok,1/1/2022,female,40-44,overall,3.9
Kelantan,Bachok,1/1/2022,female,45-49,overall,4.1
Kelantan,Bachok,1/1/2022,female,50-54,overall,4
Kelantan,Bachok,1/1/2022,female,55-59,overall,3.8
Kelantan,Bachok,1/1/2022,female,60-64,overall,3.2
Kelantan,Bachok,1/1/2022,female,65-69,overall,2.3
Kelantan,Bachok,1/1/2022,female,70-74,overall,1.6
Kelantan,Bachok,1/1/2022,female,75-79,overall,1
Kelantan,Bachok,1/1/2022,female,80-84,overall,0.5
Kelantan,Bachok,1/1/2022,female,85+,overall,0.3
Kelantan,Bachok,1/1/2022,male,0-4,overall,7.7
Kelantan,Bachok,1/1/2022,male,5-9,overall,6.8
Kelantan,Bachok,1/1/2022,male,10-14,overall,7.2
Kelantan,Bachok,1/1/2022,male,15-19,overall,9.3
Kelantan,Bachok,1/1/2022,male,20-24,overall,8.7
Kelantan,Bachok,1/1/2022,male,25-29,overall,6.1
Kelantan,Bachok,1/1/2022,male,30-34,overall,5.1
Kelantan,Bachok,1/1/2022,male,35-39,overall,4.5
Kelantan,Bachok,1/1/2022,male,40-44,overall,4
Kelantan,Bachok,1/1/2022,male,45-49,overall,3.8
Kelantan,Bachok,1/1/2022,male,50-54,overall,3.8
Kelantan,Bachok,1/1/2022,male,55-59,overall,3.4
Kelantan,Bachok,1/1/2022,male,60-64,overall,3.1
Kelantan,Bachok,1/1/2022,male,65-69,overall,2
Kelantan,Bachok,1/1/2022,male,70-74,overall,1.3
Kelantan,Bachok,1/1/2022,male,75-79,overall,0.8
Kelantan,Bachok,1/1/2022,male,80-84,overall,0.3
Kelantan,Bachok,1/1/2022,male,85+,overall,0.2
Kelantan,Gua Musang,1/1/2022,female,0-4,overall,6.4
Kelantan,Gua Musang,1/1/2022,female,5-9,overall,6.3
Kelantan,Gua Musang,1/1/2022,female,10-14,overall,5.3
Kelantan,Gua Musang,1/1/2022,female,15-19,overall,4.2
Kelantan,Gua Musang,1/1/2022,female,20-24,overall,3.8
Kelantan,Gua Musang,1/1/2022,female,25-29,overall,3.8
Kelantan,Gua Musang,1/1/2022,female,30-34,overall,3.9
Kelantan,Gua Musang,1/1/2022,female,35-39,overall,3.2
Kelantan,Gua Musang,1/1/2022,female,40-44,overall,2.5
Kelantan,Gua Musang,1/1/2022,female,45-49,overall,1.9
Kelantan,Gua Musang,1/1/2022,female,50-54,overall,1.7
Kelantan,Gua Musang,1/1/2022,female,55-59,overall,1.7
Kelantan,Gua Musang,1/1/2022,female,60-64,overall,1.5
Kelantan,Gua Musang,1/1/2022,female,65-69,overall,1.1
Kelantan,Gua Musang,1/1/2022,female,70-74,overall,0.6
Kelantan,Gua Musang,1/1/2022,female,75-79,overall,0.3
Kelantan,Gua Musang,1/1/2022,female,80-84,overall,0.1
Kelantan,Gua Musang,1/1/2022,female,85+,overall,0.1
Kelantan,Gua Musang,1/1/2022,male,0-4,overall,6.7
Kelantan,Gua Musang,1/1/2022,male,5-9,overall,6.8
Kelantan,Gua Musang,1/1/2022,male,10-14,overall,6.1
Kelantan,Gua Musang,1/1/2022,male,15-19,overall,4.6
Kelantan,Gua Musang,1/1/2022,male,20-24,overall,4.3
Kelantan,Gua Musang,1/1/2022,male,25-29,overall,5.3
Kelantan,Gua Musang,1/1/2022,male,30-34,overall,5.2
Kelantan,Gua Musang,1/1/2022,male,35-39,overall,4.2
Kelantan,Gua Musang,1/1/2022,male,40-44,overall,3.2
Kelantan,Gua Musang,1/1/2022,male,45-49,overall,2.2
Kelantan,Gua Musang,1/1/2022,male,50-54,overall,1.8
Kelantan,Gua Musang,1/1/2022,male,55-59,overall,1.5
Kelantan,Gua Musang,1/1/2022,male,60-64,overall,1.4
Kelantan,Gua Musang,1/1/2022,male,65-69,overall,1.1
Kelantan,Gua Musang,1/1/2022,male,70-74,overall,0.8
Kelantan,Gua Musang,1/1/2022,male,75-79,overall,0.4
Kelantan,Gua Musang,1/1/2022,male,80-84,overall,0.1
Kelantan,Gua Musang,1/1/2022,male,85+,overall,0
Kelantan,Jeli,1/1/2022,female,0-4,overall,2.3
Kelantan,Jeli,1/1/2022,female,5-9,overall,2.5
Kelantan,Jeli,1/1/2022,female,10-14,overall,2.6
Kelantan,Jeli,1/1/2022,female,15-19,overall,3.5
Kelantan,Jeli,1/1/2022,female,20-24,overall,4.1
Kelantan,Jeli,1/1/2022,female,25-29,overall,2.1
Kelantan,Jeli,1/1/2022,female,30-34,overall,1.8
Kelantan,Jeli,1/1/2022,female,35-39,overall,1.6
Kelantan,Jeli,1/1/2022,female,40-44,overall,1.4
Kelantan,Jeli,1/1/2022,female,45-49,overall,1.4
Kelantan,Jeli,1/1/2022,female,50-54,overall,1.2
Kelantan,Jeli,1/1/2022,female,55-59,overall,1.1
Kelantan,Jeli,1/1/2022,female,60-64,overall,1
Kelantan,Jeli,1/1/2022,female,65-69,overall,0.6
Kelantan,Jeli,1/1/2022,female,70-74,overall,0.4
Kelantan,Jeli,1/1/2022,female,75-79,overall,0.3
Kelantan,Jeli,1/1/2022,female,80-84,overall,0.1
Kelantan,Jeli,1/1/2022,female,85+,overall,0.1
Kelantan,Jeli,1/1/2022,male,0-4,overall,2.3
Kelantan,Jeli,1/1/2022,male,5-9,overall,2.4
Kelantan,Jeli,1/1/2022,male,10-14,overall,2.6
Kelantan,Jeli,1/1/2022,male,15-19,overall,3.4
Kelantan,Jeli,1/1/2022,male,20-24,overall,3.7
Kelantan,Jeli,1/1/2022,male,25-29,overall,2.4
Kelantan,Jeli,1/1/2022,male,30-34,overall,2
Kelantan,Jeli,1/1/2022,male,35-39,overall,1.8
Kelantan,Jeli,1/1/2022,male,40-44,overall,1.6
Kelantan,Jeli,1/1/2022,male,45-49,overall,1.4
Kelantan,Jeli,1/1/2022,male,50-54,overall,1.2
Kelantan,Jeli,1/1/2022,male,55-59,overall,0.9
Kelantan,Jeli,1/1/2022,male,60-64,overall,1
Kelantan,Jeli,1/1/2022,male,65-69,overall,0.6
Kelantan,Jeli,1/1/2022,male,70-74,overall,0.4
Kelantan,Jeli,1/1/2022,male,75-79,overall,0.2
Kelantan,Jeli,1/1/2022,male,80-84,overall,0.1
Kelantan,Jeli,1/1/2022,male,85+,overall,0
Kelantan,Kecil Lojing,1/1/2022,female,0-4,overall,0.5
Kelantan,Kecil Lojing,1/1/2022,female,5-9,overall,0.7
Kelantan,Kecil Lojing,1/1/2022,female,10-14,overall,0.8
Kelantan,Kecil Lojing,1/1/2022,female,15-19,overall,0.6
Kelantan,Kecil Lojing,1/1/2022,female,20-24,overall,0.5
Kelantan,Kecil Lojing,1/1/2022,female,25-29,overall,0.5
Kelantan,Kecil Lojing,1/1/2022,female,30-34,overall,0.4
Kelantan,Kecil Lojing,1/1/2022,female,35-39,overall,0.3
Kelantan,Kecil Lojing,1/1/2022,female,40-44,overall,0.2
Kelantan,Kecil Lojing,1/1/2022,female,45-49,overall,0.2
Kelantan,Kecil Lojing,1/1/2022,female,50-54,overall,0.2
Kelantan,Kecil Lojing,1/1/2022,female,55-59,overall,0.1
Kelantan,Kecil Lojing,1/1/2022,female,60-64,overall,0.1
Kelantan,Kecil Lojing,1/1/2022,female,65-69,overall,0.1
Kelantan,Kecil Lojing,1/1/2022,female,70-74,overall,0
Kelantan,Kecil Lojing,1/1/2022,female,75-79,overall,0
Kelantan,Kecil Lojing,1/1/2022,female,80-84,overall,0
Kelantan,Kecil Lojing,1/1/2022,female,85+,overall,0
Kelantan,Kecil Lojing,1/1/2022,male,0-4,overall,0.6
Kelantan,Kecil Lojing,1/1/2022,male,5-9,overall,0.6
Kelantan,Kecil Lojing,1/1/2022,male,10-14,overall,0.8
Kelantan,Kecil Lojing,1/1/2022,male,15-19,overall,0.6
Kelantan,Kecil Lojing,1/1/2022,male,20-24,overall,0.5
Kelantan,Kecil Lojing,1/1/2022,male,25-29,overall,0.5
Kelantan,Kecil Lojing,1/1/2022,male,30-34,overall,0.5
Kelantan,Kecil Lojing,1/1/2022,male,35-39,overall,0.4
Kelantan,Kecil Lojing,1/1/2022,male,40-44,overall,0.3
Kelantan,Kecil Lojing,1/1/2022,male,45-49,overall,0.2
Kelantan,Kecil Lojing,1/1/2022,male,50-54,overall,0.2
Kelantan,Kecil Lojing,1/1/2022,male,55-59,overall,0.1
Kelantan,Kecil Lojing,1/1/2022,male,60-64,overall,0.1
Kelantan,Kecil Lojing,1/1/2022,male,65-69,overall,0
Kelantan,Kecil Lojing,1/1/2022,male,70-74,overall,0
Kelantan,Kecil Lojing,1/1/2022,male,75-79,overall,0
Kelantan,Kecil Lojing,1/1/2022,male,80-84,overall,0
Kelantan,Kecil Lojing,1/1/2022,male,85+,overall,0
Kelantan,Kota Bharu,1/1/2022,female,0-4,overall,24.1
Kelantan,Kota Bharu,1/1/2022,female,5-9,overall,23.8
Kelantan,Kota Bharu,1/1/2022,female,10-14,overall,23.5
Kelantan,Kota Bharu,1/1/2022,female,15-19,overall,28.8
Kelantan,Kota Bharu,1/1/2022,female,20-24,overall,33.8
Kelantan,Kota Bharu,1/1/2022,female,25-29,overall,25.1
Kelantan,Kota Bharu,1/1/2022,female,30-34,overall,18.9
Kelantan,Kota Bharu,1/1/2022,female,35-39,overall,17
Kelantan,Kota Bharu,1/1/2022,female,40-44,overall,14.4
Kelantan,Kota Bharu,1/1/2022,female,45-49,overall,13.4
Kelantan,Kota Bharu,1/1/2022,female,50-54,overall,14.2
Kelantan,Kota Bharu,1/1/2022,female,55-59,overall,13.7
Kelantan,Kota Bharu,1/1/2022,female,60-64,overall,12.3
Kelantan,Kota Bharu,1/1/2022,female,65-69,overall,8.5
Kelantan,Kota Bharu,1/1/2022,female,70-74,overall,5.9
Kelantan,Kota Bharu,1/1/2022,female,75-79,overall,3.5
Kelantan,Kota Bharu,1/1/2022,female,80-84,overall,2
Kelantan,Kota Bharu,1/1/2022,female,85+,overall,1.2
Kelantan,Kota Bharu,1/1/2022,male,0-4,overall,26.1
Kelantan,Kota Bharu,1/1/2022,male,5-9,overall,25.4
Kelantan,Kota Bharu,1/1/2022,male,10-14,overall,25.3
Kelantan,Kota Bharu,1/1/2022,male,15-19,overall,29.6
Kelantan,Kota Bharu,1/1/2022,male,20-24,overall,31.7
Kelantan,Kota Bharu,1/1/2022,male,25-29,overall,25.7
Kelantan,Kota Bharu,1/1/2022,male,30-34,overall,20.3
Kelantan,Kota Bharu,1/1/2022,male,35-39,overall,18.9
Kelantan,Kota Bharu,1/1/2022,male,40-44,overall,14.9
Kelantan,Kota Bharu,1/1/2022,male,45-49,overall,12.5
Kelantan,Kota Bharu,1/1/2022,male,50-54,overall,12.6
Kelantan,Kota Bharu,1/1/2022,male,55-59,overall,12.1
Kelantan,Kota Bharu,1/1/2022,male,60-64,overall,10.8
Kelantan,Kota Bharu,1/1/2022,male,65-69,overall,7.6
Kelantan,Kota Bharu,1/1/2022,male,70-74,overall,5.1
Kelantan,Kota Bharu,1/1/2022,male,75-79,overall,3
Kelantan,Kota Bharu,1/1/2022,male,80-84,overall,1.2
Kelantan,Kota Bharu,1/1/2022,male,85+,overall,0.7
Kelantan,Kuala Krai,1/1/2022,female,0-4,overall,5.1
Kelantan,Kuala Krai,1/1/2022,female,5-9,overall,4.9
Kelantan,Kuala Krai,1/1/2022,female,10-14,overall,5.2
Kelantan,Kuala Krai,1/1/2022,female,15-19,overall,5.7
Kelantan,Kuala Krai,1/1/2022,female,20-24,overall,4.6
Kelantan,Kuala Krai,1/1/2022,female,25-29,overall,3.7
Kelantan,Kuala Krai,1/1/2022,female,30-34,overall,3.4
Kelantan,Kuala Krai,1/1/2022,female,35-39,overall,3.1
Kelantan,Kuala Krai,1/1/2022,female,40-44,overall,2.9
Kelantan,Kuala Krai,1/1/2022,female,45-49,overall,2.7
Kelantan,Kuala Krai,1/1/2022,female,50-54,overall,2.7
Kelantan,Kuala Krai,1/1/2022,female,55-59,overall,2.8
Kelantan,Kuala Krai,1/1/2022,female,60-64,overall,2.5
Kelantan,Kuala Krai,1/1/2022,female,65-69,overall,1.9
Kelantan,Kuala Krai,1/1/2022,female,70-74,overall,1.1
Kelantan,Kuala Krai,1/1/2022,female,75-79,overall,0.6
Kelantan,Kuala Krai,1/1/2022,female,80-84,overall,0.3
Kelantan,Kuala Krai,1/1/2022,female,85+,overall,0.2
Kelantan,Kuala Krai,1/1/2022,male,0-4,overall,5.3
Kelantan,Kuala Krai,1/1/2022,male,5-9,overall,4.9
Kelantan,Kuala Krai,1/1/2022,male,10-14,overall,5.4
Kelantan,Kuala Krai,1/1/2022,male,15-19,overall,6.1
Kelantan,Kuala Krai,1/1/2022,male,20-24,overall,4.7
Kelantan,Kuala Krai,1/1/2022,male,25-29,overall,4
Kelantan,Kuala Krai,1/1/2022,male,30-34,overall,3.9
Kelantan,Kuala Krai,1/1/2022,male,35-39,overall,3.3
Kelantan,Kuala Krai,1/1/2022,male,40-44,overall,3
Kelantan,Kuala Krai,1/1/2022,male,45-49,overall,2.7
Kelantan,Kuala Krai,1/1/2022,male,50-54,overall,2.4
Kelantan,Kuala Krai,1/1/2022,male,55-59,overall,2.5
Kelantan,Kuala Krai,1/1/2022,male,60-64,overall,2.4
Kelantan,Kuala Krai,1/1/2022,male,65-69,overall,1.6
Kelantan,Kuala Krai,1/1/2022,male,70-74,overall,1
Kelantan,Kuala Krai,1/1/2022,male,75-79,overall,0.5
Kelantan,Kuala Krai,1/1/2022,male,80-84,overall,0.2
Kelantan,Kuala Krai,1/1/2022,male,85+,overall,0.1
Kelantan,Machang,1/1/2022,female,0-4,overall,5.6
Kelantan,Machang,1/1/2022,female,5-9,overall,6.5
Kelantan,Machang,1/1/2022,female,10-14,overall,5.7
Kelantan,Machang,1/1/2022,female,15-19,overall,5.6
Kelantan,Machang,1/1/2022,female,20-24,overall,7.5
Kelantan,Machang,1/1/2022,female,25-29,overall,3.5
Kelantan,Machang,1/1/2022,female,30-34,overall,3
Kelantan,Machang,1/1/2022,female,35-39,overall,2.7
Kelantan,Machang,1/1/2022,female,40-44,overall,2.6
Kelantan,Machang,1/1/2022,female,45-49,overall,2.5
Kelantan,Machang,1/1/2022,female,50-54,overall,2.8
Kelantan,Machang,1/1/2022,female,55-59,overall,2.5
Kelantan,Machang,1/1/2022,female,60-64,overall,2.4
Kelantan,Machang,1/1/2022,female,65-69,overall,1.7
Kelantan,Machang,1/1/2022,female,70-74,overall,1.4
Kelantan,Machang,1/1/2022,female,75-79,overall,0.8
Kelantan,Machang,1/1/2022,female,80-84,overall,0.4
Kelantan,Machang,1/1/2022,female,85+,overall,0.2
Kelantan,Machang,1/1/2022,male,0-4,overall,5.5
Kelantan,Machang,1/1/2022,male,5-9,overall,6.2
Kelantan,Machang,1/1/2022,male,10-14,overall,6.3
Kelantan,Machang,1/1/2022,male,15-19,overall,6.4
Kelantan,Machang,1/1/2022,male,20-24,overall,6.2
Kelantan,Machang,1/1/2022,male,25-29,overall,3.9
Kelantan,Machang,1/1/2022,male,30-34,overall,3.1
Kelantan,Machang,1/1/2022,male,35-39,overall,3.1
Kelantan,Machang,1/1/2022,male,40-44,overall,2.8
Kelantan,Machang,1/1/2022,male,45-49,overall,2.4
Kelantan,Machang,1/1/2022,male,50-54,overall,2.5
Kelantan,Machang,1/1/2022,male,55-59,overall,2.2
Kelantan,Machang,1/1/2022,male,60-64,overall,2.2
Kelantan,Machang,1/1/2022,male,65-69,overall,1.5
Kelantan,Machang,1/1/2022,male,70-74,overall,1.1
Kelantan,Machang,1/1/2022,male,75-79,overall,0.7
Kelantan,Machang,1/1/2022,male,80-84,overall,0.3
Kelantan,Machang,1/1/2022,male,85+,overall,0.1
Kelantan,Pasir Mas,1/1/2022,female,0-4,overall,9.5
Kelantan,Pasir Mas,1/1/2022,female,5-9,overall,10.9
Kelantan,Pasir Mas,1/1/2022,female,10-14,overall,13.4
Kelantan,Pasir Mas,1/1/2022,female,15-19,overall,11.1
Kelantan,Pasir Mas,1/1/2022,female,20-24,overall,10.8
Kelantan,Pasir Mas,1/1/2022,female,25-29,overall,8.3
Kelantan,Pasir Mas,1/1/2022,female,30-34,overall,7.1
Kelantan,Pasir Mas,1/1/2022,female,35-39,overall,7.9
Kelantan,Pasir Mas,1/1/2022,female,40-44,overall,5.5
Kelantan,Pasir Mas,1/1/2022,female,45-49,overall,5
Kelantan,Pasir Mas,1/1/2022,female,50-54,overall,5.6
Kelantan,Pasir Mas,1/1/2022,female,55-59,overall,5.5
Kelantan,Pasir Mas,1/1/2022,female,60-64,overall,5.3
Kelantan,Pasir Mas,1/1/2022,female,65-69,overall,4.1
Kelantan,Pasir Mas,1/1/2022,female,70-74,overall,2.5
Kelantan,Pasir Mas,1/1/2022,female,75-79,overall,1.5
Kelantan,Pasir Mas,1/1/2022,female,80-84,overall,0.9
Kelantan,Pasir Mas,1/1/2022,female,85+,overall,0.6
Kelantan,Pasir Mas,1/1/2022,male,0-4,overall,9.8
Kelantan,Pasir Mas,1/1/2022,male,5-9,overall,12.8
Kelantan,Pasir Mas,1/1/2022,male,10-14,overall,15.3
Kelantan,Pasir Mas,1/1/2022,male,15-19,overall,13.3
Kelantan,Pasir Mas,1/1/2022,male,20-24,overall,10.3
Kelantan,Pasir Mas,1/1/2022,male,25-29,overall,8.2
Kelantan,Pasir Mas,1/1/2022,male,30-34,overall,7.8
Kelantan,Pasir Mas,1/1/2022,male,35-39,overall,7.8
Kelantan,Pasir Mas,1/1/2022,male,40-44,overall,5.9
Kelantan,Pasir Mas,1/1/2022,male,45-49,overall,5.1
Kelantan,Pasir Mas,1/1/2022,male,50-54,overall,4.7
Kelantan,Pasir Mas,1/1/2022,male,55-59,overall,5.1
Kelantan,Pasir Mas,1/1/2022,male,60-64,overall,4.6
Kelantan,Pasir Mas,1/1/2022,male,65-69,overall,3.6
Kelantan,Pasir Mas,1/1/2022,male,70-74,overall,2.1
Kelantan,Pasir Mas,1/1/2022,male,75-79,overall,1.4
Kelantan,Pasir Mas,1/1/2022,male,80-84,overall,0.6
Kelantan,Pasir Mas,1/1/2022,male,85+,overall,0.3
Kelantan,Pasir Puteh,1/1/2022,female,0-4,overall,6.5
Kelantan,Pasir Puteh,1/1/2022,female,5-9,overall,7.7
Kelantan,Pasir Puteh,1/1/2022,female,10-14,overall,7.9
Kelantan,Pasir Puteh,1/1/2022,female,15-19,overall,8
Kelantan,Pasir Puteh,1/1/2022,female,20-24,overall,6.8
Kelantan,Pasir Puteh,1/1/2022,female,25-29,overall,4.4
Kelantan,Pasir Puteh,1/1/2022,female,30-34,overall,3.8
Kelantan,Pasir Puteh,1/1/2022,female,35-39,overall,3.7
Kelantan,Pasir Puteh,1/1/2022,female,40-44,overall,3.3
Kelantan,Pasir Puteh,1/1/2022,female,45-49,overall,3.2
Kelantan,Pasir Puteh,1/1/2022,female,50-54,overall,3.4
Kelantan,Pasir Puteh,1/1/2022,female,55-59,overall,3.2
Kelantan,Pasir Puteh,1/1/2022,female,60-64,overall,2.7
Kelantan,Pasir Puteh,1/1/2022,female,65-69,overall,2.1
Kelantan,Pasir Puteh,1/1/2022,female,70-74,overall,1.5
Kelantan,Pasir Puteh,1/1/2022,female,75-79,overall,1
Kelantan,Pasir Puteh,1/1/2022,female,80-84,overall,0.5
Kelantan,Pasir Puteh,1/1/2022,female,85+,overall,0.4
Kelantan,Pasir Puteh,1/1/2022,male,0-4,overall,6.9
Kelantan,Pasir Puteh,1/1/2022,male,5-9,overall,7.4
Kelantan,Pasir Puteh,1/1/2022,male,10-14,overall,8.2
Kelantan,Pasir Puteh,1/1/2022,male,15-19,overall,8.2
Kelantan,Pasir Puteh,1/1/2022,male,20-24,overall,6.2
Kelantan,Pasir Puteh,1/1/2022,male,25-29,overall,4.6
Kelantan,Pasir Puteh,1/1/2022,male,30-34,overall,4.1
Kelantan,Pasir Puteh,1/1/2022,male,35-39,overall,3.7
Kelantan,Pasir Puteh,1/1/2022,male,40-44,overall,3.2
Kelantan,Pasir Puteh,1/1/2022,male,45-49,overall,2.9
Kelantan,Pasir Puteh,1/1/2022,male,50-54,overall,3
Kelantan,Pasir Puteh,1/1/2022,male,55-59,overall,3
Kelantan,Pasir Puteh,1/1/2022,male,60-64,overall,2.6
Kelantan,Pasir Puteh,1/1/2022,male,65-69,overall,1.8
Kelantan,Pasir Puteh,1/1/2022,male,70-74,overall,1.4
Kelantan,Pasir Puteh,1/1/2022,male,75-79,overall,0.8
Kelantan,Pasir Puteh,1/1/2022,male,80-84,overall,0.4
Kelantan,Pasir Puteh,1/1/2022,male,85+,overall,0.3
Kelantan,Tanah Merah,1/1/2022,female,0-4,overall,6.5
Kelantan,Tanah Merah,1/1/2022,female,5-9,overall,7.6
Kelantan,Tanah Merah,1/1/2022,female,10-14,overall,7.8
Kelantan,Tanah Merah,1/1/2022,female,15-19,overall,7.9
Kelantan,Tanah Merah,1/1/2022,female,20-24,overall,6.8
Kelantan,Tanah Merah,1/1/2022,female,25-29,overall,5.3
Kelantan,Tanah Merah,1/1/2022,female,30-34,overall,4.7
Kelantan,Tanah Merah,1/1/2022,female,35-39,overall,4.3
Kelantan,Tanah Merah,1/1/2022,female,40-44,overall,4
Kelantan,Tanah Merah,1/1/2022,female,45-49,overall,4
Kelantan,Tanah Merah,1/1/2022,female,50-54,overall,3.7
Kelantan,Tanah Merah,1/1/2022,female,55-59,overall,3.6
Kelantan,Tanah Merah,1/1/2022,female,60-64,overall,3.2
Kelantan,Tanah Merah,1/1/2022,female,65-69,overall,2.3
Kelantan,Tanah Merah,1/1/2022,female,70-74,overall,1.5
Kelantan,Tanah Merah,1/1/2022,female,75-79,overall,0.8
Kelantan,Tanah Merah,1/1/2022,female,80-84,overall,0.5
Kelantan,Tanah Merah,1/1/2022,female,85+,overall,0.3
Kelantan,Tanah Merah,1/1/2022,male,0-4,overall,7
Kelantan,Tanah Merah,1/1/2022,male,5-9,overall,8.1
Kelantan,Tanah Merah,1/1/2022,male,10-14,overall,9.1
Kelantan,Tanah Merah,1/1/2022,male,15-19,overall,9
Kelantan,Tanah Merah,1/1/2022,male,20-24,overall,7.4
Kelantan,Tanah Merah,1/1/2022,male,25-29,overall,6
Kelantan,Tanah Merah,1/1/2022,male,30-34,overall,5.4
Kelantan,Tanah Merah,1/1/2022,male,35-39,overall,4.6
Kelantan,Tanah Merah,1/1/2022,male,40-44,overall,4.2
Kelantan,Tanah Merah,1/1/2022,male,45-49,overall,3.8
Kelantan,Tanah Merah,1/1/2022,male,50-54,overall,3.5
Kelantan,Tanah Merah,1/1/2022,male,55-59,overall,3.2
Kelantan,Tanah Merah,1/1/2022,male,60-64,overall,3
Kelantan,Tanah Merah,1/1/2022,male,65-69,overall,2.1
Kelantan,Tanah Merah,1/1/2022,male,70-74,overall,1.5
Kelantan,Tanah Merah,1/1/2022,male,75-79,overall,0.7
Kelantan,Tanah Merah,1/1/2022,male,80-84,overall,0.3
Kelantan,Tanah Merah,1/1/2022,male,85+,overall,0.2
Kelantan,Tumpat,1/1/2022,female,0-4,overall,10.3
Kelantan,Tumpat,1/1/2022,female,5-9,overall,10.5
Kelantan,Tumpat,1/1/2022,female,10-14,overall,9.4
Kelantan,Tumpat,1/1/2022,female,15-19,overall,8.8
Kelantan,Tumpat,1/1/2022,female,20-24,overall,7.9
Kelantan,Tumpat,1/1/2022,female,25-29,overall,6.3
Kelantan,Tumpat,1/1/2022,female,30-34,overall,5.6
Kelantan,Tumpat,1/1/2022,female,35-39,overall,6
Kelantan,Tumpat,1/1/2022,female,40-44,overall,4.7
Kelantan,Tumpat,1/1/2022,female,45-49,overall,4.2
Kelantan,Tumpat,1/1/2022,female,50-54,overall,4.3
Kelantan,Tumpat,1/1/2022,female,55-59,overall,4.1
Kelantan,Tumpat,1/1/2022,female,60-64,overall,3.7
Kelantan,Tumpat,1/1/2022,female,65-69,overall,2.7
Kelantan,Tumpat,1/1/2022,female,70-74,overall,1.9
Kelantan,Tumpat,1/1/2022,female,75-79,overall,1.1
Kelantan,Tumpat,1/1/2022,female,80-84,overall,0.7
Kelantan,Tumpat,1/1/2022,female,85+,overall,0.4
Kelantan,Tumpat,1/1/2022,male,0-4,overall,10.9
Kelantan,Tumpat,1/1/2022,male,5-9,overall,10.6
Kelantan,Tumpat,1/1/2022,male,10-14,overall,10.3
Kelantan,Tumpat,1/1/2022,male,15-19,overall,9.5
Kelantan,Tumpat,1/1/2022,male,20-24,overall,7.9
Kelantan,Tumpat,1/1/2022,male,25-29,overall,6.3
Kelantan,Tumpat,1/1/2022,male,30-34,overall,5.5
Kelantan,Tumpat,1/1/2022,male,35-39,overall,5.3
Kelantan,Tumpat,1/1/2022,male,40-44,overall,4.5
Kelantan,Tumpat,1/1/2022,male,45-49,overall,3.9
Kelantan,Tumpat,1/1/2022,male,50-54,overall,3.7
Kelantan,Tumpat,1/1/2022,male,55-59,overall,3.8
Kelantan,Tumpat,1/1/2022,male,60-64,overall,3.4
Kelantan,Tumpat,1/1/2022,male,65-69,overall,2.4
Kelantan,Tumpat,1/1/2022,male,70-74,overall,1.7
Kelantan,Tumpat,1/1/2022,male,75-79,overall,0.9
Kelantan,Tumpat,1/1/2022,male,80-84,overall,0.4
Kelantan,Tumpat,1/1/2022,male,85+,overall,0.2
Melaka,Alor Gajah,1/1/2022,female,0-4,overall,6.2
Melaka,Alor Gajah,1/1/2022,female,5-9,overall,8.1
Melaka,Alor Gajah,1/1/2022,female,10-14,overall,8.7
Melaka,Alor Gajah,1/1/2022,female,15-19,overall,14
Melaka,Alor Gajah,1/1/2022,female,20-24,overall,14
Melaka,Alor Gajah,1/1/2022,female,25-29,overall,10.3
Melaka,Alor Gajah,1/1/2022,female,30-34,overall,10.9
Melaka,Alor Gajah,1/1/2022,female,35-39,overall,8.2
Melaka,Alor Gajah,1/1/2022,female,40-44,overall,8.4
Melaka,Alor Gajah,1/1/2022,female,45-49,overall,10.3
Melaka,Alor Gajah,1/1/2022,female,50-54,overall,5
Melaka,Alor Gajah,1/1/2022,female,55-59,overall,4.6
Melaka,Alor Gajah,1/1/2022,female,60-64,overall,4.4
Melaka,Alor Gajah,1/1/2022,female,65-69,overall,3.8
Melaka,Alor Gajah,1/1/2022,female,70-74,overall,2.5
Melaka,Alor Gajah,1/1/2022,female,75-79,overall,1.3
Melaka,Alor Gajah,1/1/2022,female,80-84,overall,0.9
Melaka,Alor Gajah,1/1/2022,female,85+,overall,0.5
Melaka,Alor Gajah,1/1/2022,male,0-4,overall,6.9
Melaka,Alor Gajah,1/1/2022,male,5-9,overall,9.1
Melaka,Alor Gajah,1/1/2022,male,10-14,overall,9.4
Melaka,Alor Gajah,1/1/2022,male,15-19,overall,15.7
Melaka,Alor Gajah,1/1/2022,male,20-24,overall,14.1
Melaka,Alor Gajah,1/1/2022,male,25-29,overall,11.8
Melaka,Alor Gajah,1/1/2022,male,30-34,overall,13.6
Melaka,Alor Gajah,1/1/2022,male,35-39,overall,9.7
Melaka,Alor Gajah,1/1/2022,male,40-44,overall,13.9
Melaka,Alor Gajah,1/1/2022,male,45-49,overall,5.3
Melaka,Alor Gajah,1/1/2022,male,50-54,overall,4.7
Melaka,Alor Gajah,1/1/2022,male,55-59,overall,4.2
Melaka,Alor Gajah,1/1/2022,male,60-64,overall,4
Melaka,Alor Gajah,1/1/2022,male,65-69,overall,3.1
Melaka,Alor Gajah,1/1/2022,male,70-74,overall,2.1
Melaka,Alor Gajah,1/1/2022,male,75-79,overall,1.1
Melaka,Alor Gajah,1/1/2022,male,80-84,overall,0.6
Melaka,Alor Gajah,1/1/2022,male,85+,overall,0.3
Melaka,Jasin,1/1/2022,female,0-4,overall,4.6
Melaka,Jasin,1/1/2022,female,5-9,overall,5.1
Melaka,Jasin,1/1/2022,female,10-14,overall,4.9
Melaka,Jasin,1/1/2022,female,15-19,overall,5.9
Melaka,Jasin,1/1/2022,female,20-24,overall,8.2
Melaka,Jasin,1/1/2022,female,25-29,overall,6.1
Melaka,Jasin,1/1/2022,female,30-34,overall,5.4
Melaka,Jasin,1/1/2022,female,35-39,overall,5.1
Melaka,Jasin,1/1/2022,female,40-44,overall,4.4
Melaka,Jasin,1/1/2022,female,45-49,overall,4.1
Melaka,Jasin,1/1/2022,female,50-54,overall,3.6
Melaka,Jasin,1/1/2022,female,55-59,overall,3.8
Melaka,Jasin,1/1/2022,female,60-64,overall,3.4
Melaka,Jasin,1/1/2022,female,65-69,overall,2.7
Melaka,Jasin,1/1/2022,female,70-74,overall,1.9
Melaka,Jasin,1/1/2022,female,75-79,overall,1.1
Melaka,Jasin,1/1/2022,female,80-84,overall,0.7
Melaka,Jasin,1/1/2022,female,85+,overall,0.5
Melaka,Jasin,1/1/2022,male,0-4,overall,4.9
Melaka,Jasin,1/1/2022,male,5-9,overall,5.6
Melaka,Jasin,1/1/2022,male,10-14,overall,5.4
Melaka,Jasin,1/1/2022,male,15-19,overall,6.2
Melaka,Jasin,1/1/2022,male,20-24,overall,10.1
Melaka,Jasin,1/1/2022,male,25-29,overall,8.7
Melaka,Jasin,1/1/2022,male,30-34,overall,7.9
Melaka,Jasin,1/1/2022,male,35-39,overall,7
Melaka,Jasin,1/1/2022,male,40-44,overall,6.3
Melaka,Jasin,1/1/2022,male,45-49,overall,4
Melaka,Jasin,1/1/2022,male,50-54,overall,3.6
Melaka,Jasin,1/1/2022,male,55-59,overall,3.5
Melaka,Jasin,1/1/2022,male,60-64,overall,3.3
Melaka,Jasin,1/1/2022,male,65-69,overall,2.6
Melaka,Jasin,1/1/2022,male,70-74,overall,1.6
Melaka,Jasin,1/1/2022,male,75-79,overall,0.9
Melaka,Jasin,1/1/2022,male,80-84,overall,0.5
Melaka,Jasin,1/1/2022,male,85+,overall,0.3
Melaka,Melaka Tengah,1/1/2022,female,0-4,overall,25.3
Melaka,Melaka Tengah,1/1/2022,female,5-9,overall,27.6
Melaka,Melaka Tengah,1/1/2022,female,10-14,overall,22.4
Melaka,Melaka Tengah,1/1/2022,female,15-19,overall,24.9
Melaka,Melaka Tengah,1/1/2022,female,20-24,overall,19.7
Melaka,Melaka Tengah,1/1/2022,female,25-29,overall,24.8
Melaka,Melaka Tengah,1/1/2022,female,30-34,overall,25.5
Melaka,Melaka Tengah,1/1/2022,female,35-39,overall,20.8
Melaka,Melaka Tengah,1/1/2022,female,40-44,overall,20.2
Melaka,Melaka Tengah,1/1/2022,female,45-49,overall,19.4
Melaka,Melaka Tengah,1/1/2022,female,50-54,overall,12.2
Melaka,Melaka Tengah,1/1/2022,female,55-59,overall,12.1
Melaka,Melaka Tengah,1/1/2022,female,60-64,overall,11.3
Melaka,Melaka Tengah,1/1/2022,female,65-69,overall,8.6
Melaka,Melaka Tengah,1/1/2022,female,70-74,overall,5.8
Melaka,Melaka Tengah,1/1/2022,female,75-79,overall,3
Melaka,Melaka Tengah,1/1/2022,female,80-84,overall,1.7
Melaka,Melaka Tengah,1/1/2022,female,85+,overall,0.9
Melaka,Melaka Tengah,1/1/2022,male,0-4,overall,26.4
Melaka,Melaka Tengah,1/1/2022,male,5-9,overall,29.6
Melaka,Melaka Tengah,1/1/2022,male,10-14,overall,24.6
Melaka,Melaka Tengah,1/1/2022,male,15-19,overall,28.1
Melaka,Melaka Tengah,1/1/2022,male,20-24,overall,25.9
Melaka,Melaka Tengah,1/1/2022,male,25-29,overall,25.1
Melaka,Melaka Tengah,1/1/2022,male,30-34,overall,40.3
Melaka,Melaka Tengah,1/1/2022,male,35-39,overall,23.5
Melaka,Melaka Tengah,1/1/2022,male,40-44,overall,26.3
Melaka,Melaka Tengah,1/1/2022,male,45-49,overall,14.4
Melaka,Melaka Tengah,1/1/2022,male,50-54,overall,12
Melaka,Melaka Tengah,1/1/2022,male,55-59,overall,11.2
Melaka,Melaka Tengah,1/1/2022,male,60-64,overall,11.3
Melaka,Melaka Tengah,1/1/2022,male,65-69,overall,7.8
Melaka,Melaka Tengah,1/1/2022,male,70-74,overall,5.5
Melaka,Melaka Tengah,1/1/2022,male,75-79,overall,2.6
Melaka,Melaka Tengah,1/1/2022,male,80-84,overall,1.4
Melaka,Melaka Tengah,1/1/2022,male,85+,overall,0.7
Negeri Sembilan,Jelebu,1/1/2022,female,0-4,overall,1.8
Negeri Sembilan,Jelebu,1/1/2022,female,5-9,overall,2.5
Negeri Sembilan,Jelebu,1/1/2022,female,10-14,overall,2.1
Negeri Sembilan,Jelebu,1/1/2022,female,15-19,overall,1.8
Negeri Sembilan,Jelebu,1/1/2022,female,20-24,overall,1.1
Negeri Sembilan,Jelebu,1/1/2022,female,25-29,overall,0.9
Negeri Sembilan,Jelebu,1/1/2022,female,30-34,overall,1.4
Negeri Sembilan,Jelebu,1/1/2022,female,35-39,overall,1.4
Negeri Sembilan,Jelebu,1/1/2022,female,40-44,overall,1.3
Negeri Sembilan,Jelebu,1/1/2022,female,45-49,overall,1
Negeri Sembilan,Jelebu,1/1/2022,female,50-54,overall,1.1
Negeri Sembilan,Jelebu,1/1/2022,female,55-59,overall,1.2
Negeri Sembilan,Jelebu,1/1/2022,female,60-64,overall,1.3
Negeri Sembilan,Jelebu,1/1/2022,female,65-69,overall,0.9
Negeri Sembilan,Jelebu,1/1/2022,female,70-74,overall,0.7
Negeri Sembilan,Jelebu,1/1/2022,female,75-79,overall,0.3
Negeri Sembilan,Jelebu,1/1/2022,female,80-84,overall,0.2
Negeri Sembilan,Jelebu,1/1/2022,female,85+,overall,0.1
Negeri Sembilan,Jelebu,1/1/2022,male,0-4,overall,1.5
Negeri Sembilan,Jelebu,1/1/2022,male,5-9,overall,2.8
Negeri Sembilan,Jelebu,1/1/2022,male,10-14,overall,2.8
Negeri Sembilan,Jelebu,1/1/2022,male,15-19,overall,2.5
Negeri Sembilan,Jelebu,1/1/2022,male,20-24,overall,1.5
Negeri Sembilan,Jelebu,1/1/2022,male,25-29,overall,1.6
Negeri Sembilan,Jelebu,1/1/2022,male,30-34,overall,1.9
Negeri Sembilan,Jelebu,1/1/2022,male,35-39,overall,1.8
Negeri Sembilan,Jelebu,1/1/2022,male,40-44,overall,1.8
Negeri Sembilan,Jelebu,1/1/2022,male,45-49,overall,1.1
Negeri Sembilan,Jelebu,1/1/2022,male,50-54,overall,1.2
Negeri Sembilan,Jelebu,1/1/2022,male,55-59,overall,1.2
Negeri Sembilan,Jelebu,1/1/2022,male,60-64,overall,1.3
Negeri Sembilan,Jelebu,1/1/2022,male,65-69,overall,0.8
Negeri Sembilan,Jelebu,1/1/2022,male,70-74,overall,0.7
Negeri Sembilan,Jelebu,1/1/2022,male,75-79,overall,0.3
Negeri Sembilan,Jelebu,1/1/2022,male,80-84,overall,0.2
Negeri Sembilan,Jelebu,1/1/2022,male,85+,overall,0.1
Negeri Sembilan,Jempol,1/1/2022,female,0-4,overall,5.2
Negeri Sembilan,Jempol,1/1/2022,female,5-9,overall,6.3
Negeri Sembilan,Jempol,1/1/2022,female,10-14,overall,5.5
Negeri Sembilan,Jempol,1/1/2022,female,15-19,overall,5.4
Negeri Sembilan,Jempol,1/1/2022,female,20-24,overall,3.5
Negeri Sembilan,Jempol,1/1/2022,female,25-29,overall,3.9
Negeri Sembilan,Jempol,1/1/2022,female,30-34,overall,4.7
Negeri Sembilan,Jempol,1/1/2022,female,35-39,overall,4.7
Negeri Sembilan,Jempol,1/1/2022,female,40-44,overall,3.7
Negeri Sembilan,Jempol,1/1/2022,female,45-49,overall,3
Negeri Sembilan,Jempol,1/1/2022,female,50-54,overall,2.8
Negeri Sembilan,Jempol,1/1/2022,female,55-59,overall,3.8
Negeri Sembilan,Jempol,1/1/2022,female,60-64,overall,3.9
Negeri Sembilan,Jempol,1/1/2022,female,65-69,overall,3
Negeri Sembilan,Jempol,1/1/2022,female,70-74,overall,1.9
Negeri Sembilan,Jempol,1/1/2022,female,75-79,overall,0.6
Negeri Sembilan,Jempol,1/1/2022,female,80-84,overall,0.2
Negeri Sembilan,Jempol,1/1/2022,female,85+,overall,0.1
Negeri Sembilan,Jempol,1/1/2022,male,0-4,overall,4.7
Negeri Sembilan,Jempol,1/1/2022,male,5-9,overall,6.4
Negeri Sembilan,Jempol,1/1/2022,male,10-14,overall,6
Negeri Sembilan,Jempol,1/1/2022,male,15-19,overall,5.6
Negeri Sembilan,Jempol,1/1/2022,male,20-24,overall,3.8
Negeri Sembilan,Jempol,1/1/2022,male,25-29,overall,4.1
Negeri Sembilan,Jempol,1/1/2022,male,30-34,overall,5.9
Negeri Sembilan,Jempol,1/1/2022,male,35-39,overall,5.8
Negeri Sembilan,Jempol,1/1/2022,male,40-44,overall,4.4
Negeri Sembilan,Jempol,1/1/2022,male,45-49,overall,3.3
Negeri Sembilan,Jempol,1/1/2022,male,50-54,overall,2.8
Negeri Sembilan,Jempol,1/1/2022,male,55-59,overall,3.4
Negeri Sembilan,Jempol,1/1/2022,male,60-64,overall,3.1
Negeri Sembilan,Jempol,1/1/2022,male,65-69,overall,2.9
Negeri Sembilan,Jempol,1/1/2022,male,70-74,overall,2.1
Negeri Sembilan,Jempol,1/1/2022,male,75-79,overall,0.9
Negeri Sembilan,Jempol,1/1/2022,male,80-84,overall,0.3
Negeri Sembilan,Jempol,1/1/2022,male,85+,overall,0
Negeri Sembilan,Kuala Pilah,1/1/2022,female,0-4,overall,2.1
Negeri Sembilan,Kuala Pilah,1/1/2022,female,5-9,overall,2.6
Negeri Sembilan,Kuala Pilah,1/1/2022,female,10-14,overall,2.5
Negeri Sembilan,Kuala Pilah,1/1/2022,female,15-19,overall,2.4
Negeri Sembilan,Kuala Pilah,1/1/2022,female,20-24,overall,4.4
Negeri Sembilan,Kuala Pilah,1/1/2022,female,25-29,overall,2.8
Negeri Sembilan,Kuala Pilah,1/1/2022,female,30-34,overall,2.7
Negeri Sembilan,Kuala Pilah,1/1/2022,female,35-39,overall,2.5
Negeri Sembilan,Kuala Pilah,1/1/2022,female,40-44,overall,1.9
Negeri Sembilan,Kuala Pilah,1/1/2022,female,45-49,overall,1.6
Negeri Sembilan,Kuala Pilah,1/1/2022,female,50-54,overall,1.7
Negeri Sembilan,Kuala Pilah,1/1/2022,female,55-59,overall,1.9
Negeri Sembilan,Kuala Pilah,1/1/2022,female,60-64,overall,1.8
Negeri Sembilan,Kuala Pilah,1/1/2022,female,65-69,overall,1.4
Negeri Sembilan,Kuala Pilah,1/1/2022,female,70-74,overall,1
Negeri Sembilan,Kuala Pilah,1/1/2022,female,75-79,overall,0.5
Negeri Sembilan,Kuala Pilah,1/1/2022,female,80-84,overall,0.4
Negeri Sembilan,Kuala Pilah,1/1/2022,female,85+,overall,0.1
Negeri Sembilan,Kuala Pilah,1/1/2022,male,0-4,overall,2.4
Negeri Sembilan,Kuala Pilah,1/1/2022,male,5-9,overall,3.3
Negeri Sembilan,Kuala Pilah,1/1/2022,male,10-14,overall,3.1
Negeri Sembilan,Kuala Pilah,1/1/2022,male,15-19,overall,2.9
Negeri Sembilan,Kuala Pilah,1/1/2022,male,20-24,overall,3.3
Negeri Sembilan,Kuala Pilah,1/1/2022,male,25-29,overall,2.8
Negeri Sembilan,Kuala Pilah,1/1/2022,male,30-34,overall,3.6
Negeri Sembilan,Kuala Pilah,1/1/2022,male,35-39,overall,2.9
Negeri Sembilan,Kuala Pilah,1/1/2022,male,40-44,overall,2.3
Negeri Sembilan,Kuala Pilah,1/1/2022,male,45-49,overall,1.5
Negeri Sembilan,Kuala Pilah,1/1/2022,male,50-54,overall,1.6
Negeri Sembilan,Kuala Pilah,1/1/2022,male,55-59,overall,1.7
Negeri Sembilan,Kuala Pilah,1/1/2022,male,60-64,overall,1.8
Negeri Sembilan,Kuala Pilah,1/1/2022,male,65-69,overall,1.4
Negeri Sembilan,Kuala Pilah,1/1/2022,male,70-74,overall,0.9
Negeri Sembilan,Kuala Pilah,1/1/2022,male,75-79,overall,0.4
Negeri Sembilan,Kuala Pilah,1/1/2022,male,80-84,overall,0.2
Negeri Sembilan,Kuala Pilah,1/1/2022,male,85+,overall,0.1
Negeri Sembilan,Port Dickson,1/1/2022,female,0-4,overall,4.9
Negeri Sembilan,Port Dickson,1/1/2022,female,5-9,overall,6.1
Negeri Sembilan,Port Dickson,1/1/2022,female,10-14,overall,5.2
Negeri Sembilan,Port Dickson,1/1/2022,female,15-19,overall,4.9
Negeri Sembilan,Port Dickson,1/1/2022,female,20-24,overall,5.9
Negeri Sembilan,Port Dickson,1/1/2022,female,25-29,overall,4.6
Negeri Sembilan,Port Dickson,1/1/2022,female,30-34,overall,5.1
Negeri Sembilan,Port Dickson,1/1/2022,female,35-39,overall,4.6
Negeri Sembilan,Port Dickson,1/1/2022,female,40-44,overall,3.5
Negeri Sembilan,Port Dickson,1/1/2022,female,45-49,overall,3.7
Negeri Sembilan,Port Dickson,1/1/2022,female,50-54,overall,3.1
Negeri Sembilan,Port Dickson,1/1/2022,female,55-59,overall,3.2
Negeri Sembilan,Port Dickson,1/1/2022,female,60-64,overall,2.5
Negeri Sembilan,Port Dickson,1/1/2022,female,65-69,overall,1.9
Negeri Sembilan,Port Dickson,1/1/2022,female,70-74,overall,1
Negeri Sembilan,Port Dickson,1/1/2022,female,75-79,overall,0.5
Negeri Sembilan,Port Dickson,1/1/2022,female,80-84,overall,0.3
Negeri Sembilan,Port Dickson,1/1/2022,female,85+,overall,0.2
Negeri Sembilan,Port Dickson,1/1/2022,male,0-4,overall,4.4
Negeri Sembilan,Port Dickson,1/1/2022,male,5-9,overall,6.4
Negeri Sembilan,Port Dickson,1/1/2022,male,10-14,overall,6.1
Negeri Sembilan,Port Dickson,1/1/2022,male,15-19,overall,5.9
Negeri Sembilan,Port Dickson,1/1/2022,male,20-24,overall,7.9
Negeri Sembilan,Port Dickson,1/1/2022,male,25-29,overall,5.6
Negeri Sembilan,Port Dickson,1/1/2022,male,30-34,overall,5.7
Negeri Sembilan,Port Dickson,1/1/2022,male,35-39,overall,5.4
Negeri Sembilan,Port Dickson,1/1/2022,male,40-44,overall,4.3
Negeri Sembilan,Port Dickson,1/1/2022,male,45-49,overall,3.8
Negeri Sembilan,Port Dickson,1/1/2022,male,50-54,overall,3.1
Negeri Sembilan,Port Dickson,1/1/2022,male,55-59,overall,3.3
Negeri Sembilan,Port Dickson,1/1/2022,male,60-64,overall,3
Negeri Sembilan,Port Dickson,1/1/2022,male,65-69,overall,2
Negeri Sembilan,Port Dickson,1/1/2022,male,70-74,overall,1.2
Negeri Sembilan,Port Dickson,1/1/2022,male,75-79,overall,0.5
Negeri Sembilan,Port Dickson,1/1/2022,male,80-84,overall,0.3
Negeri Sembilan,Port Dickson,1/1/2022,male,85+,overall,0.1
Negeri Sembilan,Rembau,1/1/2022,female,0-4,overall,1.6
Negeri Sembilan,Rembau,1/1/2022,female,5-9,overall,1.4
Negeri Sembilan,Rembau,1/1/2022,female,10-14,overall,1.6
Negeri Sembilan,Rembau,1/1/2022,female,15-19,overall,1.7
Negeri Sembilan,Rembau,1/1/2022,female,20-24,overall,3.8
Negeri Sembilan,Rembau,1/1/2022,female,25-29,overall,1.8
Negeri Sembilan,Rembau,1/1/2022,female,30-34,overall,1.4
Negeri Sembilan,Rembau,1/1/2022,female,35-39,overall,1.4
Negeri Sembilan,Rembau,1/1/2022,female,40-44,overall,1.2
Negeri Sembilan,Rembau,1/1/2022,female,45-49,overall,1
Negeri Sembilan,Rembau,1/1/2022,female,50-54,overall,1.3
Negeri Sembilan,Rembau,1/1/2022,female,55-59,overall,1.4
Negeri Sembilan,Rembau,1/1/2022,female,60-64,overall,1.3
Negeri Sembilan,Rembau,1/1/2022,female,65-69,overall,1
Negeri Sembilan,Rembau,1/1/2022,female,70-74,overall,0.8
Negeri Sembilan,Rembau,1/1/2022,female,75-79,overall,0.4
Negeri Sembilan,Rembau,1/1/2022,female,80-84,overall,0.3
Negeri Sembilan,Rembau,1/1/2022,female,85+,overall,0.2
Negeri Sembilan,Rembau,1/1/2022,male,0-4,overall,1.6
Negeri Sembilan,Rembau,1/1/2022,male,5-9,overall,1.9
Negeri Sembilan,Rembau,1/1/2022,male,10-14,overall,1.9
Negeri Sembilan,Rembau,1/1/2022,male,15-19,overall,1.9
Negeri Sembilan,Rembau,1/1/2022,male,20-24,overall,3.1
Negeri Sembilan,Rembau,1/1/2022,male,25-29,overall,2.4
Negeri Sembilan,Rembau,1/1/2022,male,30-34,overall,2.2
Negeri Sembilan,Rembau,1/1/2022,male,35-39,overall,1.6
Negeri Sembilan,Rembau,1/1/2022,male,40-44,overall,1.2
Negeri Sembilan,Rembau,1/1/2022,male,45-49,overall,1
Negeri Sembilan,Rembau,1/1/2022,male,50-54,overall,1
Negeri Sembilan,Rembau,1/1/2022,male,55-59,overall,1.2
Negeri Sembilan,Rembau,1/1/2022,male,60-64,overall,1.2
Negeri Sembilan,Rembau,1/1/2022,male,65-69,overall,0.9
Negeri Sembilan,Rembau,1/1/2022,male,70-74,overall,0.5
Negeri Sembilan,Rembau,1/1/2022,male,75-79,overall,0.3
Negeri Sembilan,Rembau,1/1/2022,male,80-84,overall,0.2
Negeri Sembilan,Rembau,1/1/2022,male,85+,overall,0.1
Negeri Sembilan,Seremban,1/1/2022,female,0-4,overall,22.9
Negeri Sembilan,Seremban,1/1/2022,female,5-9,overall,31.5
Negeri Sembilan,Seremban,1/1/2022,female,10-14,overall,26.8
Negeri Sembilan,Seremban,1/1/2022,female,15-19,overall,24.9
Negeri Sembilan,Seremban,1/1/2022,female,20-24,overall,30.4
Negeri Sembilan,Seremban,1/1/2022,female,25-29,overall,27.5
Negeri Sembilan,Seremban,1/1/2022,female,30-34,overall,30.2
Negeri Sembilan,Seremban,1/1/2022,female,35-39,overall,30.6
Negeri Sembilan,Seremban,1/1/2022,female,40-44,overall,23.9
Negeri Sembilan,Seremban,1/1/2022,female,45-49,overall,20.2
Negeri Sembilan,Seremban,1/1/2022,female,50-54,overall,15.6
Negeri Sembilan,Seremban,1/1/2022,female,55-59,overall,16
Negeri Sembilan,Seremban,1/1/2022,female,60-64,overall,14
Negeri Sembilan,Seremban,1/1/2022,female,65-69,overall,9.8
Negeri Sembilan,Seremban,1/1/2022,female,70-74,overall,7.2
Negeri Sembilan,Seremban,1/1/2022,female,75-79,overall,3.7
Negeri Sembilan,Seremban,1/1/2022,female,80-84,overall,2.3
Negeri Sembilan,Seremban,1/1/2022,female,85+,overall,0.9
Negeri Sembilan,Seremban,1/1/2022,male,0-4,overall,21.5
Negeri Sembilan,Seremban,1/1/2022,male,5-9,overall,34.7
Negeri Sembilan,Seremban,1/1/2022,male,10-14,overall,30.5
Negeri Sembilan,Seremban,1/1/2022,male,15-19,overall,28.6
Negeri Sembilan,Seremban,1/1/2022,male,20-24,overall,30.9
Negeri Sembilan,Seremban,1/1/2022,male,25-29,overall,30.7
Negeri Sembilan,Seremban,1/1/2022,male,30-34,overall,36
Negeri Sembilan,Seremban,1/1/2022,male,35-39,overall,34.1
Negeri Sembilan,Seremban,1/1/2022,male,40-44,overall,27.4
Negeri Sembilan,Seremban,1/1/2022,male,45-49,overall,18.8
Negeri Sembilan,Seremban,1/1/2022,male,50-54,overall,15.3
Negeri Sembilan,Seremban,1/1/2022,male,55-59,overall,14.2
Negeri Sembilan,Seremban,1/1/2022,male,60-64,overall,14
Negeri Sembilan,Seremban,1/1/2022,male,65-69,overall,9.1
Negeri Sembilan,Seremban,1/1/2022,male,70-74,overall,6.6
Negeri Sembilan,Seremban,1/1/2022,male,75-79,overall,3.3
Negeri Sembilan,Seremban,1/1/2022,male,80-84,overall,2.1
Negeri Sembilan,Seremban,1/1/2022,male,85+,overall,0.7
Negeri Sembilan,Tampin,1/1/2022,female,0-4,overall,3.5
Negeri Sembilan,Tampin,1/1/2022,female,5-9,overall,4
Negeri Sembilan,Tampin,1/1/2022,female,10-14,overall,4.8
Negeri Sembilan,Tampin,1/1/2022,female,15-19,overall,3.6
Negeri Sembilan,Tampin,1/1/2022,female,20-24,overall,2.2
Negeri Sembilan,Tampin,1/1/2022,female,25-29,overall,2.3
Negeri Sembilan,Tampin,1/1/2022,female,30-34,overall,3.2
Negeri Sembilan,Tampin,1/1/2022,female,35-39,overall,3
Negeri Sembilan,Tampin,1/1/2022,female,40-44,overall,2.5
Negeri Sembilan,Tampin,1/1/2022,female,45-49,overall,2.3
Negeri Sembilan,Tampin,1/1/2022,female,50-54,overall,2.3
Negeri Sembilan,Tampin,1/1/2022,female,55-59,overall,2.2
Negeri Sembilan,Tampin,1/1/2022,female,60-64,overall,2.1
Negeri Sembilan,Tampin,1/1/2022,female,65-69,overall,1.7
Negeri Sembilan,Tampin,1/1/2022,female,70-74,overall,1.1
Negeri Sembilan,Tampin,1/1/2022,female,75-79,overall,0.6
Negeri Sembilan,Tampin,1/1/2022,female,80-84,overall,0.3
Negeri Sembilan,Tampin,1/1/2022,female,85+,overall,0.2
Negeri Sembilan,Tampin,1/1/2022,male,0-4,overall,3.2
Negeri Sembilan,Tampin,1/1/2022,male,5-9,overall,4.4
Negeri Sembilan,Tampin,1/1/2022,male,10-14,overall,4.6
Negeri Sembilan,Tampin,1/1/2022,male,15-19,overall,4.2
Negeri Sembilan,Tampin,1/1/2022,male,20-24,overall,2.8
Negeri Sembilan,Tampin,1/1/2022,male,25-29,overall,3.2
Negeri Sembilan,Tampin,1/1/2022,male,30-34,overall,4.1
Negeri Sembilan,Tampin,1/1/2022,male,35-39,overall,5.2
Negeri Sembilan,Tampin,1/1/2022,male,40-44,overall,3.3
Negeri Sembilan,Tampin,1/1/2022,male,45-49,overall,2.4
Negeri Sembilan,Tampin,1/1/2022,male,50-54,overall,2
Negeri Sembilan,Tampin,1/1/2022,male,55-59,overall,1.9
Negeri Sembilan,Tampin,1/1/2022,male,60-64,overall,2.1
Negeri Sembilan,Tampin,1/1/2022,male,65-69,overall,1.6
Negeri Sembilan,Tampin,1/1/2022,male,70-74,overall,1.1
Negeri Sembilan,Tampin,1/1/2022,male,75-79,overall,0.5
Negeri Sembilan,Tampin,1/1/2022,male,80-84,overall,0.3
Negeri Sembilan,Tampin,1/1/2022,male,85+,overall,0.2
Pahang,Bentong,1/1/2022,female,0-4,overall,3.7
Pahang,Bentong,1/1/2022,female,5-9,overall,4.5
Pahang,Bentong,1/1/2022,female,10-14,overall,5
Pahang,Bentong,1/1/2022,female,15-19,overall,4.8
Pahang,Bentong,1/1/2022,female,20-24,overall,3.4
Pahang,Bentong,1/1/2022,female,25-29,overall,3.7
Pahang,Bentong,1/1/2022,female,30-34,overall,3.8
Pahang,Bentong,1/1/2022,female,35-39,overall,4
Pahang,Bentong,1/1/2022,female,40-44,overall,3.8
Pahang,Bentong,1/1/2022,female,45-49,overall,3
Pahang,Bentong,1/1/2022,female,50-54,overall,2.6
Pahang,Bentong,1/1/2022,female,55-59,overall,2.3
Pahang,Bentong,1/1/2022,female,60-64,overall,2.1
Pahang,Bentong,1/1/2022,female,65-69,overall,1.6
Pahang,Bentong,1/1/2022,female,70-74,overall,1.3
Pahang,Bentong,1/1/2022,female,75-79,overall,0.8
Pahang,Bentong,1/1/2022,female,80-84,overall,0.4
Pahang,Bentong,1/1/2022,female,85+,overall,0.3
Pahang,Bentong,1/1/2022,male,0-4,overall,3.9
Pahang,Bentong,1/1/2022,male,5-9,overall,4.8
Pahang,Bentong,1/1/2022,male,10-14,overall,5.4
Pahang,Bentong,1/1/2022,male,15-19,overall,5.6
Pahang,Bentong,1/1/2022,male,20-24,overall,5.1
Pahang,Bentong,1/1/2022,male,25-29,overall,7
Pahang,Bentong,1/1/2022,male,30-34,overall,6.5
Pahang,Bentong,1/1/2022,male,35-39,overall,6.2
Pahang,Bentong,1/1/2022,male,40-44,overall,5.4
Pahang,Bentong,1/1/2022,male,45-49,overall,3.8
Pahang,Bentong,1/1/2022,male,50-54,overall,3.1
Pahang,Bentong,1/1/2022,male,55-59,overall,2.6
Pahang,Bentong,1/1/2022,male,60-64,overall,2.1
Pahang,Bentong,1/1/2022,male,65-69,overall,1.6
Pahang,Bentong,1/1/2022,male,70-74,overall,1.3
Pahang,Bentong,1/1/2022,male,75-79,overall,0.7
Pahang,Bentong,1/1/2022,male,80-84,overall,0.4
Pahang,Bentong,1/1/2022,male,85+,overall,0.4
Pahang,Bera,1/1/2022,female,0-4,overall,3.4
Pahang,Bera,1/1/2022,female,5-9,overall,4.3
Pahang,Bera,1/1/2022,female,10-14,overall,4.6
Pahang,Bera,1/1/2022,female,15-19,overall,5
Pahang,Bera,1/1/2022,female,20-24,overall,3.3
Pahang,Bera,1/1/2022,female,25-29,overall,2.8
Pahang,Bera,1/1/2022,female,30-34,overall,3.2
Pahang,Bera,1/1/2022,female,35-39,overall,3.4
Pahang,Bera,1/1/2022,female,40-44,overall,3.6
Pahang,Bera,1/1/2022,female,45-49,overall,2.6
Pahang,Bera,1/1/2022,female,50-54,overall,2.3
Pahang,Bera,1/1/2022,female,55-59,overall,1.9
Pahang,Bera,1/1/2022,female,60-64,overall,1.9
Pahang,Bera,1/1/2022,female,65-69,overall,1.5
Pahang,Bera,1/1/2022,female,70-74,overall,1.1
Pahang,Bera,1/1/2022,female,75-79,overall,0.7
Pahang,Bera,1/1/2022,female,80-84,overall,0.4
Pahang,Bera,1/1/2022,female,85+,overall,0.3
Pahang,Bera,1/1/2022,male,0-4,overall,3.6
Pahang,Bera,1/1/2022,male,5-9,overall,4.3
Pahang,Bera,1/1/2022,male,10-14,overall,4.7
Pahang,Bera,1/1/2022,male,15-19,overall,5.7
Pahang,Bera,1/1/2022,male,20-24,overall,4.1
Pahang,Bera,1/1/2022,male,25-29,overall,4.4
Pahang,Bera,1/1/2022,male,30-34,overall,4.7
Pahang,Bera,1/1/2022,male,35-39,overall,4.4
Pahang,Bera,1/1/2022,male,40-44,overall,4.1
Pahang,Bera,1/1/2022,male,45-49,overall,2.9
Pahang,Bera,1/1/2022,male,50-54,overall,2.4
Pahang,Bera,1/1/2022,male,55-59,overall,2
Pahang,Bera,1/1/2022,male,60-64,overall,1.8
Pahang,Bera,1/1/2022,male,65-69,overall,1.3
Pahang,Bera,1/1/2022,male,70-74,overall,1
Pahang,Bera,1/1/2022,male,75-79,overall,0.6
Pahang,Bera,1/1/2022,male,80-84,overall,0.3
Pahang,Bera,1/1/2022,male,85+,overall,0.3
Pahang,Cameron Highlands,1/1/2022,female,0-4,overall,1.3
Pahang,Cameron Highlands,1/1/2022,female,5-9,overall,1.6
Pahang,Cameron Highlands,1/1/2022,female,10-14,overall,1.5
Pahang,Cameron Highlands,1/1/2022,female,15-19,overall,1.7
Pahang,Cameron Highlands,1/1/2022,female,20-24,overall,1.4
Pahang,Cameron Highlands,1/1/2022,female,25-29,overall,1.2
Pahang,Cameron Highlands,1/1/2022,female,30-34,overall,1.4
Pahang,Cameron Highlands,1/1/2022,female,35-39,overall,1.2
Pahang,Cameron Highlands,1/1/2022,female,40-44,overall,1.1
Pahang,Cameron Highlands,1/1/2022,female,45-49,overall,1.1
Pahang,Cameron Highlands,1/1/2022,female,50-54,overall,0.9
Pahang,Cameron Highlands,1/1/2022,female,55-59,overall,0.7
Pahang,Cameron Highlands,1/1/2022,female,60-64,overall,0.6
Pahang,Cameron Highlands,1/1/2022,female,65-69,overall,0.5
Pahang,Cameron Highlands,1/1/2022,female,70-74,overall,0.5
Pahang,Cameron Highlands,1/1/2022,female,75-79,overall,0.3
Pahang,Cameron Highlands,1/1/2022,female,80-84,overall,0.1
Pahang,Cameron Highlands,1/1/2022,female,85+,overall,0.1
Pahang,Cameron Highlands,1/1/2022,male,0-4,overall,1.3
Pahang,Cameron Highlands,1/1/2022,male,5-9,overall,1.4
Pahang,Cameron Highlands,1/1/2022,male,10-14,overall,1.7
Pahang,Cameron Highlands,1/1/2022,male,15-19,overall,2
Pahang,Cameron Highlands,1/1/2022,male,20-24,overall,1.8
Pahang,Cameron Highlands,1/1/2022,male,25-29,overall,2.6
Pahang,Cameron Highlands,1/1/2022,male,30-34,overall,2.7
Pahang,Cameron Highlands,1/1/2022,male,35-39,overall,2.2
Pahang,Cameron Highlands,1/1/2022,male,40-44,overall,1.6
Pahang,Cameron Highlands,1/1/2022,male,45-49,overall,1.2
Pahang,Cameron Highlands,1/1/2022,male,50-54,overall,1
Pahang,Cameron Highlands,1/1/2022,male,55-59,overall,0.7
Pahang,Cameron Highlands,1/1/2022,male,60-64,overall,0.6
Pahang,Cameron Highlands,1/1/2022,male,65-69,overall,0.5
Pahang,Cameron Highlands,1/1/2022,male,70-74,overall,0.5
Pahang,Cameron Highlands,1/1/2022,male,75-79,overall,0.2
Pahang,Cameron Highlands,1/1/2022,male,80-84,overall,0.1
Pahang,Cameron Highlands,1/1/2022,male,85+,overall,0.2
Pahang,Jerantut,1/1/2022,female,0-4,overall,3.9
Pahang,Jerantut,1/1/2022,female,5-9,overall,4.4
Pahang,Jerantut,1/1/2022,female,10-14,overall,4.4
Pahang,Jerantut,1/1/2022,female,15-19,overall,4.7
Pahang,Jerantut,1/1/2022,female,20-24,overall,3.3
Pahang,Jerantut,1/1/2022,female,25-29,overall,2.6
Pahang,Jerantut,1/1/2022,female,30-34,overall,3.3
Pahang,Jerantut,1/1/2022,female,35-39,overall,3.5
Pahang,Jerantut,1/1/2022,female,40-44,overall,3
Pahang,Jerantut,1/1/2022,female,45-49,overall,2.6
Pahang,Jerantut,1/1/2022,female,50-54,overall,2.4
Pahang,Jerantut,1/1/2022,female,55-59,overall,2.1
Pahang,Jerantut,1/1/2022,female,60-64,overall,1.9
Pahang,Jerantut,1/1/2022,female,65-69,overall,1.4
Pahang,Jerantut,1/1/2022,female,70-74,overall,1
Pahang,Jerantut,1/1/2022,female,75-79,overall,0.6
Pahang,Jerantut,1/1/2022,female,80-84,overall,0.3
Pahang,Jerantut,1/1/2022,female,85+,overall,0.2
Pahang,Jerantut,1/1/2022,male,0-4,overall,4
Pahang,Jerantut,1/1/2022,male,5-9,overall,4.6
Pahang,Jerantut,1/1/2022,male,10-14,overall,4.7
Pahang,Jerantut,1/1/2022,male,15-19,overall,5.7
Pahang,Jerantut,1/1/2022,male,20-24,overall,3.9
Pahang,Jerantut,1/1/2022,male,25-29,overall,3.9
Pahang,Jerantut,1/1/2022,male,30-34,overall,4.8
Pahang,Jerantut,1/1/2022,male,35-39,overall,4.2
Pahang,Jerantut,1/1/2022,male,40-44,overall,3.4
Pahang,Jerantut,1/1/2022,male,45-49,overall,2.7
Pahang,Jerantut,1/1/2022,male,50-54,overall,2.4
Pahang,Jerantut,1/1/2022,male,55-59,overall,2.2
Pahang,Jerantut,1/1/2022,male,60-64,overall,1.9
Pahang,Jerantut,1/1/2022,male,65-69,overall,1.2
Pahang,Jerantut,1/1/2022,male,70-74,overall,0.9
Pahang,Jerantut,1/1/2022,male,75-79,overall,0.5
Pahang,Jerantut,1/1/2022,male,80-84,overall,0.3
Pahang,Jerantut,1/1/2022,male,85+,overall,0.3
Pahang,Kuantan,1/1/2022,female,0-4,overall,21
Pahang,Kuantan,1/1/2022,female,5-9,overall,22
Pahang,Kuantan,1/1/2022,female,10-14,overall,23.4
Pahang,Kuantan,1/1/2022,female,15-19,overall,28
Pahang,Kuantan,1/1/2022,female,20-24,overall,20.6
Pahang,Kuantan,1/1/2022,female,25-29,overall,17.5
Pahang,Kuantan,1/1/2022,female,30-34,overall,20.3
Pahang,Kuantan,1/1/2022,female,35-39,overall,23.8
Pahang,Kuantan,1/1/2022,female,40-44,overall,24.5
Pahang,Kuantan,1/1/2022,female,45-49,overall,18.8
Pahang,Kuantan,1/1/2022,female,50-54,overall,12.6
Pahang,Kuantan,1/1/2022,female,55-59,overall,9.8
Pahang,Kuantan,1/1/2022,female,60-64,overall,8
Pahang,Kuantan,1/1/2022,female,65-69,overall,6.1
Pahang,Kuantan,1/1/2022,female,70-74,overall,5.5
Pahang,Kuantan,1/1/2022,female,75-79,overall,3.1
Pahang,Kuantan,1/1/2022,female,80-84,overall,1.8
Pahang,Kuantan,1/1/2022,female,85+,overall,1.4
Pahang,Kuantan,1/1/2022,male,0-4,overall,21.6
Pahang,Kuantan,1/1/2022,male,5-9,overall,22.8
Pahang,Kuantan,1/1/2022,male,10-14,overall,25.2
Pahang,Kuantan,1/1/2022,male,15-19,overall,31.5
Pahang,Kuantan,1/1/2022,male,20-24,overall,22
Pahang,Kuantan,1/1/2022,male,25-29,overall,19.6
Pahang,Kuantan,1/1/2022,male,30-34,overall,22.7
Pahang,Kuantan,1/1/2022,male,35-39,overall,25.4
Pahang,Kuantan,1/1/2022,male,40-44,overall,29.4
Pahang,Kuantan,1/1/2022,male,45-49,overall,17.6
Pahang,Kuantan,1/1/2022,male,50-54,overall,13.9
Pahang,Kuantan,1/1/2022,male,55-59,overall,10.5
Pahang,Kuantan,1/1/2022,male,60-64,overall,8.7
Pahang,Kuantan,1/1/2022,male,65-69,overall,6.5
Pahang,Kuantan,1/1/2022,male,70-74,overall,5.7
Pahang,Kuantan,1/1/2022,male,75-79,overall,3.2
Pahang,Kuantan,1/1/2022,male,80-84,overall,1.8
Pahang,Kuantan,1/1/2022,male,85+,overall,1.6
Pahang,Lipis,1/1/2022,female,0-4,overall,4
Pahang,Lipis,1/1/2022,female,5-9,overall,4.4
Pahang,Lipis,1/1/2022,female,10-14,overall,4.2
Pahang,Lipis,1/1/2022,female,15-19,overall,4.7
Pahang,Lipis,1/1/2022,female,20-24,overall,4.3
Pahang,Lipis,1/1/2022,female,25-29,overall,3.4
Pahang,Lipis,1/1/2022,female,30-34,overall,3.4
Pahang,Lipis,1/1/2022,female,35-39,overall,3.2
Pahang,Lipis,1/1/2022,female,40-44,overall,3
Pahang,Lipis,1/1/2022,female,45-49,overall,2.5
Pahang,Lipis,1/1/2022,female,50-54,overall,2.1
Pahang,Lipis,1/1/2022,female,55-59,overall,2.1
Pahang,Lipis,1/1/2022,female,60-64,overall,2
Pahang,Lipis,1/1/2022,female,65-69,overall,1.1
Pahang,Lipis,1/1/2022,female,70-74,overall,0.8
Pahang,Lipis,1/1/2022,female,75-79,overall,0.5
Pahang,Lipis,1/1/2022,female,80-84,overall,0.2
Pahang,Lipis,1/1/2022,female,85+,overall,0.2
Pahang,Lipis,1/1/2022,male,0-4,overall,4
Pahang,Lipis,1/1/2022,male,5-9,overall,4.4
Pahang,Lipis,1/1/2022,male,10-14,overall,4.6
Pahang,Lipis,1/1/2022,male,15-19,overall,5.1
Pahang,Lipis,1/1/2022,male,20-24,overall,4.6
Pahang,Lipis,1/1/2022,male,25-29,overall,4.7
Pahang,Lipis,1/1/2022,male,30-34,overall,4.5
Pahang,Lipis,1/1/2022,male,35-39,overall,4.2
Pahang,Lipis,1/1/2022,male,40-44,overall,3.6
Pahang,Lipis,1/1/2022,male,45-49,overall,2.8
Pahang,Lipis,1/1/2022,male,50-54,overall,2.1
Pahang,Lipis,1/1/2022,male,55-59,overall,2.1
Pahang,Lipis,1/1/2022,male,60-64,overall,2.2
Pahang,Lipis,1/1/2022,male,65-69,overall,1.1
Pahang,Lipis,1/1/2022,male,70-74,overall,0.8
Pahang,Lipis,1/1/2022,male,75-79,overall,0.4
Pahang,Lipis,1/1/2022,male,80-84,overall,0.3
Pahang,Lipis,1/1/2022,male,85+,overall,0.2
Pahang,Maran,1/1/2022,female,0-4,overall,4.9
Pahang,Maran,1/1/2022,female,5-9,overall,5.4
Pahang,Maran,1/1/2022,female,10-14,overall,5.3
Pahang,Maran,1/1/2022,female,15-19,overall,4.9
Pahang,Maran,1/1/2022,female,20-24,overall,6.4
Pahang,Maran,1/1/2022,female,25-29,overall,3
Pahang,Maran,1/1/2022,female,30-34,overall,3.4
Pahang,Maran,1/1/2022,female,35-39,overall,4
Pahang,Maran,1/1/2022,female,40-44,overall,3.7
Pahang,Maran,1/1/2022,female,45-49,overall,3
Pahang,Maran,1/1/2022,female,50-54,overall,2.6
Pahang,Maran,1/1/2022,female,55-59,overall,2.2
Pahang,Maran,1/1/2022,female,60-64,overall,2
Pahang,Maran,1/1/2022,female,65-69,overall,1.7
Pahang,Maran,1/1/2022,female,70-74,overall,1.1
Pahang,Maran,1/1/2022,female,75-79,overall,0.6
Pahang,Maran,1/1/2022,female,80-84,overall,0.4
Pahang,Maran,1/1/2022,female,85+,overall,0.3
Pahang,Maran,1/1/2022,male,0-4,overall,5.4
Pahang,Maran,1/1/2022,male,5-9,overall,6.1
Pahang,Maran,1/1/2022,male,10-14,overall,6
Pahang,Maran,1/1/2022,male,15-19,overall,5.7
Pahang,Maran,1/1/2022,male,20-24,overall,6.2
Pahang,Maran,1/1/2022,male,25-29,overall,4
Pahang,Maran,1/1/2022,male,30-34,overall,4.5
Pahang,Maran,1/1/2022,male,35-39,overall,4.8
Pahang,Maran,1/1/2022,male,40-44,overall,4.2
Pahang,Maran,1/1/2022,male,45-49,overall,3.3
Pahang,Maran,1/1/2022,male,50-54,overall,2.7
Pahang,Maran,1/1/2022,male,55-59,overall,2.2
Pahang,Maran,1/1/2022,male,60-64,overall,1.6
Pahang,Maran,1/1/2022,male,65-69,overall,1.3
Pahang,Maran,1/1/2022,male,70-74,overall,0.9
Pahang,Maran,1/1/2022,male,75-79,overall,0.4
Pahang,Maran,1/1/2022,male,80-84,overall,0.2
Pahang,Maran,1/1/2022,male,85+,overall,0.2
Pahang,Pekan,1/1/2022,female,0-4,overall,5.3
Pahang,Pekan,1/1/2022,female,5-9,overall,5
Pahang,Pekan,1/1/2022,female,10-14,overall,5
Pahang,Pekan,1/1/2022,female,15-19,overall,6.1
Pahang,Pekan,1/1/2022,female,20-24,overall,5.8
Pahang,Pekan,1/1/2022,female,25-29,overall,4.9
Pahang,Pekan,1/1/2022,female,30-34,overall,4
Pahang,Pekan,1/1/2022,female,35-39,overall,3.6
Pahang,Pekan,1/1/2022,female,40-44,overall,3.7
Pahang,Pekan,1/1/2022,female,45-49,overall,2.9
Pahang,Pekan,1/1/2022,female,50-54,overall,2.6
Pahang,Pekan,1/1/2022,female,55-59,overall,2.6
Pahang,Pekan,1/1/2022,female,60-64,overall,2.5
Pahang,Pekan,1/1/2022,female,65-69,overall,1.4
Pahang,Pekan,1/1/2022,female,70-74,overall,0.8
Pahang,Pekan,1/1/2022,female,75-79,overall,0.5
Pahang,Pekan,1/1/2022,female,80-84,overall,0.3
Pahang,Pekan,1/1/2022,female,85+,overall,0.2
Pahang,Pekan,1/1/2022,male,0-4,overall,5.4
Pahang,Pekan,1/1/2022,male,5-9,overall,5.1
Pahang,Pekan,1/1/2022,male,10-14,overall,5.2
Pahang,Pekan,1/1/2022,male,15-19,overall,6.4
Pahang,Pekan,1/1/2022,male,20-24,overall,8.5
Pahang,Pekan,1/1/2022,male,25-29,overall,7.5
Pahang,Pekan,1/1/2022,male,30-34,overall,5.6
Pahang,Pekan,1/1/2022,male,35-39,overall,5.1
Pahang,Pekan,1/1/2022,male,40-44,overall,4.8
Pahang,Pekan,1/1/2022,male,45-49,overall,2.9
Pahang,Pekan,1/1/2022,male,50-54,overall,2.5
Pahang,Pekan,1/1/2022,male,55-59,overall,2.2
Pahang,Pekan,1/1/2022,male,60-64,overall,2.2
Pahang,Pekan,1/1/2022,male,65-69,overall,1.3
Pahang,Pekan,1/1/2022,male,70-74,overall,0.8
Pahang,Pekan,1/1/2022,male,75-79,overall,0.4
Pahang,Pekan,1/1/2022,male,80-84,overall,0.3
Pahang,Pekan,1/1/2022,male,85+,overall,0.2
Pahang,Raub,1/1/2022,female,0-4,overall,3.1
Pahang,Raub,1/1/2022,female,5-9,overall,3.9
Pahang,Raub,1/1/2022,female,10-14,overall,4.6
Pahang,Raub,1/1/2022,female,15-19,overall,4.7
Pahang,Raub,1/1/2022,female,20-24,overall,4.2
Pahang,Raub,1/1/2022,female,25-29,overall,2.6
Pahang,Raub,1/1/2022,female,30-34,overall,3.6
Pahang,Raub,1/1/2022,female,35-39,overall,3.4
Pahang,Raub,1/1/2022,female,40-44,overall,3.1
Pahang,Raub,1/1/2022,female,45-49,overall,2.4
Pahang,Raub,1/1/2022,female,50-54,overall,2.1
Pahang,Raub,1/1/2022,female,55-59,overall,2.2
Pahang,Raub,1/1/2022,female,60-64,overall,2.2
Pahang,Raub,1/1/2022,female,65-69,overall,1.4
Pahang,Raub,1/1/2022,female,70-74,overall,1.1
Pahang,Raub,1/1/2022,female,75-79,overall,0.7
Pahang,Raub,1/1/2022,female,80-84,overall,0.4
Pahang,Raub,1/1/2022,female,85+,overall,0.2
Pahang,Raub,1/1/2022,male,0-4,overall,3.2
Pahang,Raub,1/1/2022,male,5-9,overall,3.9
Pahang,Raub,1/1/2022,male,10-14,overall,4.8
Pahang,Raub,1/1/2022,male,15-19,overall,5.3
Pahang,Raub,1/1/2022,male,20-24,overall,3.9
Pahang,Raub,1/1/2022,male,25-29,overall,4
Pahang,Raub,1/1/2022,male,30-34,overall,4.8
Pahang,Raub,1/1/2022,male,35-39,overall,4.8
Pahang,Raub,1/1/2022,male,40-44,overall,3.5
Pahang,Raub,1/1/2022,male,45-49,overall,2.6
Pahang,Raub,1/1/2022,male,50-54,overall,2.2
Pahang,Raub,1/1/2022,male,55-59,overall,2.1
Pahang,Raub,1/1/2022,male,60-64,overall,2.1
Pahang,Raub,1/1/2022,male,65-69,overall,1.4
Pahang,Raub,1/1/2022,male,70-74,overall,1.1
Pahang,Raub,1/1/2022,male,75-79,overall,0.6
Pahang,Raub,1/1/2022,male,80-84,overall,0.3
Pahang,Raub,1/1/2022,male,85+,overall,0.3
Pahang,Rompin,1/1/2022,female,0-4,overall,4.7
Pahang,Rompin,1/1/2022,female,5-9,overall,4.5
Pahang,Rompin,1/1/2022,female,10-14,overall,4.2
Pahang,Rompin,1/1/2022,female,15-19,overall,4.2
Pahang,Rompin,1/1/2022,female,20-24,overall,3.3
Pahang,Rompin,1/1/2022,female,25-29,overall,3.5
Pahang,Rompin,1/1/2022,female,30-34,overall,3.5
Pahang,Rompin,1/1/2022,female,35-39,overall,3.5
Pahang,Rompin,1/1/2022,female,40-44,overall,2.9
Pahang,Rompin,1/1/2022,female,45-49,overall,2.4
Pahang,Rompin,1/1/2022,female,50-54,overall,2.1
Pahang,Rompin,1/1/2022,female,55-59,overall,2.1
Pahang,Rompin,1/1/2022,female,60-64,overall,2.4
Pahang,Rompin,1/1/2022,female,65-69,overall,1.3
Pahang,Rompin,1/1/2022,female,70-74,overall,0.6
Pahang,Rompin,1/1/2022,female,75-79,overall,0.4
Pahang,Rompin,1/1/2022,female,80-84,overall,0.2
Pahang,Rompin,1/1/2022,female,85+,overall,0.2
Pahang,Rompin,1/1/2022,male,0-4,overall,4.9
Pahang,Rompin,1/1/2022,male,5-9,overall,4.7
Pahang,Rompin,1/1/2022,male,10-14,overall,4.8
Pahang,Rompin,1/1/2022,male,15-19,overall,4.5
Pahang,Rompin,1/1/2022,male,20-24,overall,4.5
Pahang,Rompin,1/1/2022,male,25-29,overall,5.3
Pahang,Rompin,1/1/2022,male,30-34,overall,5.3
Pahang,Rompin,1/1/2022,male,35-39,overall,5
Pahang,Rompin,1/1/2022,male,40-44,overall,3.9
Pahang,Rompin,1/1/2022,male,45-49,overall,2.7
Pahang,Rompin,1/1/2022,male,50-54,overall,2.1
Pahang,Rompin,1/1/2022,male,55-59,overall,2
Pahang,Rompin,1/1/2022,male,60-64,overall,1.9
Pahang,Rompin,1/1/2022,male,65-69,overall,1.2
Pahang,Rompin,1/1/2022,male,70-74,overall,0.7
Pahang,Rompin,1/1/2022,male,75-79,overall,0.4
Pahang,Rompin,1/1/2022,male,80-84,overall,0.3
Pahang,Rompin,1/1/2022,male,85+,overall,0.2
Pahang,Temerloh,1/1/2022,female,0-4,overall,7.2
Pahang,Temerloh,1/1/2022,female,5-9,overall,7.9
Pahang,Temerloh,1/1/2022,female,10-14,overall,8.1
Pahang,Temerloh,1/1/2022,female,15-19,overall,8.2
Pahang,Temerloh,1/1/2022,female,20-24,overall,4.8
Pahang,Temerloh,1/1/2022,female,25-29,overall,5.3
Pahang,Temerloh,1/1/2022,female,30-34,overall,6.6
Pahang,Temerloh,1/1/2022,female,35-39,overall,6.9
Pahang,Temerloh,1/1/2022,female,40-44,overall,6.2
Pahang,Temerloh,1/1/2022,female,45-49,overall,5.2
Pahang,Temerloh,1/1/2022,female,50-54,overall,3.9
Pahang,Temerloh,1/1/2022,female,55-59,overall,3.5
Pahang,Temerloh,1/1/2022,female,60-64,overall,3
Pahang,Temerloh,1/1/2022,female,65-69,overall,2.3
Pahang,Temerloh,1/1/2022,female,70-74,overall,1.9
Pahang,Temerloh,1/1/2022,female,75-79,overall,1.2
Pahang,Temerloh,1/1/2022,female,80-84,overall,0.6
Pahang,Temerloh,1/1/2022,female,85+,overall,0.5
Pahang,Temerloh,1/1/2022,male,0-4,overall,7.4
Pahang,Temerloh,1/1/2022,male,5-9,overall,8.4
Pahang,Temerloh,1/1/2022,male,10-14,overall,8.8
Pahang,Temerloh,1/1/2022,male,15-19,overall,9.2
Pahang,Temerloh,1/1/2022,male,20-24,overall,6
Pahang,Temerloh,1/1/2022,male,25-29,overall,6
Pahang,Temerloh,1/1/2022,male,30-34,overall,7.1
Pahang,Temerloh,1/1/2022,male,35-39,overall,7.4
Pahang,Temerloh,1/1/2022,male,40-44,overall,6.5
Pahang,Temerloh,1/1/2022,male,45-49,overall,5.2
Pahang,Temerloh,1/1/2022,male,50-54,overall,3.9
Pahang,Temerloh,1/1/2022,male,55-59,overall,3.3
Pahang,Temerloh,1/1/2022,male,60-64,overall,3
Pahang,Temerloh,1/1/2022,male,65-69,overall,2.1
Pahang,Temerloh,1/1/2022,male,70-74,overall,1.8
Pahang,Temerloh,1/1/2022,male,75-79,overall,1
Pahang,Temerloh,1/1/2022,male,80-84,overall,0.5
Pahang,Temerloh,1/1/2022,male,85+,overall,0.5
Perak,Bagan Datuk,1/1/2022,female,0-4,overall,1.6
Perak,Bagan Datuk,1/1/2022,female,5-9,overall,1.9
Perak,Bagan Datuk,1/1/2022,female,10-14,overall,2.9
Perak,Bagan Datuk,1/1/2022,female,15-19,overall,5.6
Perak,Bagan Datuk,1/1/2022,female,20-24,overall,2.3
Perak,Bagan Datuk,1/1/2022,female,25-29,overall,2.3
Perak,Bagan Datuk,1/1/2022,female,30-34,overall,2.3
Perak,Bagan Datuk,1/1/2022,female,35-39,overall,2.3
Perak,Bagan Datuk,1/1/2022,female,40-44,overall,2.7
Perak,Bagan Datuk,1/1/2022,female,45-49,overall,4
Perak,Bagan Datuk,1/1/2022,female,50-54,overall,1.9
Perak,Bagan Datuk,1/1/2022,female,55-59,overall,1.8
Perak,Bagan Datuk,1/1/2022,female,60-64,overall,1.7
Perak,Bagan Datuk,1/1/2022,female,65-69,overall,1.6
Perak,Bagan Datuk,1/1/2022,female,70-74,overall,1
Perak,Bagan Datuk,1/1/2022,female,75-79,overall,0.6
Perak,Bagan Datuk,1/1/2022,female,80-84,overall,0.3
Perak,Bagan Datuk,1/1/2022,female,85+,overall,0.2
Perak,Bagan Datuk,1/1/2022,male,0-4,overall,1.7
Perak,Bagan Datuk,1/1/2022,male,5-9,overall,2.1
Perak,Bagan Datuk,1/1/2022,male,10-14,overall,3.1
Perak,Bagan Datuk,1/1/2022,male,15-19,overall,6.8
Perak,Bagan Datuk,1/1/2022,male,20-24,overall,3.1
Perak,Bagan Datuk,1/1/2022,male,25-29,overall,3.7
Perak,Bagan Datuk,1/1/2022,male,30-34,overall,5.5
Perak,Bagan Datuk,1/1/2022,male,35-39,overall,3.6
Perak,Bagan Datuk,1/1/2022,male,40-44,overall,5.7
Perak,Bagan Datuk,1/1/2022,male,45-49,overall,2.2
Perak,Bagan Datuk,1/1/2022,male,50-54,overall,1.9
Perak,Bagan Datuk,1/1/2022,male,55-59,overall,1.6
Perak,Bagan Datuk,1/1/2022,male,60-64,overall,1.6
Perak,Bagan Datuk,1/1/2022,male,65-69,overall,1.2
Perak,Bagan Datuk,1/1/2022,male,70-74,overall,0.8
Perak,Bagan Datuk,1/1/2022,male,75-79,overall,0.5
Perak,Bagan Datuk,1/1/2022,male,80-84,overall,0.2
Perak,Bagan Datuk,1/1/2022,male,85+,overall,0.1
Perak,Batang Padang,1/1/2022,female,0-4,overall,3.8
Perak,Batang Padang,1/1/2022,female,5-9,overall,4.4
Perak,Batang Padang,1/1/2022,female,10-14,overall,4.9
Perak,Batang Padang,1/1/2022,female,15-19,overall,4.3
Perak,Batang Padang,1/1/2022,female,20-24,overall,6.2
Perak,Batang Padang,1/1/2022,female,25-29,overall,3.8
Perak,Batang Padang,1/1/2022,female,30-34,overall,4
Perak,Batang Padang,1/1/2022,female,35-39,overall,4.2
Perak,Batang Padang,1/1/2022,female,40-44,overall,3.5
Perak,Batang Padang,1/1/2022,female,45-49,overall,3.2
Perak,Batang Padang,1/1/2022,female,50-54,overall,2.9
Perak,Batang Padang,1/1/2022,female,55-59,overall,3.1
Perak,Batang Padang,1/1/2022,female,60-64,overall,3.2
Perak,Batang Padang,1/1/2022,female,65-69,overall,2.6
Perak,Batang Padang,1/1/2022,female,70-74,overall,2.1
Perak,Batang Padang,1/1/2022,female,75-79,overall,1.1
Perak,Batang Padang,1/1/2022,female,80-84,overall,0.6
Perak,Batang Padang,1/1/2022,female,85+,overall,0.3
Perak,Batang Padang,1/1/2022,male,0-4,overall,4.4
Perak,Batang Padang,1/1/2022,male,5-9,overall,5.7
Perak,Batang Padang,1/1/2022,male,10-14,overall,6.2
Perak,Batang Padang,1/1/2022,male,15-19,overall,5.7
Perak,Batang Padang,1/1/2022,male,20-24,overall,6.2
Perak,Batang Padang,1/1/2022,male,25-29,overall,5.7
Perak,Batang Padang,1/1/2022,male,30-34,overall,5.5
Perak,Batang Padang,1/1/2022,male,35-39,overall,5.3
Perak,Batang Padang,1/1/2022,male,40-44,overall,4.5
Perak,Batang Padang,1/1/2022,male,45-49,overall,3.6
Perak,Batang Padang,1/1/2022,male,50-54,overall,3.1
Perak,Batang Padang,1/1/2022,male,55-59,overall,3
Perak,Batang Padang,1/1/2022,male,60-64,overall,2.9
Perak,Batang Padang,1/1/2022,male,65-69,overall,2.2
Perak,Batang Padang,1/1/2022,male,70-74,overall,1.8
Perak,Batang Padang,1/1/2022,male,75-79,overall,1.1
Perak,Batang Padang,1/1/2022,male,80-84,overall,0.5
Perak,Batang Padang,1/1/2022,male,85+,overall,0.2
Perak,Hilir Perak,1/1/2022,female,0-4,overall,3.9
Perak,Hilir Perak,1/1/2022,female,5-9,overall,4.6
Perak,Hilir Perak,1/1/2022,female,10-14,overall,5.2
Perak,Hilir Perak,1/1/2022,female,15-19,overall,6.4
Perak,Hilir Perak,1/1/2022,female,20-24,overall,5.1
Perak,Hilir Perak,1/1/2022,female,25-29,overall,4.7
Perak,Hilir Perak,1/1/2022,female,30-34,overall,4.6
Perak,Hilir Perak,1/1/2022,female,35-39,overall,4.2
Perak,Hilir Perak,1/1/2022,female,40-44,overall,4.1
Perak,Hilir Perak,1/1/2022,female,45-49,overall,3.8
Perak,Hilir Perak,1/1/2022,female,50-54,overall,3.8
Perak,Hilir Perak,1/1/2022,female,55-59,overall,4.1
Perak,Hilir Perak,1/1/2022,female,60-64,overall,3.7
Perak,Hilir Perak,1/1/2022,female,65-69,overall,3.1
Perak,Hilir Perak,1/1/2022,female,70-74,overall,2.4
Perak,Hilir Perak,1/1/2022,female,75-79,overall,1.4
Perak,Hilir Perak,1/1/2022,female,80-84,overall,0.9
Perak,Hilir Perak,1/1/2022,female,85+,overall,0.6
Perak,Hilir Perak,1/1/2022,male,0-4,overall,4.2
Perak,Hilir Perak,1/1/2022,male,5-9,overall,4.7
Perak,Hilir Perak,1/1/2022,male,10-14,overall,5.5
Perak,Hilir Perak,1/1/2022,male,15-19,overall,6.5
Perak,Hilir Perak,1/1/2022,male,20-24,overall,7.3
Perak,Hilir Perak,1/1/2022,male,25-29,overall,7.3
Perak,Hilir Perak,1/1/2022,male,30-34,overall,6.7
Perak,Hilir Perak,1/1/2022,male,35-39,overall,6.2
Perak,Hilir Perak,1/1/2022,male,40-44,overall,5.2
Perak,Hilir Perak,1/1/2022,male,45-49,overall,4
Perak,Hilir Perak,1/1/2022,male,50-54,overall,3.7
Perak,Hilir Perak,1/1/2022,male,55-59,overall,3.6
Perak,Hilir Perak,1/1/2022,male,60-64,overall,3.4
Perak,Hilir Perak,1/1/2022,male,65-69,overall,2.9
Perak,Hilir Perak,1/1/2022,male,70-74,overall,2.1
Perak,Hilir Perak,1/1/2022,male,75-79,overall,1.2
Perak,Hilir Perak,1/1/2022,male,80-84,overall,0.7
Perak,Hilir Perak,1/1/2022,male,85+,overall,0.3
Perak,Hulu Perak,1/1/2022,female,0-4,overall,3.4
Perak,Hulu Perak,1/1/2022,female,5-9,overall,4.3
Perak,Hulu Perak,1/1/2022,female,10-14,overall,4.7
Perak,Hulu Perak,1/1/2022,female,15-19,overall,4.9
Perak,Hulu Perak,1/1/2022,female,20-24,overall,3.8
Perak,Hulu Perak,1/1/2022,female,25-29,overall,3.2
Perak,Hulu Perak,1/1/2022,female,30-34,overall,3.2
Perak,Hulu Perak,1/1/2022,female,35-39,overall,3.2
Perak,Hulu Perak,1/1/2022,female,40-44,overall,2.7
Perak,Hulu Perak,1/1/2022,female,45-49,overall,2.5
Perak,Hulu Perak,1/1/2022,female,50-54,overall,2.3
Perak,Hulu Perak,1/1/2022,female,55-59,overall,2.1
Perak,Hulu Perak,1/1/2022,female,60-64,overall,2
Perak,Hulu Perak,1/1/2022,female,65-69,overall,1.6
Perak,Hulu Perak,1/1/2022,female,70-74,overall,1.1
Perak,Hulu Perak,1/1/2022,female,75-79,overall,0.6
Perak,Hulu Perak,1/1/2022,female,80-84,overall,0.4
Perak,Hulu Perak,1/1/2022,female,85+,overall,0.3
Perak,Hulu Perak,1/1/2022,male,0-4,overall,3.7
Perak,Hulu Perak,1/1/2022,male,5-9,overall,4.3
Perak,Hulu Perak,1/1/2022,male,10-14,overall,5.1
Perak,Hulu Perak,1/1/2022,male,15-19,overall,5
Perak,Hulu Perak,1/1/2022,male,20-24,overall,4.3
Perak,Hulu Perak,1/1/2022,male,25-29,overall,4.1
Perak,Hulu Perak,1/1/2022,male,30-34,overall,3.9
Perak,Hulu Perak,1/1/2022,male,35-39,overall,3.7
Perak,Hulu Perak,1/1/2022,male,40-44,overall,3.2
Perak,Hulu Perak,1/1/2022,male,45-49,overall,2.4
Perak,Hulu Perak,1/1/2022,male,50-54,overall,2.3
Perak,Hulu Perak,1/1/2022,male,55-59,overall,2.1
Perak,Hulu Perak,1/1/2022,male,60-64,overall,1.9
Perak,Hulu Perak,1/1/2022,male,65-69,overall,1.6
Perak,Hulu Perak,1/1/2022,male,70-74,overall,1.1
Perak,Hulu Perak,1/1/2022,male,75-79,overall,0.6
Perak,Hulu Perak,1/1/2022,male,80-84,overall,0.3
Perak,Hulu Perak,1/1/2022,male,85+,overall,0.2
Perak,Kampar,1/1/2022,female,0-4,overall,2.3
Perak,Kampar,1/1/2022,female,5-9,overall,3.3
Perak,Kampar,1/1/2022,female,10-14,overall,3.2
Perak,Kampar,1/1/2022,female,15-19,overall,3.2
Perak,Kampar,1/1/2022,female,20-24,overall,7.3
Perak,Kampar,1/1/2022,female,25-29,overall,3.3
Perak,Kampar,1/1/2022,female,30-34,overall,2.7
Perak,Kampar,1/1/2022,female,35-39,overall,3.1
Perak,Kampar,1/1/2022,female,40-44,overall,2.8
Perak,Kampar,1/1/2022,female,45-49,overall,2.5
Perak,Kampar,1/1/2022,female,50-54,overall,2.4
Perak,Kampar,1/1/2022,female,55-59,overall,2.9
Perak,Kampar,1/1/2022,female,60-64,overall,3
Perak,Kampar,1/1/2022,female,65-69,overall,2.2
Perak,Kampar,1/1/2022,female,70-74,overall,1.8
Perak,Kampar,1/1/2022,female,75-79,overall,1
Perak,Kampar,1/1/2022,female,80-84,overall,0.6
Perak,Kampar,1/1/2022,female,85+,overall,0.4
Perak,Kampar,1/1/2022,male,0-4,overall,2.3
Perak,Kampar,1/1/2022,male,5-9,overall,3.4
Perak,Kampar,1/1/2022,male,10-14,overall,4
Perak,Kampar,1/1/2022,male,15-19,overall,3.7
Perak,Kampar,1/1/2022,male,20-24,overall,7.4
Perak,Kampar,1/1/2022,male,25-29,overall,3.9
Perak,Kampar,1/1/2022,male,30-34,overall,3.1
Perak,Kampar,1/1/2022,male,35-39,overall,3.4
Perak,Kampar,1/1/2022,male,40-44,overall,3
Perak,Kampar,1/1/2022,male,45-49,overall,2.4
Perak,Kampar,1/1/2022,male,50-54,overall,2.3
Perak,Kampar,1/1/2022,male,55-59,overall,2.6
Perak,Kampar,1/1/2022,male,60-64,overall,3.1
Perak,Kampar,1/1/2022,male,65-69,overall,2.1
Perak,Kampar,1/1/2022,male,70-74,overall,1.6
Perak,Kampar,1/1/2022,male,75-79,overall,0.8
Perak,Kampar,1/1/2022,male,80-84,overall,0.6
Perak,Kampar,1/1/2022,male,85+,overall,0.2
Perak,Kerian,1/1/2022,female,0-4,overall,5
Perak,Kerian,1/1/2022,female,5-9,overall,6.1
Perak,Kerian,1/1/2022,female,10-14,overall,6.7
Perak,Kerian,1/1/2022,female,15-19,overall,7.6
Perak,Kerian,1/1/2022,female,20-24,overall,7.1
Perak,Kerian,1/1/2022,female,25-29,overall,5.8
Perak,Kerian,1/1/2022,female,30-34,overall,5.1
Perak,Kerian,1/1/2022,female,35-39,overall,5.4
Perak,Kerian,1/1/2022,female,40-44,overall,5
Perak,Kerian,1/1/2022,female,45-49,overall,4.8
Perak,Kerian,1/1/2022,female,50-54,overall,5.1
Perak,Kerian,1/1/2022,female,55-59,overall,4.8
Perak,Kerian,1/1/2022,female,60-64,overall,4.3
Perak,Kerian,1/1/2022,female,65-69,overall,3.3
Perak,Kerian,1/1/2022,female,70-74,overall,2.6
Perak,Kerian,1/1/2022,female,75-79,overall,1.6
Perak,Kerian,1/1/2022,female,80-84,overall,0.8
Perak,Kerian,1/1/2022,female,85+,overall,0.4
Perak,Kerian,1/1/2022,male,0-4,overall,5.3
Perak,Kerian,1/1/2022,male,5-9,overall,6.7
Perak,Kerian,1/1/2022,male,10-14,overall,7.3
Perak,Kerian,1/1/2022,male,15-19,overall,8.5
Perak,Kerian,1/1/2022,male,20-24,overall,8
Perak,Kerian,1/1/2022,male,25-29,overall,7.2
Perak,Kerian,1/1/2022,male,30-34,overall,6.4
Perak,Kerian,1/1/2022,male,35-39,overall,6.1
Perak,Kerian,1/1/2022,male,40-44,overall,5.5
Perak,Kerian,1/1/2022,male,45-49,overall,4.6
Perak,Kerian,1/1/2022,male,50-54,overall,5
Perak,Kerian,1/1/2022,male,55-59,overall,4.5
Perak,Kerian,1/1/2022,male,60-64,overall,4.1
Perak,Kerian,1/1/2022,male,65-69,overall,2.8
Perak,Kerian,1/1/2022,male,70-74,overall,2.1
Perak,Kerian,1/1/2022,male,75-79,overall,1.1
Perak,Kerian,1/1/2022,male,80-84,overall,0.6
Perak,Kerian,1/1/2022,male,85+,overall,0.2
Perak,Kinta,1/1/2022,female,0-4,overall,27.6
Perak,Kinta,1/1/2022,female,5-9,overall,34.2
Perak,Kinta,1/1/2022,female,10-14,overall,35.3
Perak,Kinta,1/1/2022,female,15-19,overall,35.6
Perak,Kinta,1/1/2022,female,20-24,overall,29.5
Perak,Kinta,1/1/2022,female,25-29,overall,28.1
Perak,Kinta,1/1/2022,female,30-34,overall,28.4
Perak,Kinta,1/1/2022,female,35-39,overall,34.3
Perak,Kinta,1/1/2022,female,40-44,overall,31.3
Perak,Kinta,1/1/2022,female,45-49,overall,28.5
Perak,Kinta,1/1/2022,female,50-54,overall,23.9
Perak,Kinta,1/1/2022,female,55-59,overall,24.8
Perak,Kinta,1/1/2022,female,60-64,overall,23.3
Perak,Kinta,1/1/2022,female,65-69,overall,18.7
Perak,Kinta,1/1/2022,female,70-74,overall,13.7
Perak,Kinta,1/1/2022,female,75-79,overall,7.9
Perak,Kinta,1/1/2022,female,80-84,overall,5.1
Perak,Kinta,1/1/2022,female,85+,overall,3.1
Perak,Kinta,1/1/2022,male,0-4,overall,29
Perak,Kinta,1/1/2022,male,5-9,overall,35.2
Perak,Kinta,1/1/2022,male,10-14,overall,39.3
Perak,Kinta,1/1/2022,male,15-19,overall,39
Perak,Kinta,1/1/2022,male,20-24,overall,36.5
Perak,Kinta,1/1/2022,male,25-29,overall,37.5
Perak,Kinta,1/1/2022,male,30-34,overall,35
Perak,Kinta,1/1/2022,male,35-39,overall,39.7
Perak,Kinta,1/1/2022,male,40-44,overall,37.7
Perak,Kinta,1/1/2022,male,45-49,overall,25.3
Perak,Kinta,1/1/2022,male,50-54,overall,22.9
Perak,Kinta,1/1/2022,male,55-59,overall,22.4
Perak,Kinta,1/1/2022,male,60-64,overall,21.7
Perak,Kinta,1/1/2022,male,65-69,overall,16.9
Perak,Kinta,1/1/2022,male,70-74,overall,12.1
Perak,Kinta,1/1/2022,male,75-79,overall,6.6
Perak,Kinta,1/1/2022,male,80-84,overall,4
Perak,Kinta,1/1/2022,male,85+,overall,2
Perak,Kuala Kangsar,1/1/2022,female,0-4,overall,5.9
Perak,Kuala Kangsar,1/1/2022,female,5-9,overall,7.1
Perak,Kuala Kangsar,1/1/2022,female,10-14,overall,7.8
Perak,Kuala Kangsar,1/1/2022,female,15-19,overall,7.8
Perak,Kuala Kangsar,1/1/2022,female,20-24,overall,8.1
Perak,Kuala Kangsar,1/1/2022,female,25-29,overall,6.4
Perak,Kuala Kangsar,1/1/2022,female,30-34,overall,5.6
Perak,Kuala Kangsar,1/1/2022,female,35-39,overall,6.1
Perak,Kuala Kangsar,1/1/2022,female,40-44,overall,5.5
Perak,Kuala Kangsar,1/1/2022,female,45-49,overall,4.5
Perak,Kuala Kangsar,1/1/2022,female,50-54,overall,4.4
Perak,Kuala Kangsar,1/1/2022,female,55-59,overall,4.6
Perak,Kuala Kangsar,1/1/2022,female,60-64,overall,4.4
Perak,Kuala Kangsar,1/1/2022,female,65-69,overall,3.6
Perak,Kuala Kangsar,1/1/2022,female,70-74,overall,2.6
Perak,Kuala Kangsar,1/1/2022,female,75-79,overall,1.5
Perak,Kuala Kangsar,1/1/2022,female,80-84,overall,1
Perak,Kuala Kangsar,1/1/2022,female,85+,overall,0.5
Perak,Kuala Kangsar,1/1/2022,male,0-4,overall,5.7
Perak,Kuala Kangsar,1/1/2022,male,5-9,overall,7.2
Perak,Kuala Kangsar,1/1/2022,male,10-14,overall,8.4
Perak,Kuala Kangsar,1/1/2022,male,15-19,overall,8.7
Perak,Kuala Kangsar,1/1/2022,male,20-24,overall,8.6
Perak,Kuala Kangsar,1/1/2022,male,25-29,overall,7.5
Perak,Kuala Kangsar,1/1/2022,male,30-34,overall,6.3
Perak,Kuala Kangsar,1/1/2022,male,35-39,overall,6.6
Perak,Kuala Kangsar,1/1/2022,male,40-44,overall,6.3
Perak,Kuala Kangsar,1/1/2022,male,45-49,overall,4.2
Perak,Kuala Kangsar,1/1/2022,male,50-54,overall,4.2
Perak,Kuala Kangsar,1/1/2022,male,55-59,overall,4
Perak,Kuala Kangsar,1/1/2022,male,60-64,overall,4.1
Perak,Kuala Kangsar,1/1/2022,male,65-69,overall,3.1
Perak,Kuala Kangsar,1/1/2022,male,70-74,overall,2.2
Perak,Kuala Kangsar,1/1/2022,male,75-79,overall,1.2
Perak,Kuala Kangsar,1/1/2022,male,80-84,overall,0.8
Perak,Kuala Kangsar,1/1/2022,male,85+,overall,0.3
Perak,Larut Dan Matang,1/1/2022,female,0-4,overall,8.9
Perak,Larut Dan Matang,1/1/2022,female,5-9,overall,10.9
Perak,Larut Dan Matang,1/1/2022,female,10-14,overall,11.3
Perak,Larut Dan Matang,1/1/2022,female,15-19,overall,10.6
Perak,Larut Dan Matang,1/1/2022,female,20-24,overall,9.2
Perak,Larut Dan Matang,1/1/2022,female,25-29,overall,8.5
Perak,Larut Dan Matang,1/1/2022,female,30-34,overall,8.6
Perak,Larut Dan Matang,1/1/2022,female,35-39,overall,9.2
Perak,Larut Dan Matang,1/1/2022,female,40-44,overall,8.5
Perak,Larut Dan Matang,1/1/2022,female,45-49,overall,7.3
Perak,Larut Dan Matang,1/1/2022,female,50-54,overall,7.3
Perak,Larut Dan Matang,1/1/2022,female,55-59,overall,7.9
Perak,Larut Dan Matang,1/1/2022,female,60-64,overall,7.8
Perak,Larut Dan Matang,1/1/2022,female,65-69,overall,6.1
Perak,Larut Dan Matang,1/1/2022,female,70-74,overall,4.6
Perak,Larut Dan Matang,1/1/2022,female,75-79,overall,2.6
Perak,Larut Dan Matang,1/1/2022,female,80-84,overall,1.6
Perak,Larut Dan Matang,1/1/2022,female,85+,overall,0.9
Perak,Larut Dan Matang,1/1/2022,male,0-4,overall,9.7
Perak,Larut Dan Matang,1/1/2022,male,5-9,overall,12.5
Perak,Larut Dan Matang,1/1/2022,male,10-14,overall,12.5
Perak,Larut Dan Matang,1/1/2022,male,15-19,overall,11.4
Perak,Larut Dan Matang,1/1/2022,male,20-24,overall,11.4
Perak,Larut Dan Matang,1/1/2022,male,25-29,overall,10.9
Perak,Larut Dan Matang,1/1/2022,male,30-34,overall,10.5
Perak,Larut Dan Matang,1/1/2022,male,35-39,overall,10.4
Perak,Larut Dan Matang,1/1/2022,male,40-44,overall,10
Perak,Larut Dan Matang,1/1/2022,male,45-49,overall,7.4
Perak,Larut Dan Matang,1/1/2022,male,50-54,overall,6.9
Perak,Larut Dan Matang,1/1/2022,male,55-59,overall,6.6
Perak,Larut Dan Matang,1/1/2022,male,60-64,overall,7.3
Perak,Larut Dan Matang,1/1/2022,male,65-69,overall,5.5
Perak,Larut Dan Matang,1/1/2022,male,70-74,overall,4
Perak,Larut Dan Matang,1/1/2022,male,75-79,overall,2.2
Perak,Larut Dan Matang,1/1/2022,male,80-84,overall,1.2
Perak,Larut Dan Matang,1/1/2022,male,85+,overall,0.5
Perak,Manjung,1/1/2022,female,0-4,overall,8.2
Perak,Manjung,1/1/2022,female,5-9,overall,10.8
Perak,Manjung,1/1/2022,female,10-14,overall,10.3
Perak,Manjung,1/1/2022,female,15-19,overall,9.4
Perak,Manjung,1/1/2022,female,20-24,overall,8.7
Perak,Manjung,1/1/2022,female,25-29,overall,8.5
Perak,Manjung,1/1/2022,female,30-34,overall,8.9
Perak,Manjung,1/1/2022,female,35-39,overall,9
Perak,Manjung,1/1/2022,female,40-44,overall,7.9
Perak,Manjung,1/1/2022,female,45-49,overall,6.6
Perak,Manjung,1/1/2022,female,50-54,overall,6
Perak,Manjung,1/1/2022,female,55-59,overall,6.4
Perak,Manjung,1/1/2022,female,60-64,overall,5.4
Perak,Manjung,1/1/2022,female,65-69,overall,3.9
Perak,Manjung,1/1/2022,female,70-74,overall,2.8
Perak,Manjung,1/1/2022,female,75-79,overall,1.6
Perak,Manjung,1/1/2022,female,80-84,overall,1
Perak,Manjung,1/1/2022,female,85+,overall,0.5
Perak,Manjung,1/1/2022,male,0-4,overall,8.7
Perak,Manjung,1/1/2022,male,5-9,overall,11.3
Perak,Manjung,1/1/2022,male,10-14,overall,11.2
Perak,Manjung,1/1/2022,male,15-19,overall,10.1
Perak,Manjung,1/1/2022,male,20-24,overall,13
Perak,Manjung,1/1/2022,male,25-29,overall,13.5
Perak,Manjung,1/1/2022,male,30-34,overall,12
Perak,Manjung,1/1/2022,male,35-39,overall,11.5
Perak,Manjung,1/1/2022,male,40-44,overall,9.3
Perak,Manjung,1/1/2022,male,45-49,overall,6.9
Perak,Manjung,1/1/2022,male,50-54,overall,5.9
Perak,Manjung,1/1/2022,male,55-59,overall,5.8
Perak,Manjung,1/1/2022,male,60-64,overall,5.5
Perak,Manjung,1/1/2022,male,65-69,overall,3.9
Perak,Manjung,1/1/2022,male,70-74,overall,2.6
Perak,Manjung,1/1/2022,male,75-79,overall,1.4
Perak,Manjung,1/1/2022,male,80-84,overall,0.7
Perak,Manjung,1/1/2022,male,85+,overall,0.3
Perak,Muallim,1/1/2022,female,0-4,overall,2
Perak,Muallim,1/1/2022,female,5-9,overall,2.4
Perak,Muallim,1/1/2022,female,10-14,overall,2.5
Perak,Muallim,1/1/2022,female,15-19,overall,2.3
Perak,Muallim,1/1/2022,female,20-24,overall,10.1
Perak,Muallim,1/1/2022,female,25-29,overall,6.5
Perak,Muallim,1/1/2022,female,30-34,overall,2.5
Perak,Muallim,1/1/2022,female,35-39,overall,2.3
Perak,Muallim,1/1/2022,female,40-44,overall,1.9
Perak,Muallim,1/1/2022,female,45-49,overall,1.4
Perak,Muallim,1/1/2022,female,50-54,overall,1.3
Perak,Muallim,1/1/2022,female,55-59,overall,1.3
Perak,Muallim,1/1/2022,female,60-64,overall,1.4
Perak,Muallim,1/1/2022,female,65-69,overall,1.2
Perak,Muallim,1/1/2022,female,70-74,overall,0.8
Perak,Muallim,1/1/2022,female,75-79,overall,0.4
Perak,Muallim,1/1/2022,female,80-84,overall,0.3
Perak,Muallim,1/1/2022,female,85+,overall,0.1
Perak,Muallim,1/1/2022,male,0-4,overall,2.2
Perak,Muallim,1/1/2022,male,5-9,overall,2.5
Perak,Muallim,1/1/2022,male,10-14,overall,2.6
Perak,Muallim,1/1/2022,male,15-19,overall,2.7
Perak,Muallim,1/1/2022,male,20-24,overall,6.9
Perak,Muallim,1/1/2022,male,25-29,overall,4.8
Perak,Muallim,1/1/2022,male,30-34,overall,3
Perak,Muallim,1/1/2022,male,35-39,overall,2.7
Perak,Muallim,1/1/2022,male,40-44,overall,2.2
Perak,Muallim,1/1/2022,male,45-49,overall,1.5
Perak,Muallim,1/1/2022,male,50-54,overall,1.2
Perak,Muallim,1/1/2022,male,55-59,overall,1.3
Perak,Muallim,1/1/2022,male,60-64,overall,1.1
Perak,Muallim,1/1/2022,male,65-69,overall,1
Perak,Muallim,1/1/2022,male,70-74,overall,0.8
Perak,Muallim,1/1/2022,male,75-79,overall,0.4
Perak,Muallim,1/1/2022,male,80-84,overall,0.2
Perak,Muallim,1/1/2022,male,85+,overall,0.1
Perak,Perak Tengah,1/1/2022,female,0-4,overall,3
Perak,Perak Tengah,1/1/2022,female,5-9,overall,3.4
Perak,Perak Tengah,1/1/2022,female,10-14,overall,3.8
Perak,Perak Tengah,1/1/2022,female,15-19,overall,3.9
Perak,Perak Tengah,1/1/2022,female,20-24,overall,7.2
Perak,Perak Tengah,1/1/2022,female,25-29,overall,3.6
Perak,Perak Tengah,1/1/2022,female,30-34,overall,2.9
Perak,Perak Tengah,1/1/2022,female,35-39,overall,3.2
Perak,Perak Tengah,1/1/2022,female,40-44,overall,2.7
Perak,Perak Tengah,1/1/2022,female,45-49,overall,2.3
Perak,Perak Tengah,1/1/2022,female,50-54,overall,2.2
Perak,Perak Tengah,1/1/2022,female,55-59,overall,2.2
Perak,Perak Tengah,1/1/2022,female,60-64,overall,1.9
Perak,Perak Tengah,1/1/2022,female,65-69,overall,1.6
Perak,Perak Tengah,1/1/2022,female,70-74,overall,1.2
Perak,Perak Tengah,1/1/2022,female,75-79,overall,0.7
Perak,Perak Tengah,1/1/2022,female,80-84,overall,0.4
Perak,Perak Tengah,1/1/2022,female,85+,overall,0.3
Perak,Perak Tengah,1/1/2022,male,0-4,overall,3.3
Perak,Perak Tengah,1/1/2022,male,5-9,overall,3.7
Perak,Perak Tengah,1/1/2022,male,10-14,overall,4
Perak,Perak Tengah,1/1/2022,male,15-19,overall,4
Perak,Perak Tengah,1/1/2022,male,20-24,overall,8
Perak,Perak Tengah,1/1/2022,male,25-29,overall,4.5
Perak,Perak Tengah,1/1/2022,male,30-34,overall,3.7
Perak,Perak Tengah,1/1/2022,male,35-39,overall,3.6
Perak,Perak Tengah,1/1/2022,male,40-44,overall,3
Perak,Perak Tengah,1/1/2022,male,45-49,overall,2.3
Perak,Perak Tengah,1/1/2022,male,50-54,overall,2
Perak,Perak Tengah,1/1/2022,male,55-59,overall,2.1
Perak,Perak Tengah,1/1/2022,male,60-64,overall,1.8
Perak,Perak Tengah,1/1/2022,male,65-69,overall,1.4
Perak,Perak Tengah,1/1/2022,male,70-74,overall,1
Perak,Perak Tengah,1/1/2022,male,75-79,overall,0.5
Perak,Perak Tengah,1/1/2022,male,80-84,overall,0.3
Perak,Perak Tengah,1/1/2022,male,85+,overall,0.1
Perak,Selama,1/1/2022,female,0-4,overall,1.1
Perak,Selama,1/1/2022,female,5-9,overall,1.4
Perak,Selama,1/1/2022,female,10-14,overall,1.5
Perak,Selama,1/1/2022,female,15-19,overall,1.6
Perak,Selama,1/1/2022,female,20-24,overall,1.4
Perak,Selama,1/1/2022,female,25-29,overall,1.2
Perak,Selama,1/1/2022,female,30-34,overall,1
Perak,Selama,1/1/2022,female,35-39,overall,1
Perak,Selama,1/1/2022,female,40-44,overall,1
Perak,Selama,1/1/2022,female,45-49,overall,0.9
Perak,Selama,1/1/2022,female,50-54,overall,1
Perak,Selama,1/1/2022,female,55-59,overall,1
Perak,Selama,1/1/2022,female,60-64,overall,1
Perak,Selama,1/1/2022,female,65-69,overall,0.7
Perak,Selama,1/1/2022,female,70-74,overall,0.6
Perak,Selama,1/1/2022,female,75-79,overall,0.3
Perak,Selama,1/1/2022,female,80-84,overall,0.2
Perak,Selama,1/1/2022,female,85+,overall,0.1
Perak,Selama,1/1/2022,male,0-4,overall,1.2
Perak,Selama,1/1/2022,male,5-9,overall,1.4
Perak,Selama,1/1/2022,male,10-14,overall,1.5
Perak,Selama,1/1/2022,male,15-19,overall,1.7
Perak,Selama,1/1/2022,male,20-24,overall,1.5
Perak,Selama,1/1/2022,male,25-29,overall,1.4
Perak,Selama,1/1/2022,male,30-34,overall,1.4
Perak,Selama,1/1/2022,male,35-39,overall,1.2
Perak,Selama,1/1/2022,male,40-44,overall,1
Perak,Selama,1/1/2022,male,45-49,overall,0.9
Perak,Selama,1/1/2022,male,50-54,overall,0.9
Perak,Selama,1/1/2022,male,55-59,overall,0.9
Perak,Selama,1/1/2022,male,60-64,overall,0.9
Perak,Selama,1/1/2022,male,65-69,overall,0.7
Perak,Selama,1/1/2022,male,70-74,overall,0.5
Perak,Selama,1/1/2022,male,75-79,overall,0.2
Perak,Selama,1/1/2022,male,80-84,overall,0.2
Perak,Selama,1/1/2022,male,85+,overall,0
Perlis,Perlis,1/1/2022,female,0-4,overall,9.4
Perlis,Perlis,1/1/2022,female,5-9,overall,9.2
Perlis,Perlis,1/1/2022,female,10-14,overall,9.1
Perlis,Perlis,1/1/2022,female,15-19,overall,15
Perlis,Perlis,1/1/2022,female,20-24,overall,17.6
Perlis,Perlis,1/1/2022,female,25-29,overall,12.1
Perlis,Perlis,1/1/2022,female,30-34,overall,9
Perlis,Perlis,1/1/2022,female,35-39,overall,10.2
Perlis,Perlis,1/1/2022,female,40-44,overall,10.7
Perlis,Perlis,1/1/2022,female,45-49,overall,10.8
Perlis,Perlis,1/1/2022,female,50-54,overall,6.5
Perlis,Perlis,1/1/2022,female,55-59,overall,6.5
Perlis,Perlis,1/1/2022,female,60-64,overall,6
Perlis,Perlis,1/1/2022,female,65-69,overall,5.2
Perlis,Perlis,1/1/2022,female,70-74,overall,3.7
Perlis,Perlis,1/1/2022,female,75-79,overall,2
Perlis,Perlis,1/1/2022,female,80-84,overall,1.3
Perlis,Perlis,1/1/2022,female,85+,overall,0.8
Perlis,Perlis,1/1/2022,male,0-4,overall,10.1
Perlis,Perlis,1/1/2022,male,5-9,overall,10
Perlis,Perlis,1/1/2022,male,10-14,overall,9.8
Perlis,Perlis,1/1/2022,male,15-19,overall,16.9
Perlis,Perlis,1/1/2022,male,20-24,overall,17.3
Perlis,Perlis,1/1/2022,male,25-29,overall,13.3
Perlis,Perlis,1/1/2022,male,30-34,overall,10.1
Perlis,Perlis,1/1/2022,male,35-39,overall,10.1
Perlis,Perlis,1/1/2022,male,40-44,overall,13.1
Perlis,Perlis,1/1/2022,male,45-49,overall,6.6
Perlis,Perlis,1/1/2022,male,50-54,overall,5.7
Perlis,Perlis,1/1/2022,male,55-59,overall,5.8
Perlis,Perlis,1/1/2022,male,60-64,overall,5.5
Perlis,Perlis,1/1/2022,male,65-69,overall,4.1
Perlis,Perlis,1/1/2022,male,70-74,overall,3.1
Perlis,Perlis,1/1/2022,male,75-79,overall,1.7
Perlis,Perlis,1/1/2022,male,80-84,overall,0.9
Perlis,Perlis,1/1/2022,male,85+,overall,0.4
Pulau Pinang,Barat Daya,1/1/2022,female,0-4,overall,7.7
Pulau Pinang,Barat Daya,1/1/2022,female,5-9,overall,7.6
Pulau Pinang,Barat Daya,1/1/2022,female,10-14,overall,7.2
Pulau Pinang,Barat Daya,1/1/2022,female,15-19,overall,8.3
Pulau Pinang,Barat Daya,1/1/2022,female,20-24,overall,10.9
Pulau Pinang,Barat Daya,1/1/2022,female,25-29,overall,11.7
Pulau Pinang,Barat Daya,1/1/2022,female,30-34,overall,11.1
Pulau Pinang,Barat Daya,1/1/2022,female,35-39,overall,10.5
Pulau Pinang,Barat Daya,1/1/2022,female,40-44,overall,8.5
Pulau Pinang,Barat Daya,1/1/2022,female,45-49,overall,7.5
Pulau Pinang,Barat Daya,1/1/2022,female,50-54,overall,7.1
Pulau Pinang,Barat Daya,1/1/2022,female,55-59,overall,6.3
Pulau Pinang,Barat Daya,1/1/2022,female,60-64,overall,5.3
Pulau Pinang,Barat Daya,1/1/2022,female,65-69,overall,4
Pulau Pinang,Barat Daya,1/1/2022,female,70-74,overall,2.3
Pulau Pinang,Barat Daya,1/1/2022,female,75-79,overall,1.3
Pulau Pinang,Barat Daya,1/1/2022,female,80-84,overall,0.7
Pulau Pinang,Barat Daya,1/1/2022,female,85+,overall,0.4
Pulau Pinang,Barat Daya,1/1/2022,male,0-4,overall,8.9
Pulau Pinang,Barat Daya,1/1/2022,male,5-9,overall,9.4
Pulau Pinang,Barat Daya,1/1/2022,male,10-14,overall,9.4
Pulau Pinang,Barat Daya,1/1/2022,male,15-19,overall,9.2
Pulau Pinang,Barat Daya,1/1/2022,male,20-24,overall,10.2
Pulau Pinang,Barat Daya,1/1/2022,male,25-29,overall,11.4
Pulau Pinang,Barat Daya,1/1/2022,male,30-34,overall,9.9
Pulau Pinang,Barat Daya,1/1/2022,male,35-39,overall,10.2
Pulau Pinang,Barat Daya,1/1/2022,male,40-44,overall,8.7
Pulau Pinang,Barat Daya,1/1/2022,male,45-49,overall,7.7
Pulau Pinang,Barat Daya,1/1/2022,male,50-54,overall,7.3
Pulau Pinang,Barat Daya,1/1/2022,male,55-59,overall,6.2
Pulau Pinang,Barat Daya,1/1/2022,male,60-64,overall,5.3
Pulau Pinang,Barat Daya,1/1/2022,male,65-69,overall,3.7
Pulau Pinang,Barat Daya,1/1/2022,male,70-74,overall,2.1
Pulau Pinang,Barat Daya,1/1/2022,male,75-79,overall,0.9
Pulau Pinang,Barat Daya,1/1/2022,male,80-84,overall,0.5
Pulau Pinang,Barat Daya,1/1/2022,male,85+,overall,0.2
Pulau Pinang,Seberang Perai Selatan,1/1/2022,female,0-4,overall,6.2
Pulau Pinang,Seberang Perai Selatan,1/1/2022,female,5-9,overall,6
Pulau Pinang,Seberang Perai Selatan,1/1/2022,female,10-14,overall,5.9
Pulau Pinang,Seberang Perai Selatan,1/1/2022,female,15-19,overall,6.6
Pulau Pinang,Seberang Perai Selatan,1/1/2022,female,20-24,overall,8.7
Pulau Pinang,Seberang Perai Selatan,1/1/2022,female,25-29,overall,9.2
Pulau Pinang,Seberang Perai Selatan,1/1/2022,female,30-34,overall,8.6
Pulau Pinang,Seberang Perai Selatan,1/1/2022,female,35-39,overall,8.1
Pulau Pinang,Seberang Perai Selatan,1/1/2022,female,40-44,overall,6.7
Pulau Pinang,Seberang Perai Selatan,1/1/2022,female,45-49,overall,6
Pulau Pinang,Seberang Perai Selatan,1/1/2022,female,50-54,overall,5.7
Pulau Pinang,Seberang Perai Selatan,1/1/2022,female,55-59,overall,5.1
Pulau Pinang,Seberang Perai Selatan,1/1/2022,female,60-64,overall,4.4
Pulau Pinang,Seberang Perai Selatan,1/1/2022,female,65-69,overall,3.1
Pulau Pinang,Seberang Perai Selatan,1/1/2022,female,70-74,overall,1.2
Pulau Pinang,Seberang Perai Selatan,1/1/2022,female,75-79,overall,0.3
Pulau Pinang,Seberang Perai Selatan,1/1/2022,female,80-84,overall,0.1
Pulau Pinang,Seberang Perai Selatan,1/1/2022,female,85+,overall,0
Pulau Pinang,Seberang Perai Selatan,1/1/2022,male,0-4,overall,6.7
Pulau Pinang,Seberang Perai Selatan,1/1/2022,male,5-9,overall,6.5
Pulau Pinang,Seberang Perai Selatan,1/1/2022,male,10-14,overall,6.7
Pulau Pinang,Seberang Perai Selatan,1/1/2022,male,15-19,overall,7
Pulau Pinang,Seberang Perai Selatan,1/1/2022,male,20-24,overall,8
Pulau Pinang,Seberang Perai Selatan,1/1/2022,male,25-29,overall,8.9
Pulau Pinang,Seberang Perai Selatan,1/1/2022,male,30-34,overall,7.8
Pulau Pinang,Seberang Perai Selatan,1/1/2022,male,35-39,overall,8
Pulau Pinang,Seberang Perai Selatan,1/1/2022,male,40-44,overall,7
Pulau Pinang,Seberang Perai Selatan,1/1/2022,male,45-49,overall,6.3
Pulau Pinang,Seberang Perai Selatan,1/1/2022,male,50-54,overall,5.9
Pulau Pinang,Seberang Perai Selatan,1/1/2022,male,55-59,overall,5.1
Pulau Pinang,Seberang Perai Selatan,1/1/2022,male,60-64,overall,4.4
Pulau Pinang,Seberang Perai Selatan,1/1/2022,male,65-69,overall,3.4
Pulau Pinang,Seberang Perai Selatan,1/1/2022,male,70-74,overall,1.4
Pulau Pinang,Seberang Perai Selatan,1/1/2022,male,75-79,overall,0.3
Pulau Pinang,Seberang Perai Selatan,1/1/2022,male,80-84,overall,0.1
Pulau Pinang,Seberang Perai Selatan,1/1/2022,male,85+,overall,0
Pulau Pinang,Seberang Perai Tengah,1/1/2022,female,0-4,overall,13.5
Pulau Pinang,Seberang Perai Tengah,1/1/2022,female,5-9,overall,13.5
Pulau Pinang,Seberang Perai Tengah,1/1/2022,female,10-14,overall,12.5
Pulau Pinang,Seberang Perai Tengah,1/1/2022,female,15-19,overall,14
Pulau Pinang,Seberang Perai Tengah,1/1/2022,female,20-24,overall,17.5
Pulau Pinang,Seberang Perai Tengah,1/1/2022,female,25-29,overall,18.7
Pulau Pinang,Seberang Perai Tengah,1/1/2022,female,30-34,overall,18.1
Pulau Pinang,Seberang Perai Tengah,1/1/2022,female,35-39,overall,17.3
Pulau Pinang,Seberang Perai Tengah,1/1/2022,female,40-44,overall,14.2
Pulau Pinang,Seberang Perai Tengah,1/1/2022,female,45-49,overall,12.7
Pulau Pinang,Seberang Perai Tengah,1/1/2022,female,50-54,overall,12.2
Pulau Pinang,Seberang Perai Tengah,1/1/2022,female,55-59,overall,11
Pulau Pinang,Seberang Perai Tengah,1/1/2022,female,60-64,overall,9.4
Pulau Pinang,Seberang Perai Tengah,1/1/2022,female,65-69,overall,7.3
Pulau Pinang,Seberang Perai Tengah,1/1/2022,female,70-74,overall,4.2
Pulau Pinang,Seberang Perai Tengah,1/1/2022,female,75-79,overall,1.8
Pulau Pinang,Seberang Perai Tengah,1/1/2022,female,80-84,overall,0.9
Pulau Pinang,Seberang Perai Tengah,1/1/2022,female,85+,overall,0.3
Pulau Pinang,Seberang Perai Tengah,1/1/2022,male,0-4,overall,14.6
Pulau Pinang,Seberang Perai Tengah,1/1/2022,male,5-9,overall,14.5
Pulau Pinang,Seberang Perai Tengah,1/1/2022,male,10-14,overall,14.2
Pulau Pinang,Seberang Perai Tengah,1/1/2022,male,15-19,overall,15.6
Pulau Pinang,Seberang Perai Tengah,1/1/2022,male,20-24,overall,21.6
Pulau Pinang,Seberang Perai Tengah,1/1/2022,male,25-29,overall,25.6
Pulau Pinang,Seberang Perai Tengah,1/1/2022,male,30-34,overall,20.4
Pulau Pinang,Seberang Perai Tengah,1/1/2022,male,35-39,overall,19.5
Pulau Pinang,Seberang Perai Tengah,1/1/2022,male,40-44,overall,16.3
Pulau Pinang,Seberang Perai Tengah,1/1/2022,male,45-49,overall,14
Pulau Pinang,Seberang Perai Tengah,1/1/2022,male,50-54,overall,13.1
Pulau Pinang,Seberang Perai Tengah,1/1/2022,male,55-59,overall,11.3
Pulau Pinang,Seberang Perai Tengah,1/1/2022,male,60-64,overall,9.7
Pulau Pinang,Seberang Perai Tengah,1/1/2022,male,65-69,overall,7
Pulau Pinang,Seberang Perai Tengah,1/1/2022,male,70-74,overall,4
Pulau Pinang,Seberang Perai Tengah,1/1/2022,male,75-79,overall,1.5
Pulau Pinang,Seberang Perai Tengah,1/1/2022,male,80-84,overall,0.7
Pulau Pinang,Seberang Perai Tengah,1/1/2022,male,85+,overall,0.2
Pulau Pinang,Seberang Perai Utara,1/1/2022,female,0-4,overall,11.6
Pulau Pinang,Seberang Perai Utara,1/1/2022,female,5-9,overall,12
Pulau Pinang,Seberang Perai Utara,1/1/2022,female,10-14,overall,11.5
Pulau Pinang,Seberang Perai Utara,1/1/2022,female,15-19,overall,12.2
Pulau Pinang,Seberang Perai Utara,1/1/2022,female,20-24,overall,14.3
Pulau Pinang,Seberang Perai Utara,1/1/2022,female,25-29,overall,15.5
Pulau Pinang,Seberang Perai Utara,1/1/2022,female,30-34,overall,15.6
Pulau Pinang,Seberang Perai Utara,1/1/2022,female,35-39,overall,14.8
Pulau Pinang,Seberang Perai Utara,1/1/2022,female,40-44,overall,11.9
Pulau Pinang,Seberang Perai Utara,1/1/2022,female,45-49,overall,10.4
Pulau Pinang,Seberang Perai Utara,1/1/2022,female,50-54,overall,9.9
Pulau Pinang,Seberang Perai Utara,1/1/2022,female,55-59,overall,8.7
Pulau Pinang,Seberang Perai Utara,1/1/2022,female,60-64,overall,7.4
Pulau Pinang,Seberang Perai Utara,1/1/2022,female,65-69,overall,5.7
Pulau Pinang,Seberang Perai Utara,1/1/2022,female,70-74,overall,3.6
Pulau Pinang,Seberang Perai Utara,1/1/2022,female,75-79,overall,1.8
Pulau Pinang,Seberang Perai Utara,1/1/2022,female,80-84,overall,0.9
Pulau Pinang,Seberang Perai Utara,1/1/2022,female,85+,overall,0.3
Pulau Pinang,Seberang Perai Utara,1/1/2022,male,0-4,overall,12.5
Pulau Pinang,Seberang Perai Utara,1/1/2022,male,5-9,overall,12.7
Pulau Pinang,Seberang Perai Utara,1/1/2022,male,10-14,overall,12.7
Pulau Pinang,Seberang Perai Utara,1/1/2022,male,15-19,overall,12.9
Pulau Pinang,Seberang Perai Utara,1/1/2022,male,20-24,overall,15.2
Pulau Pinang,Seberang Perai Utara,1/1/2022,male,25-29,overall,17.3
Pulau Pinang,Seberang Perai Utara,1/1/2022,male,30-34,overall,14.8
Pulau Pinang,Seberang Perai Utara,1/1/2022,male,35-39,overall,15
Pulau Pinang,Seberang Perai Utara,1/1/2022,male,40-44,overall,12.5
Pulau Pinang,Seberang Perai Utara,1/1/2022,male,45-49,overall,10.8
Pulau Pinang,Seberang Perai Utara,1/1/2022,male,50-54,overall,10
Pulau Pinang,Seberang Perai Utara,1/1/2022,male,55-59,overall,8.5
Pulau Pinang,Seberang Perai Utara,1/1/2022,male,60-64,overall,7.2
Pulau Pinang,Seberang Perai Utara,1/1/2022,male,65-69,overall,5.3
Pulau Pinang,Seberang Perai Utara,1/1/2022,male,70-74,overall,3.5
Pulau Pinang,Seberang Perai Utara,1/1/2022,male,75-79,overall,1.6
Pulau Pinang,Seberang Perai Utara,1/1/2022,male,80-84,overall,0.8
Pulau Pinang,Seberang Perai Utara,1/1/2022,male,85+,overall,0.2
Pulau Pinang,Timur Laut,1/1/2022,female,0-4,overall,13.4
Pulau Pinang,Timur Laut,1/1/2022,female,5-9,overall,15.4
Pulau Pinang,Timur Laut,1/1/2022,female,10-14,overall,14.6
Pulau Pinang,Timur Laut,1/1/2022,female,15-19,overall,17.8
Pulau Pinang,Timur Laut,1/1/2022,female,20-24,overall,23.7
Pulau Pinang,Timur Laut,1/1/2022,female,25-29,overall,25.2
Pulau Pinang,Timur Laut,1/1/2022,female,30-34,overall,23.4
Pulau Pinang,Timur Laut,1/1/2022,female,35-39,overall,22.9
Pulau Pinang,Timur Laut,1/1/2022,female,40-44,overall,19.9
Pulau Pinang,Timur Laut,1/1/2022,female,45-49,overall,18.5
Pulau Pinang,Timur Laut,1/1/2022,female,50-54,overall,18.4
Pulau Pinang,Timur Laut,1/1/2022,female,55-59,overall,16.7
Pulau Pinang,Timur Laut,1/1/2022,female,60-64,overall,14.5
Pulau Pinang,Timur Laut,1/1/2022,female,65-69,overall,11.7
Pulau Pinang,Timur Laut,1/1/2022,female,70-74,overall,7.7
Pulau Pinang,Timur Laut,1/1/2022,female,75-79,overall,4.6
Pulau Pinang,Timur Laut,1/1/2022,female,80-84,overall,2.7
Pulau Pinang,Timur Laut,1/1/2022,female,85+,overall,1.3
Pulau Pinang,Timur Laut,1/1/2022,male,0-4,overall,14.7
Pulau Pinang,Timur Laut,1/1/2022,male,5-9,overall,17.2
Pulau Pinang,Timur Laut,1/1/2022,male,10-14,overall,17.3
Pulau Pinang,Timur Laut,1/1/2022,male,15-19,overall,18.8
Pulau Pinang,Timur Laut,1/1/2022,male,20-24,overall,24.8
Pulau Pinang,Timur Laut,1/1/2022,male,25-29,overall,29.5
Pulau Pinang,Timur Laut,1/1/2022,male,30-34,overall,23.9
Pulau Pinang,Timur Laut,1/1/2022,male,35-39,overall,22.7
Pulau Pinang,Timur Laut,1/1/2022,male,40-44,overall,20.7
Pulau Pinang,Timur Laut,1/1/2022,male,45-49,overall,18.7
Pulau Pinang,Timur Laut,1/1/2022,male,50-54,overall,17.9
Pulau Pinang,Timur Laut,1/1/2022,male,55-59,overall,15.9
Pulau Pinang,Timur Laut,1/1/2022,male,60-64,overall,14
Pulau Pinang,Timur Laut,1/1/2022,male,65-69,overall,10.4
Pulau Pinang,Timur Laut,1/1/2022,male,70-74,overall,6.7
Pulau Pinang,Timur Laut,1/1/2022,male,75-79,overall,3.5
Pulau Pinang,Timur Laut,1/1/2022,male,80-84,overall,2
Pulau Pinang,Timur Laut,1/1/2022,male,85+,overall,0.6
Sabah,Beaufort,1/1/2022,female,0-4,overall,3.7
Sabah,Beaufort,1/1/2022,female,5-9,overall,3.9
Sabah,Beaufort,1/1/2022,female,10-14,overall,4.2
Sabah,Beaufort,1/1/2022,female,15-19,overall,3.8
Sabah,Beaufort,1/1/2022,female,20-24,overall,3.2
Sabah,Beaufort,1/1/2022,female,25-29,overall,2.9
Sabah,Beaufort,1/1/2022,female,30-34,overall,3
Sabah,Beaufort,1/1/2022,female,35-39,overall,2.8
Sabah,Beaufort,1/1/2022,female,40-44,overall,2.1
Sabah,Beaufort,1/1/2022,female,45-49,overall,1.6
Sabah,Beaufort,1/1/2022,female,50-54,overall,1.3
Sabah,Beaufort,1/1/2022,female,55-59,overall,1.1
Sabah,Beaufort,1/1/2022,female,60-64,overall,0.8
Sabah,Beaufort,1/1/2022,female,65-69,overall,1
Sabah,Beaufort,1/1/2022,female,70-74,overall,0.7
Sabah,Beaufort,1/1/2022,female,75-79,overall,0.4
Sabah,Beaufort,1/1/2022,female,80-84,overall,0.1
Sabah,Beaufort,1/1/2022,female,85+,overall,0.1
Sabah,Beaufort,1/1/2022,male,0-4,overall,3.8
Sabah,Beaufort,1/1/2022,male,5-9,overall,4.2
Sabah,Beaufort,1/1/2022,male,10-14,overall,4.3
Sabah,Beaufort,1/1/2022,male,15-19,overall,4.3
Sabah,Beaufort,1/1/2022,male,20-24,overall,3.6
Sabah,Beaufort,1/1/2022,male,25-29,overall,3.2
Sabah,Beaufort,1/1/2022,male,30-34,overall,3.1
Sabah,Beaufort,1/1/2022,male,35-39,overall,3
Sabah,Beaufort,1/1/2022,male,40-44,overall,2.3
Sabah,Beaufort,1/1/2022,male,45-49,overall,1.7
Sabah,Beaufort,1/1/2022,male,50-54,overall,1.5
Sabah,Beaufort,1/1/2022,male,55-59,overall,1.2
Sabah,Beaufort,1/1/2022,male,60-64,overall,1
Sabah,Beaufort,1/1/2022,male,65-69,overall,1
Sabah,Beaufort,1/1/2022,male,70-74,overall,0.7
Sabah,Beaufort,1/1/2022,male,75-79,overall,0.4
Sabah,Beaufort,1/1/2022,male,80-84,overall,0.1
Sabah,Beaufort,1/1/2022,male,85+,overall,0.1
Sabah,Beluran,1/1/2022,female,0-4,overall,2.9
Sabah,Beluran,1/1/2022,female,5-9,overall,2.7
Sabah,Beluran,1/1/2022,female,10-14,overall,2.6
Sabah,Beluran,1/1/2022,female,15-19,overall,3.6
Sabah,Beluran,1/1/2022,female,20-24,overall,4.1
Sabah,Beluran,1/1/2022,female,25-29,overall,4.4
Sabah,Beluran,1/1/2022,female,30-34,overall,3.3
Sabah,Beluran,1/1/2022,female,35-39,overall,3
Sabah,Beluran,1/1/2022,female,40-44,overall,2.2
Sabah,Beluran,1/1/2022,female,45-49,overall,1.6
Sabah,Beluran,1/1/2022,female,50-54,overall,1.3
Sabah,Beluran,1/1/2022,female,55-59,overall,1
Sabah,Beluran,1/1/2022,female,60-64,overall,0.8
Sabah,Beluran,1/1/2022,female,65-69,overall,0.8
Sabah,Beluran,1/1/2022,female,70-74,overall,0.4
Sabah,Beluran,1/1/2022,female,75-79,overall,0.2
Sabah,Beluran,1/1/2022,female,80-84,overall,0.1
Sabah,Beluran,1/1/2022,female,85+,overall,0.1
Sabah,Beluran,1/1/2022,male,0-4,overall,3.6
Sabah,Beluran,1/1/2022,male,5-9,overall,3.3
Sabah,Beluran,1/1/2022,male,10-14,overall,3
Sabah,Beluran,1/1/2022,male,15-19,overall,4.4
Sabah,Beluran,1/1/2022,male,20-24,overall,4.7
Sabah,Beluran,1/1/2022,male,25-29,overall,5.1
Sabah,Beluran,1/1/2022,male,30-34,overall,3.9
Sabah,Beluran,1/1/2022,male,35-39,overall,3.4
Sabah,Beluran,1/1/2022,male,40-44,overall,2.5
Sabah,Beluran,1/1/2022,male,45-49,overall,1.8
Sabah,Beluran,1/1/2022,male,50-54,overall,1.4
Sabah,Beluran,1/1/2022,male,55-59,overall,1.1
Sabah,Beluran,1/1/2022,male,60-64,overall,0.9
Sabah,Beluran,1/1/2022,male,65-69,overall,1
Sabah,Beluran,1/1/2022,male,70-74,overall,0.5
Sabah,Beluran,1/1/2022,male,75-79,overall,0.3
Sabah,Beluran,1/1/2022,male,80-84,overall,0.1
Sabah,Beluran,1/1/2022,male,85+,overall,0.1
Sabah,Kalabakan,1/1/2022,female,0-4,overall,1.6
Sabah,Kalabakan,1/1/2022,female,5-9,overall,1.6
Sabah,Kalabakan,1/1/2022,female,10-14,overall,1.3
Sabah,Kalabakan,1/1/2022,female,15-19,overall,2.3
Sabah,Kalabakan,1/1/2022,female,20-24,overall,2.8
Sabah,Kalabakan,1/1/2022,female,25-29,overall,3
Sabah,Kalabakan,1/1/2022,female,30-34,overall,2
Sabah,Kalabakan,1/1/2022,female,35-39,overall,1.8
Sabah,Kalabakan,1/1/2022,female,40-44,overall,1.3
Sabah,Kalabakan,1/1/2022,female,45-49,overall,0.9
Sabah,Kalabakan,1/1/2022,female,50-54,overall,0.7
Sabah,Kalabakan,1/1/2022,female,55-59,overall,0.5
Sabah,Kalabakan,1/1/2022,female,60-64,overall,0.4
Sabah,Kalabakan,1/1/2022,female,65-69,overall,0.5
Sabah,Kalabakan,1/1/2022,female,70-74,overall,0.2
Sabah,Kalabakan,1/1/2022,female,75-79,overall,0.1
Sabah,Kalabakan,1/1/2022,female,80-84,overall,0.1
Sabah,Kalabakan,1/1/2022,female,85+,overall,0.1
Sabah,Kalabakan,1/1/2022,male,0-4,overall,1.6
Sabah,Kalabakan,1/1/2022,male,5-9,overall,1.7
Sabah,Kalabakan,1/1/2022,male,10-14,overall,1.4
Sabah,Kalabakan,1/1/2022,male,15-19,overall,3
Sabah,Kalabakan,1/1/2022,male,20-24,overall,3.4
Sabah,Kalabakan,1/1/2022,male,25-29,overall,3.8
Sabah,Kalabakan,1/1/2022,male,30-34,overall,2.8
Sabah,Kalabakan,1/1/2022,male,35-39,overall,2.3
Sabah,Kalabakan,1/1/2022,male,40-44,overall,1.6
Sabah,Kalabakan,1/1/2022,male,45-49,overall,1.1
Sabah,Kalabakan,1/1/2022,male,50-54,overall,0.8
Sabah,Kalabakan,1/1/2022,male,55-59,overall,0.6
Sabah,Kalabakan,1/1/2022,male,60-64,overall,0.5
Sabah,Kalabakan,1/1/2022,male,65-69,overall,0.5
Sabah,Kalabakan,1/1/2022,male,70-74,overall,0.2
Sabah,Kalabakan,1/1/2022,male,75-79,overall,0.1
Sabah,Kalabakan,1/1/2022,male,80-84,overall,0.1
Sabah,Kalabakan,1/1/2022,male,85+,overall,0.1
Sabah,Keningau,1/1/2022,female,0-4,overall,6.4
Sabah,Keningau,1/1/2022,female,5-9,overall,6.3
Sabah,Keningau,1/1/2022,female,10-14,overall,7.1
Sabah,Keningau,1/1/2022,female,15-19,overall,7.2
Sabah,Keningau,1/1/2022,female,20-24,overall,6.9
Sabah,Keningau,1/1/2022,female,25-29,overall,7.3
Sabah,Keningau,1/1/2022,female,30-34,overall,6.6
Sabah,Keningau,1/1/2022,female,35-39,overall,6
Sabah,Keningau,1/1/2022,female,40-44,overall,4.6
Sabah,Keningau,1/1/2022,female,45-49,overall,3.5
Sabah,Keningau,1/1/2022,female,50-54,overall,3
Sabah,Keningau,1/1/2022,female,55-59,overall,2.5
Sabah,Keningau,1/1/2022,female,60-64,overall,2
Sabah,Keningau,1/1/2022,female,65-69,overall,2
Sabah,Keningau,1/1/2022,female,70-74,overall,1.2
Sabah,Keningau,1/1/2022,female,75-79,overall,0.8
Sabah,Keningau,1/1/2022,female,80-84,overall,0.4
Sabah,Keningau,1/1/2022,female,85+,overall,0.3
Sabah,Keningau,1/1/2022,male,0-4,overall,7.2
Sabah,Keningau,1/1/2022,male,5-9,overall,7.2
Sabah,Keningau,1/1/2022,male,10-14,overall,7.7
Sabah,Keningau,1/1/2022,male,15-19,overall,8.1
Sabah,Keningau,1/1/2022,male,20-24,overall,7.4
Sabah,Keningau,1/1/2022,male,25-29,overall,7.5
Sabah,Keningau,1/1/2022,male,30-34,overall,6.4
Sabah,Keningau,1/1/2022,male,35-39,overall,6
Sabah,Keningau,1/1/2022,male,40-44,overall,4.7
Sabah,Keningau,1/1/2022,male,45-49,overall,3.5
Sabah,Keningau,1/1/2022,male,50-54,overall,3.1
Sabah,Keningau,1/1/2022,male,55-59,overall,2.6
Sabah,Keningau,1/1/2022,male,60-64,overall,2.2
Sabah,Keningau,1/1/2022,male,65-69,overall,2.3
Sabah,Keningau,1/1/2022,male,70-74,overall,1.4
Sabah,Keningau,1/1/2022,male,75-79,overall,0.8
Sabah,Keningau,1/1/2022,male,80-84,overall,0.5
Sabah,Keningau,1/1/2022,male,85+,overall,0.4
Sabah,Kinabatangan,1/1/2022,female,0-4,overall,4.2
Sabah,Kinabatangan,1/1/2022,female,5-9,overall,4
Sabah,Kinabatangan,1/1/2022,female,10-14,overall,3.4
Sabah,Kinabatangan,1/1/2022,female,15-19,overall,7.2
Sabah,Kinabatangan,1/1/2022,female,20-24,overall,8.8
Sabah,Kinabatangan,1/1/2022,female,25-29,overall,9.6
Sabah,Kinabatangan,1/1/2022,female,30-34,overall,6.1
Sabah,Kinabatangan,1/1/2022,female,35-39,overall,5.3
Sabah,Kinabatangan,1/1/2022,female,40-44,overall,3.8
Sabah,Kinabatangan,1/1/2022,female,45-49,overall,2.6
Sabah,Kinabatangan,1/1/2022,female,50-54,overall,1.9
Sabah,Kinabatangan,1/1/2022,female,55-59,overall,1.4
Sabah,Kinabatangan,1/1/2022,female,60-64,overall,1
Sabah,Kinabatangan,1/1/2022,female,65-69,overall,1.1
Sabah,Kinabatangan,1/1/2022,female,70-74,overall,0.5
Sabah,Kinabatangan,1/1/2022,female,75-79,overall,0.3
Sabah,Kinabatangan,1/1/2022,female,80-84,overall,0.2
Sabah,Kinabatangan,1/1/2022,female,85+,overall,0.2
Sabah,Kinabatangan,1/1/2022,male,0-4,overall,4.9
Sabah,Kinabatangan,1/1/2022,male,5-9,overall,4.7
Sabah,Kinabatangan,1/1/2022,male,10-14,overall,3.7
Sabah,Kinabatangan,1/1/2022,male,15-19,overall,9.1
Sabah,Kinabatangan,1/1/2022,male,20-24,overall,10.7
Sabah,Kinabatangan,1/1/2022,male,25-29,overall,12
Sabah,Kinabatangan,1/1/2022,male,30-34,overall,8.5
Sabah,Kinabatangan,1/1/2022,male,35-39,overall,6.9
Sabah,Kinabatangan,1/1/2022,male,40-44,overall,5
Sabah,Kinabatangan,1/1/2022,male,45-49,overall,3.4
Sabah,Kinabatangan,1/1/2022,male,50-54,overall,2.5
Sabah,Kinabatangan,1/1/2022,male,55-59,overall,1.6
Sabah,Kinabatangan,1/1/2022,male,60-64,overall,1.2
Sabah,Kinabatangan,1/1/2022,male,65-69,overall,1.2
Sabah,Kinabatangan,1/1/2022,male,70-74,overall,0.6
Sabah,Kinabatangan,1/1/2022,male,75-79,overall,0.3
Sabah,Kinabatangan,1/1/2022,male,80-84,overall,0.1
Sabah,Kinabatangan,1/1/2022,male,85+,overall,0.2
Sabah,Kota Belud,1/1/2022,female,0-4,overall,4.3
Sabah,Kota Belud,1/1/2022,female,5-9,overall,4.7
Sabah,Kota Belud,1/1/2022,female,10-14,overall,5.5
Sabah,Kota Belud,1/1/2022,female,15-19,overall,5.3
Sabah,Kota Belud,1/1/2022,female,20-24,overall,4.8
Sabah,Kota Belud,1/1/2022,female,25-29,overall,5.1
Sabah,Kota Belud,1/1/2022,female,30-34,overall,4.8
Sabah,Kota Belud,1/1/2022,female,35-39,overall,4.4
Sabah,Kota Belud,1/1/2022,female,40-44,overall,3.4
Sabah,Kota Belud,1/1/2022,female,45-49,overall,2.6
Sabah,Kota Belud,1/1/2022,female,50-54,overall,2.3
Sabah,Kota Belud,1/1/2022,female,55-59,overall,1.9
Sabah,Kota Belud,1/1/2022,female,60-64,overall,1.5
Sabah,Kota Belud,1/1/2022,female,65-69,overall,1.3
Sabah,Kota Belud,1/1/2022,female,70-74,overall,0.9
Sabah,Kota Belud,1/1/2022,female,75-79,overall,0.5
Sabah,Kota Belud,1/1/2022,female,80-84,overall,0.3
Sabah,Kota Belud,1/1/2022,female,85+,overall,0
Sabah,Kota Belud,1/1/2022,male,0-4,overall,4.9
Sabah,Kota Belud,1/1/2022,male,5-9,overall,5.2
Sabah,Kota Belud,1/1/2022,male,10-14,overall,5.6
Sabah,Kota Belud,1/1/2022,male,15-19,overall,5.6
Sabah,Kota Belud,1/1/2022,male,20-24,overall,4.9
Sabah,Kota Belud,1/1/2022,male,25-29,overall,4.9
Sabah,Kota Belud,1/1/2022,male,30-34,overall,4.4
Sabah,Kota Belud,1/1/2022,male,35-39,overall,4.2
Sabah,Kota Belud,1/1/2022,male,40-44,overall,3.3
Sabah,Kota Belud,1/1/2022,male,45-49,overall,2.5
Sabah,Kota Belud,1/1/2022,male,50-54,overall,2.2
Sabah,Kota Belud,1/1/2022,male,55-59,overall,1.9
Sabah,Kota Belud,1/1/2022,male,60-64,overall,1.6
Sabah,Kota Belud,1/1/2022,male,65-69,overall,1.5
Sabah,Kota Belud,1/1/2022,male,70-74,overall,0.9
Sabah,Kota Belud,1/1/2022,male,75-79,overall,0.5
Sabah,Kota Belud,1/1/2022,male,80-84,overall,0.3
Sabah,Kota Belud,1/1/2022,male,85+,overall,0
Sabah,Kota Kinabalu,1/1/2022,female,0-4,overall,17.9
Sabah,Kota Kinabalu,1/1/2022,female,5-9,overall,19.7
Sabah,Kota Kinabalu,1/1/2022,female,10-14,overall,22.1
Sabah,Kota Kinabalu,1/1/2022,female,15-19,overall,23.4
Sabah,Kota Kinabalu,1/1/2022,female,20-24,overall,23.2
Sabah,Kota Kinabalu,1/1/2022,female,25-29,overall,24.2
Sabah,Kota Kinabalu,1/1/2022,female,30-34,overall,22.6
Sabah,Kota Kinabalu,1/1/2022,female,35-39,overall,20.8
Sabah,Kota Kinabalu,1/1/2022,female,40-44,overall,15.5
Sabah,Kota Kinabalu,1/1/2022,female,45-49,overall,11.8
Sabah,Kota Kinabalu,1/1/2022,female,50-54,overall,10
Sabah,Kota Kinabalu,1/1/2022,female,55-59,overall,8.6
Sabah,Kota Kinabalu,1/1/2022,female,60-64,overall,6.9
Sabah,Kota Kinabalu,1/1/2022,female,65-69,overall,7.3
Sabah,Kota Kinabalu,1/1/2022,female,70-74,overall,4.6
Sabah,Kota Kinabalu,1/1/2022,female,75-79,overall,2.8
Sabah,Kota Kinabalu,1/1/2022,female,80-84,overall,1.5
Sabah,Kota Kinabalu,1/1/2022,female,85+,overall,1.1
Sabah,Kota Kinabalu,1/1/2022,male,0-4,overall,18.7
Sabah,Kota Kinabalu,1/1/2022,male,5-9,overall,20.8
Sabah,Kota Kinabalu,1/1/2022,male,10-14,overall,21.9
Sabah,Kota Kinabalu,1/1/2022,male,15-19,overall,26.6
Sabah,Kota Kinabalu,1/1/2022,male,20-24,overall,25.7
Sabah,Kota Kinabalu,1/1/2022,male,25-29,overall,25.8
Sabah,Kota Kinabalu,1/1/2022,male,30-34,overall,23.2
Sabah,Kota Kinabalu,1/1/2022,male,35-39,overall,21.3
Sabah,Kota Kinabalu,1/1/2022,male,40-44,overall,16.3
Sabah,Kota Kinabalu,1/1/2022,male,45-49,overall,12.3
Sabah,Kota Kinabalu,1/1/2022,male,50-54,overall,10.6
Sabah,Kota Kinabalu,1/1/2022,male,55-59,overall,9.1
Sabah,Kota Kinabalu,1/1/2022,male,60-64,overall,7.7
Sabah,Kota Kinabalu,1/1/2022,male,65-69,overall,7.5
Sabah,Kota Kinabalu,1/1/2022,male,70-74,overall,4.4
Sabah,Kota Kinabalu,1/1/2022,male,75-79,overall,2.5
Sabah,Kota Kinabalu,1/1/2022,male,80-84,overall,1.2
Sabah,Kota Kinabalu,1/1/2022,male,85+,overall,1.2
Sabah,Kota Marudu,1/1/2022,female,0-4,overall,3.3
Sabah,Kota Marudu,1/1/2022,female,5-9,overall,3.1
Sabah,Kota Marudu,1/1/2022,female,10-14,overall,3.7
Sabah,Kota Marudu,1/1/2022,female,15-19,overall,3.3
Sabah,Kota Marudu,1/1/2022,female,20-24,overall,2.9
Sabah,Kota Marudu,1/1/2022,female,25-29,overall,3.1
Sabah,Kota Marudu,1/1/2022,female,30-34,overall,2.9
Sabah,Kota Marudu,1/1/2022,female,35-39,overall,2.7
Sabah,Kota Marudu,1/1/2022,female,40-44,overall,2.1
Sabah,Kota Marudu,1/1/2022,female,45-49,overall,1.6
Sabah,Kota Marudu,1/1/2022,female,50-54,overall,1.5
Sabah,Kota Marudu,1/1/2022,female,55-59,overall,1.2
Sabah,Kota Marudu,1/1/2022,female,60-64,overall,0.9
Sabah,Kota Marudu,1/1/2022,female,65-69,overall,0.9
Sabah,Kota Marudu,1/1/2022,female,70-74,overall,0.6
Sabah,Kota Marudu,1/1/2022,female,75-79,overall,0.4
Sabah,Kota Marudu,1/1/2022,female,80-84,overall,0.2
Sabah,Kota Marudu,1/1/2022,female,85+,overall,0.1
Sabah,Kota Marudu,1/1/2022,male,0-4,overall,3.7
Sabah,Kota Marudu,1/1/2022,male,5-9,overall,3.5
Sabah,Kota Marudu,1/1/2022,male,10-14,overall,3.8
Sabah,Kota Marudu,1/1/2022,male,15-19,overall,3.7
Sabah,Kota Marudu,1/1/2022,male,20-24,overall,3.2
Sabah,Kota Marudu,1/1/2022,male,25-29,overall,3.2
Sabah,Kota Marudu,1/1/2022,male,30-34,overall,2.7
Sabah,Kota Marudu,1/1/2022,male,35-39,overall,2.7
Sabah,Kota Marudu,1/1/2022,male,40-44,overall,2.1
Sabah,Kota Marudu,1/1/2022,male,45-49,overall,1.6
Sabah,Kota Marudu,1/1/2022,male,50-54,overall,1.4
Sabah,Kota Marudu,1/1/2022,male,55-59,overall,1.2
Sabah,Kota Marudu,1/1/2022,male,60-64,overall,1
Sabah,Kota Marudu,1/1/2022,male,65-69,overall,1.1
Sabah,Kota Marudu,1/1/2022,male,70-74,overall,0.7
Sabah,Kota Marudu,1/1/2022,male,75-79,overall,0.4
Sabah,Kota Marudu,1/1/2022,male,80-84,overall,0.2
Sabah,Kota Marudu,1/1/2022,male,85+,overall,0.2
Sabah,Kuala Penyu,1/1/2022,female,0-4,overall,0.9
Sabah,Kuala Penyu,1/1/2022,female,5-9,overall,1.1
Sabah,Kuala Penyu,1/1/2022,female,10-14,overall,1.2
Sabah,Kuala Penyu,1/1/2022,female,15-19,overall,1.3
Sabah,Kuala Penyu,1/1/2022,female,20-24,overall,1.2
Sabah,Kuala Penyu,1/1/2022,female,25-29,overall,0.9
Sabah,Kuala Penyu,1/1/2022,female,30-34,overall,1
Sabah,Kuala Penyu,1/1/2022,female,35-39,overall,1
Sabah,Kuala Penyu,1/1/2022,female,40-44,overall,0.8
Sabah,Kuala Penyu,1/1/2022,female,45-49,overall,0.5
Sabah,Kuala Penyu,1/1/2022,female,50-54,overall,0.4
Sabah,Kuala Penyu,1/1/2022,female,55-59,overall,0.4
Sabah,Kuala Penyu,1/1/2022,female,60-64,overall,0.3
Sabah,Kuala Penyu,1/1/2022,female,65-69,overall,0.3
Sabah,Kuala Penyu,1/1/2022,female,70-74,overall,0.2
Sabah,Kuala Penyu,1/1/2022,female,75-79,overall,0.1
Sabah,Kuala Penyu,1/1/2022,female,80-84,overall,0
Sabah,Kuala Penyu,1/1/2022,female,85+,overall,0
Sabah,Kuala Penyu,1/1/2022,male,0-4,overall,1
Sabah,Kuala Penyu,1/1/2022,male,5-9,overall,1.2
Sabah,Kuala Penyu,1/1/2022,male,10-14,overall,1.2
Sabah,Kuala Penyu,1/1/2022,male,15-19,overall,1.4
Sabah,Kuala Penyu,1/1/2022,male,20-24,overall,1.1
Sabah,Kuala Penyu,1/1/2022,male,25-29,overall,1.1
Sabah,Kuala Penyu,1/1/2022,male,30-34,overall,1
Sabah,Kuala Penyu,1/1/2022,male,35-39,overall,1
Sabah,Kuala Penyu,1/1/2022,male,40-44,overall,0.8
Sabah,Kuala Penyu,1/1/2022,male,45-49,overall,0.5
Sabah,Kuala Penyu,1/1/2022,male,50-54,overall,0.4
Sabah,Kuala Penyu,1/1/2022,male,55-59,overall,0.4
Sabah,Kuala Penyu,1/1/2022,male,60-64,overall,0.3
Sabah,Kuala Penyu,1/1/2022,male,65-69,overall,0.3
Sabah,Kuala Penyu,1/1/2022,male,70-74,overall,0.2
Sabah,Kuala Penyu,1/1/2022,male,75-79,overall,0.1
Sabah,Kuala Penyu,1/1/2022,male,80-84,overall,0
Sabah,Kuala Penyu,1/1/2022,male,85+,overall,0
Sabah,Kudat,1/1/2022,female,0-4,overall,3.5
Sabah,Kudat,1/1/2022,female,5-9,overall,3.6
Sabah,Kudat,1/1/2022,female,10-14,overall,4
Sabah,Kudat,1/1/2022,female,15-19,overall,4.2
Sabah,Kudat,1/1/2022,female,20-24,overall,4
Sabah,Kudat,1/1/2022,female,25-29,overall,4.2
Sabah,Kudat,1/1/2022,female,30-34,overall,3.8
Sabah,Kudat,1/1/2022,female,35-39,overall,3.5
Sabah,Kudat,1/1/2022,female,40-44,overall,2.7
Sabah,Kudat,1/1/2022,female,45-49,overall,2.1
Sabah,Kudat,1/1/2022,female,50-54,overall,1.8
Sabah,Kudat,1/1/2022,female,55-59,overall,1.5
Sabah,Kudat,1/1/2022,female,60-64,overall,1.2
Sabah,Kudat,1/1/2022,female,65-69,overall,1.2
Sabah,Kudat,1/1/2022,female,70-74,overall,0.8
Sabah,Kudat,1/1/2022,female,75-79,overall,0.4
Sabah,Kudat,1/1/2022,female,80-84,overall,0.2
Sabah,Kudat,1/1/2022,female,85+,overall,0.2
Sabah,Kudat,1/1/2022,male,0-4,overall,3.8
Sabah,Kudat,1/1/2022,male,5-9,overall,3.8
Sabah,Kudat,1/1/2022,male,10-14,overall,4.1
Sabah,Kudat,1/1/2022,male,15-19,overall,4.6
Sabah,Kudat,1/1/2022,male,20-24,overall,4.2
Sabah,Kudat,1/1/2022,male,25-29,overall,4.3
Sabah,Kudat,1/1/2022,male,30-34,overall,3.7
Sabah,Kudat,1/1/2022,male,35-39,overall,3.5
Sabah,Kudat,1/1/2022,male,40-44,overall,2.7
Sabah,Kudat,1/1/2022,male,45-49,overall,2
Sabah,Kudat,1/1/2022,male,50-54,overall,1.8
Sabah,Kudat,1/1/2022,male,55-59,overall,1.5
Sabah,Kudat,1/1/2022,male,60-64,overall,1.3
Sabah,Kudat,1/1/2022,male,65-69,overall,1.3
Sabah,Kudat,1/1/2022,male,70-74,overall,0.8
Sabah,Kudat,1/1/2022,male,75-79,overall,0.4
Sabah,Kudat,1/1/2022,male,80-84,overall,0.2
Sabah,Kudat,1/1/2022,male,85+,overall,0.2
Sabah,Kunak,1/1/2022,female,0-4,overall,2.8
Sabah,Kunak,1/1/2022,female,5-9,overall,2.6
Sabah,Kunak,1/1/2022,female,10-14,overall,2.4
Sabah,Kunak,1/1/2022,female,15-19,overall,3.2
Sabah,Kunak,1/1/2022,female,20-24,overall,3.7
Sabah,Kunak,1/1/2022,female,25-29,overall,4
Sabah,Kunak,1/1/2022,female,30-34,overall,2.9
Sabah,Kunak,1/1/2022,female,35-39,overall,2.5
Sabah,Kunak,1/1/2022,female,40-44,overall,1.9
Sabah,Kunak,1/1/2022,female,45-49,overall,1.3
Sabah,Kunak,1/1/2022,female,50-54,overall,1.1
Sabah,Kunak,1/1/2022,female,55-59,overall,0.8
Sabah,Kunak,1/1/2022,female,60-64,overall,0.6
Sabah,Kunak,1/1/2022,female,65-69,overall,0.7
Sabah,Kunak,1/1/2022,female,70-74,overall,0.3
Sabah,Kunak,1/1/2022,female,75-79,overall,0.2
Sabah,Kunak,1/1/2022,female,80-84,overall,0.1
Sabah,Kunak,1/1/2022,female,85+,overall,0.1
Sabah,Kunak,1/1/2022,male,0-4,overall,2.8
Sabah,Kunak,1/1/2022,male,5-9,overall,2.6
Sabah,Kunak,1/1/2022,male,10-14,overall,2.3
Sabah,Kunak,1/1/2022,male,15-19,overall,4
Sabah,Kunak,1/1/2022,male,20-24,overall,4.5
Sabah,Kunak,1/1/2022,male,25-29,overall,5
Sabah,Kunak,1/1/2022,male,30-34,overall,3.7
Sabah,Kunak,1/1/2022,male,35-39,overall,3.2
Sabah,Kunak,1/1/2022,male,40-44,overall,2.3
Sabah,Kunak,1/1/2022,male,45-49,overall,1.7
Sabah,Kunak,1/1/2022,male,50-54,overall,1.3
Sabah,Kunak,1/1/2022,male,55-59,overall,0.9
Sabah,Kunak,1/1/2022,male,60-64,overall,0.7
Sabah,Kunak,1/1/2022,male,65-69,overall,0.7
Sabah,Kunak,1/1/2022,male,70-74,overall,0.4
Sabah,Kunak,1/1/2022,male,75-79,overall,0.2
Sabah,Kunak,1/1/2022,male,80-84,overall,0.1
Sabah,Kunak,1/1/2022,male,85+,overall,0.1
Sabah,Lahad Datu,1/1/2022,female,0-4,overall,8.7
Sabah,Lahad Datu,1/1/2022,female,5-9,overall,8.9
Sabah,Lahad Datu,1/1/2022,female,10-14,overall,8.8
Sabah,Lahad Datu,1/1/2022,female,15-19,overall,10.7
Sabah,Lahad Datu,1/1/2022,female,20-24,overall,11.7
Sabah,Lahad Datu,1/1/2022,female,25-29,overall,12.3
Sabah,Lahad Datu,1/1/2022,female,30-34,overall,9.7
Sabah,Lahad Datu,1/1/2022,female,35-39,overall,8.7
Sabah,Lahad Datu,1/1/2022,female,40-44,overall,6.5
Sabah,Lahad Datu,1/1/2022,female,45-49,overall,4.8
Sabah,Lahad Datu,1/1/2022,female,50-54,overall,3.9
Sabah,Lahad Datu,1/1/2022,female,55-59,overall,3.2
Sabah,Lahad Datu,1/1/2022,female,60-64,overall,2.5
Sabah,Lahad Datu,1/1/2022,female,65-69,overall,2.7
Sabah,Lahad Datu,1/1/2022,female,70-74,overall,1.4
Sabah,Lahad Datu,1/1/2022,female,75-79,overall,0.9
Sabah,Lahad Datu,1/1/2022,female,80-84,overall,0.5
Sabah,Lahad Datu,1/1/2022,female,85+,overall,0.5
Sabah,Lahad Datu,1/1/2022,male,0-4,overall,9
Sabah,Lahad Datu,1/1/2022,male,5-9,overall,9.1
Sabah,Lahad Datu,1/1/2022,male,10-14,overall,8.7
Sabah,Lahad Datu,1/1/2022,male,15-19,overall,12.9
Sabah,Lahad Datu,1/1/2022,male,20-24,overall,13.8
Sabah,Lahad Datu,1/1/2022,male,25-29,overall,14.7
Sabah,Lahad Datu,1/1/2022,male,30-34,overall,11.6
Sabah,Lahad Datu,1/1/2022,male,35-39,overall,10.2
Sabah,Lahad Datu,1/1/2022,male,40-44,overall,7.7
Sabah,Lahad Datu,1/1/2022,male,45-49,overall,5.6
Sabah,Lahad Datu,1/1/2022,male,50-54,overall,4.6
Sabah,Lahad Datu,1/1/2022,male,55-59,overall,3.6
Sabah,Lahad Datu,1/1/2022,male,60-64,overall,3
Sabah,Lahad Datu,1/1/2022,male,65-69,overall,2.8
Sabah,Lahad Datu,1/1/2022,male,70-74,overall,1.5
Sabah,Lahad Datu,1/1/2022,male,75-79,overall,0.8
Sabah,Lahad Datu,1/1/2022,male,80-84,overall,0.5
Sabah,Lahad Datu,1/1/2022,male,85+,overall,0.5
Sabah,Nabawan,1/1/2022,female,0-4,overall,1.4
Sabah,Nabawan,1/1/2022,female,5-9,overall,1.2
Sabah,Nabawan,1/1/2022,female,10-14,overall,1.4
Sabah,Nabawan,1/1/2022,female,15-19,overall,1.3
Sabah,Nabawan,1/1/2022,female,20-24,overall,1.2
Sabah,Nabawan,1/1/2022,female,25-29,overall,1.3
Sabah,Nabawan,1/1/2022,female,30-34,overall,1.2
Sabah,Nabawan,1/1/2022,female,35-39,overall,1.1
Sabah,Nabawan,1/1/2022,female,40-44,overall,0.8
Sabah,Nabawan,1/1/2022,female,45-49,overall,0.6
Sabah,Nabawan,1/1/2022,female,50-54,overall,0.6
Sabah,Nabawan,1/1/2022,female,55-59,overall,0.5
Sabah,Nabawan,1/1/2022,female,60-64,overall,0.4
Sabah,Nabawan,1/1/2022,female,65-69,overall,0.3
Sabah,Nabawan,1/1/2022,female,70-74,overall,0.2
Sabah,Nabawan,1/1/2022,female,75-79,overall,0.2
Sabah,Nabawan,1/1/2022,female,80-84,overall,0.1
Sabah,Nabawan,1/1/2022,female,85+,overall,0
Sabah,Nabawan,1/1/2022,male,0-4,overall,1.6
Sabah,Nabawan,1/1/2022,male,5-9,overall,1.5
Sabah,Nabawan,1/1/2022,male,10-14,overall,1.6
Sabah,Nabawan,1/1/2022,male,15-19,overall,1.6
Sabah,Nabawan,1/1/2022,male,20-24,overall,1.4
Sabah,Nabawan,1/1/2022,male,25-29,overall,1.4
Sabah,Nabawan,1/1/2022,male,30-34,overall,1.2
Sabah,Nabawan,1/1/2022,male,35-39,overall,1.2
Sabah,Nabawan,1/1/2022,male,40-44,overall,0.9
Sabah,Nabawan,1/1/2022,male,45-49,overall,0.7
Sabah,Nabawan,1/1/2022,male,50-54,overall,0.6
Sabah,Nabawan,1/1/2022,male,55-59,overall,0.5
Sabah,Nabawan,1/1/2022,male,60-64,overall,0.4
Sabah,Nabawan,1/1/2022,male,65-69,overall,0.4
Sabah,Nabawan,1/1/2022,male,70-74,overall,0.2
Sabah,Nabawan,1/1/2022,male,75-79,overall,0.2
Sabah,Nabawan,1/1/2022,male,80-84,overall,0.1
Sabah,Nabawan,1/1/2022,male,85+,overall,0.1
Sabah,Papar,1/1/2022,female,0-4,overall,7
Sabah,Papar,1/1/2022,female,5-9,overall,7.8
Sabah,Papar,1/1/2022,female,10-14,overall,8.4
Sabah,Papar,1/1/2022,female,15-19,overall,7.5
Sabah,Papar,1/1/2022,female,20-24,overall,6.2
Sabah,Papar,1/1/2022,female,25-29,overall,5.8
Sabah,Papar,1/1/2022,female,30-34,overall,5.8
Sabah,Papar,1/1/2022,female,35-39,overall,5.5
Sabah,Papar,1/1/2022,female,40-44,overall,4.1
Sabah,Papar,1/1/2022,female,45-49,overall,3.1
Sabah,Papar,1/1/2022,female,50-54,overall,2.6
Sabah,Papar,1/1/2022,female,55-59,overall,2.1
Sabah,Papar,1/1/2022,female,60-64,overall,1.7
Sabah,Papar,1/1/2022,female,65-69,overall,1.7
Sabah,Papar,1/1/2022,female,70-74,overall,1.1
Sabah,Papar,1/1/2022,female,75-79,overall,0.7
Sabah,Papar,1/1/2022,female,80-84,overall,0.3
Sabah,Papar,1/1/2022,female,85+,overall,0.2
Sabah,Papar,1/1/2022,male,0-4,overall,7.8
Sabah,Papar,1/1/2022,male,5-9,overall,8.7
Sabah,Papar,1/1/2022,male,10-14,overall,8.8
Sabah,Papar,1/1/2022,male,15-19,overall,9.3
Sabah,Papar,1/1/2022,male,20-24,overall,7.7
Sabah,Papar,1/1/2022,male,25-29,overall,6.7
Sabah,Papar,1/1/2022,male,30-34,overall,6.5
Sabah,Papar,1/1/2022,male,35-39,overall,6.3
Sabah,Papar,1/1/2022,male,40-44,overall,4.8
Sabah,Papar,1/1/2022,male,45-49,overall,3.5
Sabah,Papar,1/1/2022,male,50-54,overall,3.1
Sabah,Papar,1/1/2022,male,55-59,overall,2.6
Sabah,Papar,1/1/2022,male,60-64,overall,2
Sabah,Papar,1/1/2022,male,65-69,overall,1.6
Sabah,Papar,1/1/2022,male,70-74,overall,0.9
Sabah,Papar,1/1/2022,male,75-79,overall,0.5
Sabah,Papar,1/1/2022,male,80-84,overall,0.2
Sabah,Papar,1/1/2022,male,85+,overall,0.2
Sabah,Penampang,1/1/2022,female,0-4,overall,5.3
Sabah,Penampang,1/1/2022,female,5-9,overall,6.4
Sabah,Penampang,1/1/2022,female,10-14,overall,7.5
Sabah,Penampang,1/1/2022,female,15-19,overall,7.2
Sabah,Penampang,1/1/2022,female,20-24,overall,6.8
Sabah,Penampang,1/1/2022,female,25-29,overall,7.1
Sabah,Penampang,1/1/2022,female,30-34,overall,6.8
Sabah,Penampang,1/1/2022,female,35-39,overall,6.4
Sabah,Penampang,1/1/2022,female,40-44,overall,5
Sabah,Penampang,1/1/2022,female,45-49,overall,3.9
Sabah,Penampang,1/1/2022,female,50-54,overall,3.4
Sabah,Penampang,1/1/2022,female,55-59,overall,2.9
Sabah,Penampang,1/1/2022,female,60-64,overall,2.4
Sabah,Penampang,1/1/2022,female,65-69,overall,2.5
Sabah,Penampang,1/1/2022,female,70-74,overall,1.6
Sabah,Penampang,1/1/2022,female,75-79,overall,1
Sabah,Penampang,1/1/2022,female,80-84,overall,0.5
Sabah,Penampang,1/1/2022,female,85+,overall,0.3
Sabah,Penampang,1/1/2022,male,0-4,overall,5.6
Sabah,Penampang,1/1/2022,male,5-9,overall,6.7
Sabah,Penampang,1/1/2022,male,10-14,overall,7.5
Sabah,Penampang,1/1/2022,male,15-19,overall,8.9
Sabah,Penampang,1/1/2022,male,20-24,overall,8.5
Sabah,Penampang,1/1/2022,male,25-29,overall,8.6
Sabah,Penampang,1/1/2022,male,30-34,overall,7.5
Sabah,Penampang,1/1/2022,male,35-39,overall,7.1
Sabah,Penampang,1/1/2022,male,40-44,overall,5.6
Sabah,Penampang,1/1/2022,male,45-49,overall,4.2
Sabah,Penampang,1/1/2022,male,50-54,overall,3.7
Sabah,Penampang,1/1/2022,male,55-59,overall,3.2
Sabah,Penampang,1/1/2022,male,60-64,overall,2.8
Sabah,Penampang,1/1/2022,male,65-69,overall,2.6
Sabah,Penampang,1/1/2022,male,70-74,overall,1.6
Sabah,Penampang,1/1/2022,male,75-79,overall,0.9
Sabah,Penampang,1/1/2022,male,80-84,overall,0.5
Sabah,Penampang,1/1/2022,male,85+,overall,0.4
Sabah,Pitas,1/1/2022,female,0-4,overall,1.7
Sabah,Pitas,1/1/2022,female,5-9,overall,1.6
Sabah,Pitas,1/1/2022,female,10-14,overall,1.8
Sabah,Pitas,1/1/2022,female,15-19,overall,1.7
Sabah,Pitas,1/1/2022,female,20-24,overall,1.6
Sabah,Pitas,1/1/2022,female,25-29,overall,1.7
Sabah,Pitas,1/1/2022,female,30-34,overall,1.5
Sabah,Pitas,1/1/2022,female,35-39,overall,1.4
Sabah,Pitas,1/1/2022,female,40-44,overall,1.1
Sabah,Pitas,1/1/2022,female,45-49,overall,0.9
Sabah,Pitas,1/1/2022,female,50-54,overall,0.7
Sabah,Pitas,1/1/2022,female,55-59,overall,0.6
Sabah,Pitas,1/1/2022,female,60-64,overall,0.5
Sabah,Pitas,1/1/2022,female,65-69,overall,0.5
Sabah,Pitas,1/1/2022,female,70-74,overall,0.3
Sabah,Pitas,1/1/2022,female,75-79,overall,0.2
Sabah,Pitas,1/1/2022,female,80-84,overall,0.1
Sabah,Pitas,1/1/2022,female,85+,overall,0.1
Sabah,Pitas,1/1/2022,male,0-4,overall,1.8
Sabah,Pitas,1/1/2022,male,5-9,overall,1.7
Sabah,Pitas,1/1/2022,male,10-14,overall,1.8
Sabah,Pitas,1/1/2022,male,15-19,overall,1.9
Sabah,Pitas,1/1/2022,male,20-24,overall,1.8
Sabah,Pitas,1/1/2022,male,25-29,overall,1.8
Sabah,Pitas,1/1/2022,male,30-34,overall,1.6
Sabah,Pitas,1/1/2022,male,35-39,overall,1.5
Sabah,Pitas,1/1/2022,male,40-44,overall,1.2
Sabah,Pitas,1/1/2022,male,45-49,overall,0.9
Sabah,Pitas,1/1/2022,male,50-54,overall,0.8
Sabah,Pitas,1/1/2022,male,55-59,overall,0.7
Sabah,Pitas,1/1/2022,male,60-64,overall,0.5
Sabah,Pitas,1/1/2022,male,65-69,overall,0.6
Sabah,Pitas,1/1/2022,male,70-74,overall,0.3
Sabah,Pitas,1/1/2022,male,75-79,overall,0.2
Sabah,Pitas,1/1/2022,male,80-84,overall,0.1
Sabah,Pitas,1/1/2022,male,85+,overall,0.1
Sabah,Putatan,1/1/2022,female,0-4,overall,2.8
Sabah,Putatan,1/1/2022,female,5-9,overall,3.5
Sabah,Putatan,1/1/2022,female,10-14,overall,3.9
Sabah,Putatan,1/1/2022,female,15-19,overall,3.5
Sabah,Putatan,1/1/2022,female,20-24,overall,2.8
Sabah,Putatan,1/1/2022,female,25-29,overall,2.9
Sabah,Putatan,1/1/2022,female,30-34,overall,2.8
Sabah,Putatan,1/1/2022,female,35-39,overall,2.6
Sabah,Putatan,1/1/2022,female,40-44,overall,2
Sabah,Putatan,1/1/2022,female,45-49,overall,1.5
Sabah,Putatan,1/1/2022,female,50-54,overall,1.3
Sabah,Putatan,1/1/2022,female,55-59,overall,1.1
Sabah,Putatan,1/1/2022,female,60-64,overall,0.9
Sabah,Putatan,1/1/2022,female,65-69,overall,0.8
Sabah,Putatan,1/1/2022,female,70-74,overall,0.3
Sabah,Putatan,1/1/2022,female,75-79,overall,0.1
Sabah,Putatan,1/1/2022,female,80-84,overall,0.1
Sabah,Putatan,1/1/2022,female,85+,overall,0.1
Sabah,Putatan,1/1/2022,male,0-4,overall,3.2
Sabah,Putatan,1/1/2022,male,5-9,overall,4.2
Sabah,Putatan,1/1/2022,male,10-14,overall,4.4
Sabah,Putatan,1/1/2022,male,15-19,overall,4.2
Sabah,Putatan,1/1/2022,male,20-24,overall,3.3
Sabah,Putatan,1/1/2022,male,25-29,overall,2.9
Sabah,Putatan,1/1/2022,male,30-34,overall,2.7
Sabah,Putatan,1/1/2022,male,35-39,overall,2.6
Sabah,Putatan,1/1/2022,male,40-44,overall,2.1
Sabah,Putatan,1/1/2022,male,45-49,overall,1.5
Sabah,Putatan,1/1/2022,male,50-54,overall,1.3
Sabah,Putatan,1/1/2022,male,55-59,overall,1.1
Sabah,Putatan,1/1/2022,male,60-64,overall,1
Sabah,Putatan,1/1/2022,male,65-69,overall,0.8
Sabah,Putatan,1/1/2022,male,70-74,overall,0.4
Sabah,Putatan,1/1/2022,male,75-79,overall,0.1
Sabah,Putatan,1/1/2022,male,80-84,overall,0.1
Sabah,Putatan,1/1/2022,male,85+,overall,0.1
Sabah,Ranau,1/1/2022,female,0-4,overall,3.8
Sabah,Ranau,1/1/2022,female,5-9,overall,3.9
Sabah,Ranau,1/1/2022,female,10-14,overall,4.4
Sabah,Ranau,1/1/2022,female,15-19,overall,4.1
Sabah,Ranau,1/1/2022,female,20-24,overall,3.6
Sabah,Ranau,1/1/2022,female,25-29,overall,3.7
Sabah,Ranau,1/1/2022,female,30-34,overall,3.5
Sabah,Ranau,1/1/2022,female,35-39,overall,3.3
Sabah,Ranau,1/1/2022,female,40-44,overall,2.5
Sabah,Ranau,1/1/2022,female,45-49,overall,1.9
Sabah,Ranau,1/1/2022,female,50-54,overall,1.6
Sabah,Ranau,1/1/2022,female,55-59,overall,1.4
Sabah,Ranau,1/1/2022,female,60-64,overall,1.1
Sabah,Ranau,1/1/2022,female,65-69,overall,1.2
Sabah,Ranau,1/1/2022,female,70-74,overall,0.8
Sabah,Ranau,1/1/2022,female,75-79,overall,0.5
Sabah,Ranau,1/1/2022,female,80-84,overall,0.3
Sabah,Ranau,1/1/2022,female,85+,overall,0.2
Sabah,Ranau,1/1/2022,male,0-4,overall,4.2
Sabah,Ranau,1/1/2022,male,5-9,overall,4.5
Sabah,Ranau,1/1/2022,male,10-14,overall,4.8
Sabah,Ranau,1/1/2022,male,15-19,overall,4.7
Sabah,Ranau,1/1/2022,male,20-24,overall,3.9
Sabah,Ranau,1/1/2022,male,25-29,overall,3.8
Sabah,Ranau,1/1/2022,male,30-34,overall,3.4
Sabah,Ranau,1/1/2022,male,35-39,overall,3.3
Sabah,Ranau,1/1/2022,male,40-44,overall,2.5
Sabah,Ranau,1/1/2022,male,45-49,overall,1.9
Sabah,Ranau,1/1/2022,male,50-54,overall,1.7
Sabah,Ranau,1/1/2022,male,55-59,overall,1.4
Sabah,Ranau,1/1/2022,male,60-64,overall,1.1
Sabah,Ranau,1/1/2022,male,65-69,overall,1.3
Sabah,Ranau,1/1/2022,male,70-74,overall,1
Sabah,Ranau,1/1/2022,male,75-79,overall,0.5
Sabah,Ranau,1/1/2022,male,80-84,overall,0.3
Sabah,Ranau,1/1/2022,male,85+,overall,0.3
Sabah,Sandakan,1/1/2022,female,0-4,overall,15.1
Sabah,Sandakan,1/1/2022,female,5-9,overall,16
Sabah,Sandakan,1/1/2022,female,10-14,overall,16.6
Sabah,Sandakan,1/1/2022,female,15-19,overall,21.6
Sabah,Sandakan,1/1/2022,female,20-24,overall,23.4
Sabah,Sandakan,1/1/2022,female,25-29,overall,24.3
Sabah,Sandakan,1/1/2022,female,30-34,overall,19.6
Sabah,Sandakan,1/1/2022,female,35-39,overall,17.8
Sabah,Sandakan,1/1/2022,female,40-44,overall,13.4
Sabah,Sandakan,1/1/2022,female,45-49,overall,9.9
Sabah,Sandakan,1/1/2022,female,50-54,overall,8
Sabah,Sandakan,1/1/2022,female,55-59,overall,6.7
Sabah,Sandakan,1/1/2022,female,60-64,overall,5.2
Sabah,Sandakan,1/1/2022,female,65-69,overall,5.8
Sabah,Sandakan,1/1/2022,female,70-74,overall,3.3
Sabah,Sandakan,1/1/2022,female,75-79,overall,2
Sabah,Sandakan,1/1/2022,female,80-84,overall,1.1
Sabah,Sandakan,1/1/2022,female,85+,overall,1
Sabah,Sandakan,1/1/2022,male,0-4,overall,16.5
Sabah,Sandakan,1/1/2022,male,5-9,overall,17.4
Sabah,Sandakan,1/1/2022,male,10-14,overall,17
Sabah,Sandakan,1/1/2022,male,15-19,overall,23.7
Sabah,Sandakan,1/1/2022,male,20-24,overall,24.6
Sabah,Sandakan,1/1/2022,male,25-29,overall,25
Sabah,Sandakan,1/1/2022,male,30-34,overall,20.8
Sabah,Sandakan,1/1/2022,male,35-39,overall,19
Sabah,Sandakan,1/1/2022,male,40-44,overall,14.5
Sabah,Sandakan,1/1/2022,male,45-49,overall,10.6
Sabah,Sandakan,1/1/2022,male,50-54,overall,8.9
Sabah,Sandakan,1/1/2022,male,55-59,overall,7.3
Sabah,Sandakan,1/1/2022,male,60-64,overall,6.1
Sabah,Sandakan,1/1/2022,male,65-69,overall,6.2
Sabah,Sandakan,1/1/2022,male,70-74,overall,3.4
Sabah,Sandakan,1/1/2022,male,75-79,overall,1.9
Sabah,Sandakan,1/1/2022,male,80-84,overall,0.9
Sabah,Sandakan,1/1/2022,male,85+,overall,1
Sabah,Semporna,1/1/2022,female,0-4,overall,7.2
Sabah,Semporna,1/1/2022,female,5-9,overall,6.9
Sabah,Semporna,1/1/2022,female,10-14,overall,6.7
Sabah,Semporna,1/1/2022,female,15-19,overall,8.2
Sabah,Semporna,1/1/2022,female,20-24,overall,9
Sabah,Semporna,1/1/2022,female,25-29,overall,9.6
Sabah,Semporna,1/1/2022,female,30-34,overall,7.4
Sabah,Semporna,1/1/2022,female,35-39,overall,6.6
Sabah,Semporna,1/1/2022,female,40-44,overall,4.9
Sabah,Semporna,1/1/2022,female,45-49,overall,3.5
Sabah,Semporna,1/1/2022,female,50-54,overall,2.9
Sabah,Semporna,1/1/2022,female,55-59,overall,2.3
Sabah,Semporna,1/1/2022,female,60-64,overall,1.8
Sabah,Semporna,1/1/2022,female,65-69,overall,1.7
Sabah,Semporna,1/1/2022,female,70-74,overall,0.9
Sabah,Semporna,1/1/2022,female,75-79,overall,0.5
Sabah,Semporna,1/1/2022,female,80-84,overall,0.3
Sabah,Semporna,1/1/2022,female,85+,overall,0.3
Sabah,Semporna,1/1/2022,male,0-4,overall,7.5
Sabah,Semporna,1/1/2022,male,5-9,overall,7.1
Sabah,Semporna,1/1/2022,male,10-14,overall,6.6
Sabah,Semporna,1/1/2022,male,15-19,overall,9
Sabah,Semporna,1/1/2022,male,20-24,overall,9.5
Sabah,Semporna,1/1/2022,male,25-29,overall,10.2
Sabah,Semporna,1/1/2022,male,30-34,overall,7.9
Sabah,Semporna,1/1/2022,male,35-39,overall,6.9
Sabah,Semporna,1/1/2022,male,40-44,overall,5.2
Sabah,Semporna,1/1/2022,male,45-49,overall,3.7
Sabah,Semporna,1/1/2022,male,50-54,overall,3
Sabah,Semporna,1/1/2022,male,55-59,overall,2.3
Sabah,Semporna,1/1/2022,male,60-64,overall,1.9
Sabah,Semporna,1/1/2022,male,65-69,overall,1.8
Sabah,Semporna,1/1/2022,male,70-74,overall,0.9
Sabah,Semporna,1/1/2022,male,75-79,overall,0.5
Sabah,Semporna,1/1/2022,male,80-84,overall,0.3
Sabah,Semporna,1/1/2022,male,85+,overall,0.3
Sabah,Sipitang,1/1/2022,female,0-4,overall,1.7
Sabah,Sipitang,1/1/2022,female,5-9,overall,1.8
Sabah,Sipitang,1/1/2022,female,10-14,overall,1.9
Sabah,Sipitang,1/1/2022,female,15-19,overall,1.8
Sabah,Sipitang,1/1/2022,female,20-24,overall,1.5
Sabah,Sipitang,1/1/2022,female,25-29,overall,1.4
Sabah,Sipitang,1/1/2022,female,30-34,overall,1.4
Sabah,Sipitang,1/1/2022,female,35-39,overall,1.4
Sabah,Sipitang,1/1/2022,female,40-44,overall,1.2
Sabah,Sipitang,1/1/2022,female,45-49,overall,1
Sabah,Sipitang,1/1/2022,female,50-54,overall,0.8
Sabah,Sipitang,1/1/2022,female,55-59,overall,0.7
Sabah,Sipitang,1/1/2022,female,60-64,overall,0.5
Sabah,Sipitang,1/1/2022,female,65-69,overall,0.4
Sabah,Sipitang,1/1/2022,female,70-74,overall,0.3
Sabah,Sipitang,1/1/2022,female,75-79,overall,0.2
Sabah,Sipitang,1/1/2022,female,80-84,overall,0.1
Sabah,Sipitang,1/1/2022,female,85+,overall,0.1
Sabah,Sipitang,1/1/2022,male,0-4,overall,1.8
Sabah,Sipitang,1/1/2022,male,5-9,overall,2
Sabah,Sipitang,1/1/2022,male,10-14,overall,2
Sabah,Sipitang,1/1/2022,male,15-19,overall,2.1
Sabah,Sipitang,1/1/2022,male,20-24,overall,1.8
Sabah,Sipitang,1/1/2022,male,25-29,overall,1.6
Sabah,Sipitang,1/1/2022,male,30-34,overall,1.5
Sabah,Sipitang,1/1/2022,male,35-39,overall,1.5
Sabah,Sipitang,1/1/2022,male,40-44,overall,1.3
Sabah,Sipitang,1/1/2022,male,45-49,overall,1
Sabah,Sipitang,1/1/2022,male,50-54,overall,0.9
Sabah,Sipitang,1/1/2022,male,55-59,overall,0.8
Sabah,Sipitang,1/1/2022,male,60-64,overall,0.6
Sabah,Sipitang,1/1/2022,male,65-69,overall,0.5
Sabah,Sipitang,1/1/2022,male,70-74,overall,0.3
Sabah,Sipitang,1/1/2022,male,75-79,overall,0.2
Sabah,Sipitang,1/1/2022,male,80-84,overall,0.1
Sabah,Sipitang,1/1/2022,male,85+,overall,0.1
Sabah,Tambunan,1/1/2022,female,0-4,overall,1.4
Sabah,Tambunan,1/1/2022,female,5-9,overall,1.4
Sabah,Tambunan,1/1/2022,female,10-14,overall,1.7
Sabah,Tambunan,1/1/2022,female,15-19,overall,1.5
Sabah,Tambunan,1/1/2022,female,20-24,overall,1.4
Sabah,Tambunan,1/1/2022,female,25-29,overall,1.4
Sabah,Tambunan,1/1/2022,female,30-34,overall,1.3
Sabah,Tambunan,1/1/2022,female,35-39,overall,1.2
Sabah,Tambunan,1/1/2022,female,40-44,overall,0.9
Sabah,Tambunan,1/1/2022,female,45-49,overall,0.7
Sabah,Tambunan,1/1/2022,female,50-54,overall,0.6
Sabah,Tambunan,1/1/2022,female,55-59,overall,0.5
Sabah,Tambunan,1/1/2022,female,60-64,overall,0.4
Sabah,Tambunan,1/1/2022,female,65-69,overall,0.4
Sabah,Tambunan,1/1/2022,female,70-74,overall,0.3
Sabah,Tambunan,1/1/2022,female,75-79,overall,0.1
Sabah,Tambunan,1/1/2022,female,80-84,overall,0.1
Sabah,Tambunan,1/1/2022,female,85+,overall,0.1
Sabah,Tambunan,1/1/2022,male,0-4,overall,1.7
Sabah,Tambunan,1/1/2022,male,5-9,overall,1.6
Sabah,Tambunan,1/1/2022,male,10-14,overall,1.8
Sabah,Tambunan,1/1/2022,male,15-19,overall,1.7
Sabah,Tambunan,1/1/2022,male,20-24,overall,1.4
Sabah,Tambunan,1/1/2022,male,25-29,overall,1.4
Sabah,Tambunan,1/1/2022,male,30-34,overall,1.2
Sabah,Tambunan,1/1/2022,male,35-39,overall,1.2
Sabah,Tambunan,1/1/2022,male,40-44,overall,0.9
Sabah,Tambunan,1/1/2022,male,45-49,overall,0.7
Sabah,Tambunan,1/1/2022,male,50-54,overall,0.6
Sabah,Tambunan,1/1/2022,male,55-59,overall,0.5
Sabah,Tambunan,1/1/2022,male,60-64,overall,0.4
Sabah,Tambunan,1/1/2022,male,65-69,overall,0.5
Sabah,Tambunan,1/1/2022,male,70-74,overall,0.4
Sabah,Tambunan,1/1/2022,male,75-79,overall,0.2
Sabah,Tambunan,1/1/2022,male,80-84,overall,0.1
Sabah,Tambunan,1/1/2022,male,85+,overall,0.1
Sabah,Tawau,1/1/2022,female,0-4,overall,12.9
Sabah,Tawau,1/1/2022,female,5-9,overall,13.4
Sabah,Tawau,1/1/2022,female,10-14,overall,14
Sabah,Tawau,1/1/2022,female,15-19,overall,17.5
Sabah,Tawau,1/1/2022,female,20-24,overall,19
Sabah,Tawau,1/1/2022,female,25-29,overall,20
Sabah,Tawau,1/1/2022,female,30-34,overall,16.6
Sabah,Tawau,1/1/2022,female,35-39,overall,15.1
Sabah,Tawau,1/1/2022,female,40-44,overall,11.5
Sabah,Tawau,1/1/2022,female,45-49,overall,8.5
Sabah,Tawau,1/1/2022,female,50-54,overall,7
Sabah,Tawau,1/1/2022,female,55-59,overall,5.8
Sabah,Tawau,1/1/2022,female,60-64,overall,4.6
Sabah,Tawau,1/1/2022,female,65-69,overall,4.9
Sabah,Tawau,1/1/2022,female,70-74,overall,2.8
Sabah,Tawau,1/1/2022,female,75-79,overall,1.6
Sabah,Tawau,1/1/2022,female,80-84,overall,1
Sabah,Tawau,1/1/2022,female,85+,overall,0.9
Sabah,Tawau,1/1/2022,male,0-4,overall,13.1
Sabah,Tawau,1/1/2022,male,5-9,overall,13.7
Sabah,Tawau,1/1/2022,male,10-14,overall,13.6
Sabah,Tawau,1/1/2022,male,15-19,overall,20.2
Sabah,Tawau,1/1/2022,male,20-24,overall,21.5
Sabah,Tawau,1/1/2022,male,25-29,overall,22.4
Sabah,Tawau,1/1/2022,male,30-34,overall,18.4
Sabah,Tawau,1/1/2022,male,35-39,overall,16.7
Sabah,Tawau,1/1/2022,male,40-44,overall,12.9
Sabah,Tawau,1/1/2022,male,45-49,overall,9.4
Sabah,Tawau,1/1/2022,male,50-54,overall,7.9
Sabah,Tawau,1/1/2022,male,55-59,overall,6.5
Sabah,Tawau,1/1/2022,male,60-64,overall,5.3
Sabah,Tawau,1/1/2022,male,65-69,overall,5
Sabah,Tawau,1/1/2022,male,70-74,overall,2.7
Sabah,Tawau,1/1/2022,male,75-79,overall,1.5
Sabah,Tawau,1/1/2022,male,80-84,overall,0.8
Sabah,Tawau,1/1/2022,male,85+,overall,0.8
Sabah,Telupid,1/1/2022,female,0-4,overall,1
Sabah,Telupid,1/1/2022,female,5-9,overall,1
Sabah,Telupid,1/1/2022,female,10-14,overall,1
Sabah,Telupid,1/1/2022,female,15-19,overall,1.3
Sabah,Telupid,1/1/2022,female,20-24,overall,1.5
Sabah,Telupid,1/1/2022,female,25-29,overall,1.6
Sabah,Telupid,1/1/2022,female,30-34,overall,1.3
Sabah,Telupid,1/1/2022,female,35-39,overall,1.1
Sabah,Telupid,1/1/2022,female,40-44,overall,0.8
Sabah,Telupid,1/1/2022,female,45-49,overall,0.6
Sabah,Telupid,1/1/2022,female,50-54,overall,0.5
Sabah,Telupid,1/1/2022,female,55-59,overall,0.4
Sabah,Telupid,1/1/2022,female,60-64,overall,0.3
Sabah,Telupid,1/1/2022,female,65-69,overall,0.3
Sabah,Telupid,1/1/2022,female,70-74,overall,0.2
Sabah,Telupid,1/1/2022,female,75-79,overall,0.1
Sabah,Telupid,1/1/2022,female,80-84,overall,0.1
Sabah,Telupid,1/1/2022,female,85+,overall,0.1
Sabah,Telupid,1/1/2022,male,0-4,overall,1.2
Sabah,Telupid,1/1/2022,male,5-9,overall,1.2
Sabah,Telupid,1/1/2022,male,10-14,overall,1.1
Sabah,Telupid,1/1/2022,male,15-19,overall,1.7
Sabah,Telupid,1/1/2022,male,20-24,overall,1.8
Sabah,Telupid,1/1/2022,male,25-29,overall,2
Sabah,Telupid,1/1/2022,male,30-34,overall,1.5
Sabah,Telupid,1/1/2022,male,35-39,overall,1.3
Sabah,Telupid,1/1/2022,male,40-44,overall,1
Sabah,Telupid,1/1/2022,male,45-49,overall,0.7
Sabah,Telupid,1/1/2022,male,50-54,overall,0.6
Sabah,Telupid,1/1/2022,male,55-59,overall,0.4
Sabah,Telupid,1/1/2022,male,60-64,overall,0.4
Sabah,Telupid,1/1/2022,male,65-69,overall,0.4
Sabah,Telupid,1/1/2022,male,70-74,overall,0.2
Sabah,Telupid,1/1/2022,male,75-79,overall,0.1
Sabah,Telupid,1/1/2022,male,80-84,overall,0.1
Sabah,Telupid,1/1/2022,male,85+,overall,0.1
Sabah,Tenom,1/1/2022,female,0-4,overall,2.2
Sabah,Tenom,1/1/2022,female,5-9,overall,2.3
Sabah,Tenom,1/1/2022,female,10-14,overall,2.6
Sabah,Tenom,1/1/2022,female,15-19,overall,2.4
Sabah,Tenom,1/1/2022,female,20-24,overall,2.2
Sabah,Tenom,1/1/2022,female,25-29,overall,2.4
Sabah,Tenom,1/1/2022,female,30-34,overall,2.2
Sabah,Tenom,1/1/2022,female,35-39,overall,2
Sabah,Tenom,1/1/2022,female,40-44,overall,1.6
Sabah,Tenom,1/1/2022,female,45-49,overall,1.2
Sabah,Tenom,1/1/2022,female,50-54,overall,1
Sabah,Tenom,1/1/2022,female,55-59,overall,0.9
Sabah,Tenom,1/1/2022,female,60-64,overall,0.7
Sabah,Tenom,1/1/2022,female,65-69,overall,0.7
Sabah,Tenom,1/1/2022,female,70-74,overall,0.5
Sabah,Tenom,1/1/2022,female,75-79,overall,0.3
Sabah,Tenom,1/1/2022,female,80-84,overall,0.2
Sabah,Tenom,1/1/2022,female,85+,overall,0.1
Sabah,Tenom,1/1/2022,male,0-4,overall,2.5
Sabah,Tenom,1/1/2022,male,5-9,overall,2.5
Sabah,Tenom,1/1/2022,male,10-14,overall,2.8
Sabah,Tenom,1/1/2022,male,15-19,overall,2.8
Sabah,Tenom,1/1/2022,male,20-24,overall,2.4
Sabah,Tenom,1/1/2022,male,25-29,overall,2.4
Sabah,Tenom,1/1/2022,male,30-34,overall,2.1
Sabah,Tenom,1/1/2022,male,35-39,overall,2
Sabah,Tenom,1/1/2022,male,40-44,overall,1.6
Sabah,Tenom,1/1/2022,male,45-49,overall,1.2
Sabah,Tenom,1/1/2022,male,50-54,overall,1
Sabah,Tenom,1/1/2022,male,55-59,overall,0.9
Sabah,Tenom,1/1/2022,male,60-64,overall,0.7
Sabah,Tenom,1/1/2022,male,65-69,overall,0.8
Sabah,Tenom,1/1/2022,male,70-74,overall,0.5
Sabah,Tenom,1/1/2022,male,75-79,overall,0.3
Sabah,Tenom,1/1/2022,male,80-84,overall,0.1
Sabah,Tenom,1/1/2022,male,85+,overall,0.2
Sabah,Tongod,1/1/2022,female,0-4,overall,1.5
Sabah,Tongod,1/1/2022,female,5-9,overall,1.6
Sabah,Tongod,1/1/2022,female,10-14,overall,1.6
Sabah,Tongod,1/1/2022,female,15-19,overall,2
Sabah,Tongod,1/1/2022,female,20-24,overall,2.2
Sabah,Tongod,1/1/2022,female,25-29,overall,2.3
Sabah,Tongod,1/1/2022,female,30-34,overall,1.8
Sabah,Tongod,1/1/2022,female,35-39,overall,1.6
Sabah,Tongod,1/1/2022,female,40-44,overall,1.2
Sabah,Tongod,1/1/2022,female,45-49,overall,0.9
Sabah,Tongod,1/1/2022,female,50-54,overall,0.7
Sabah,Tongod,1/1/2022,female,55-59,overall,0.6
Sabah,Tongod,1/1/2022,female,60-64,overall,0.4
Sabah,Tongod,1/1/2022,female,65-69,overall,0.5
Sabah,Tongod,1/1/2022,female,70-74,overall,0.3
Sabah,Tongod,1/1/2022,female,75-79,overall,0.1
Sabah,Tongod,1/1/2022,female,80-84,overall,0.1
Sabah,Tongod,1/1/2022,female,85+,overall,0.1
Sabah,Tongod,1/1/2022,male,0-4,overall,1.8
Sabah,Tongod,1/1/2022,male,5-9,overall,1.9
Sabah,Tongod,1/1/2022,male,10-14,overall,1.7
Sabah,Tongod,1/1/2022,male,15-19,overall,2.4
Sabah,Tongod,1/1/2022,male,20-24,overall,2.5
Sabah,Tongod,1/1/2022,male,25-29,overall,2.8
Sabah,Tongod,1/1/2022,male,30-34,overall,2.1
Sabah,Tongod,1/1/2022,male,35-39,overall,1.9
Sabah,Tongod,1/1/2022,male,40-44,overall,1.4
Sabah,Tongod,1/1/2022,male,45-49,overall,1
Sabah,Tongod,1/1/2022,male,50-54,overall,0.8
Sabah,Tongod,1/1/2022,male,55-59,overall,0.6
Sabah,Tongod,1/1/2022,male,60-64,overall,0.5
Sabah,Tongod,1/1/2022,male,65-69,overall,0.6
Sabah,Tongod,1/1/2022,male,70-74,overall,0.3
Sabah,Tongod,1/1/2022,male,75-79,overall,0.2
Sabah,Tongod,1/1/2022,male,80-84,overall,0.1
Sabah,Tongod,1/1/2022,male,85+,overall,0.1
Sabah,Tuaran,1/1/2022,female,0-4,overall,5.5
Sabah,Tuaran,1/1/2022,female,5-9,overall,6.4
Sabah,Tuaran,1/1/2022,female,10-14,overall,7
Sabah,Tuaran,1/1/2022,female,15-19,overall,6.6
Sabah,Tuaran,1/1/2022,female,20-24,overall,6
Sabah,Tuaran,1/1/2022,female,25-29,overall,6.3
Sabah,Tuaran,1/1/2022,female,30-34,overall,5.9
Sabah,Tuaran,1/1/2022,female,35-39,overall,5.5
Sabah,Tuaran,1/1/2022,female,40-44,overall,4.2
Sabah,Tuaran,1/1/2022,female,45-49,overall,3.2
Sabah,Tuaran,1/1/2022,female,50-54,overall,2.7
Sabah,Tuaran,1/1/2022,female,55-59,overall,2.3
Sabah,Tuaran,1/1/2022,female,60-64,overall,1.8
Sabah,Tuaran,1/1/2022,female,65-69,overall,1.7
Sabah,Tuaran,1/1/2022,female,70-74,overall,1.1
Sabah,Tuaran,1/1/2022,female,75-79,overall,0.6
Sabah,Tuaran,1/1/2022,female,80-84,overall,0.3
Sabah,Tuaran,1/1/2022,female,85+,overall,0.2
Sabah,Tuaran,1/1/2022,male,0-4,overall,6.2
Sabah,Tuaran,1/1/2022,male,5-9,overall,6.9
Sabah,Tuaran,1/1/2022,male,10-14,overall,7.3
Sabah,Tuaran,1/1/2022,male,15-19,overall,7.4
Sabah,Tuaran,1/1/2022,male,20-24,overall,6.4
Sabah,Tuaran,1/1/2022,male,25-29,overall,6.2
Sabah,Tuaran,1/1/2022,male,30-34,overall,5.6
Sabah,Tuaran,1/1/2022,male,35-39,overall,5.3
Sabah,Tuaran,1/1/2022,male,40-44,overall,4.2
Sabah,Tuaran,1/1/2022,male,45-49,overall,3.1
Sabah,Tuaran,1/1/2022,male,50-54,overall,2.7
Sabah,Tuaran,1/1/2022,male,55-59,overall,2.3
Sabah,Tuaran,1/1/2022,male,60-64,overall,1.9
Sabah,Tuaran,1/1/2022,male,65-69,overall,1.9
Sabah,Tuaran,1/1/2022,male,70-74,overall,1.1
Sabah,Tuaran,1/1/2022,male,75-79,overall,0.6
Sabah,Tuaran,1/1/2022,male,80-84,overall,0.4
Sabah,Tuaran,1/1/2022,male,85+,overall,0.3
Sarawak,Asajaya,1/1/2022,female,0-4,overall,1.3
Sarawak,Asajaya,1/1/2022,female,5-9,overall,1.2
Sarawak,Asajaya,1/1/2022,female,10-14,overall,1.5
Sarawak,Asajaya,1/1/2022,female,15-19,overall,1.7
Sarawak,Asajaya,1/1/2022,female,20-24,overall,1.2
Sarawak,Asajaya,1/1/2022,female,25-29,overall,1.2
Sarawak,Asajaya,1/1/2022,female,30-34,overall,1.1
Sarawak,Asajaya,1/1/2022,female,35-39,overall,1.1
Sarawak,Asajaya,1/1/2022,female,40-44,overall,1
Sarawak,Asajaya,1/1/2022,female,45-49,overall,1
Sarawak,Asajaya,1/1/2022,female,50-54,overall,1
Sarawak,Asajaya,1/1/2022,female,55-59,overall,0.9
Sarawak,Asajaya,1/1/2022,female,60-64,overall,0.8
Sarawak,Asajaya,1/1/2022,female,65-69,overall,0.7
Sarawak,Asajaya,1/1/2022,female,70-74,overall,0.5
Sarawak,Asajaya,1/1/2022,female,75-79,overall,0.3
Sarawak,Asajaya,1/1/2022,female,80-84,overall,0.2
Sarawak,Asajaya,1/1/2022,female,85+,overall,0.1
Sarawak,Asajaya,1/1/2022,male,0-4,overall,1.3
Sarawak,Asajaya,1/1/2022,male,5-9,overall,1.3
Sarawak,Asajaya,1/1/2022,male,10-14,overall,1.6
Sarawak,Asajaya,1/1/2022,male,15-19,overall,1.8
Sarawak,Asajaya,1/1/2022,male,20-24,overall,1.3
Sarawak,Asajaya,1/1/2022,male,25-29,overall,1.3
Sarawak,Asajaya,1/1/2022,male,30-34,overall,1.3
Sarawak,Asajaya,1/1/2022,male,35-39,overall,1.1
Sarawak,Asajaya,1/1/2022,male,40-44,overall,1
Sarawak,Asajaya,1/1/2022,male,45-49,overall,1
Sarawak,Asajaya,1/1/2022,male,50-54,overall,1
Sarawak,Asajaya,1/1/2022,male,55-59,overall,1
Sarawak,Asajaya,1/1/2022,male,60-64,overall,0.8
Sarawak,Asajaya,1/1/2022,male,65-69,overall,0.7
Sarawak,Asajaya,1/1/2022,male,70-74,overall,0.5
Sarawak,Asajaya,1/1/2022,male,75-79,overall,0.3
Sarawak,Asajaya,1/1/2022,male,80-84,overall,0.2
Sarawak,Asajaya,1/1/2022,male,85+,overall,0
Sarawak,Bau,1/1/2022,female,0-4,overall,1.7
Sarawak,Bau,1/1/2022,female,5-9,overall,1.5
Sarawak,Bau,1/1/2022,female,10-14,overall,1.8
Sarawak,Bau,1/1/2022,female,15-19,overall,2.2
Sarawak,Bau,1/1/2022,female,20-24,overall,2
Sarawak,Bau,1/1/2022,female,25-29,overall,2.1
Sarawak,Bau,1/1/2022,female,30-34,overall,2
Sarawak,Bau,1/1/2022,female,35-39,overall,1.7
Sarawak,Bau,1/1/2022,female,40-44,overall,1.5
Sarawak,Bau,1/1/2022,female,45-49,overall,1.6
Sarawak,Bau,1/1/2022,female,50-54,overall,1.7
Sarawak,Bau,1/1/2022,female,55-59,overall,1.6
Sarawak,Bau,1/1/2022,female,60-64,overall,1.3
Sarawak,Bau,1/1/2022,female,65-69,overall,1
Sarawak,Bau,1/1/2022,female,70-74,overall,0.8
Sarawak,Bau,1/1/2022,female,75-79,overall,0.5
Sarawak,Bau,1/1/2022,female,80-84,overall,0.4
Sarawak,Bau,1/1/2022,female,85+,overall,0.2
Sarawak,Bau,1/1/2022,male,0-4,overall,1.8
Sarawak,Bau,1/1/2022,male,5-9,overall,1.7
Sarawak,Bau,1/1/2022,male,10-14,overall,1.9
Sarawak,Bau,1/1/2022,male,15-19,overall,2.4
Sarawak,Bau,1/1/2022,male,20-24,overall,2.4
Sarawak,Bau,1/1/2022,male,25-29,overall,2.4
Sarawak,Bau,1/1/2022,male,30-34,overall,2.2
Sarawak,Bau,1/1/2022,male,35-39,overall,1.9
Sarawak,Bau,1/1/2022,male,40-44,overall,1.6
Sarawak,Bau,1/1/2022,male,45-49,overall,1.7
Sarawak,Bau,1/1/2022,male,50-54,overall,1.8
Sarawak,Bau,1/1/2022,male,55-59,overall,1.7
Sarawak,Bau,1/1/2022,male,60-64,overall,1.5
Sarawak,Bau,1/1/2022,male,65-69,overall,1
Sarawak,Bau,1/1/2022,male,70-74,overall,0.7
Sarawak,Bau,1/1/2022,male,75-79,overall,0.4
Sarawak,Bau,1/1/2022,male,80-84,overall,0.2
Sarawak,Bau,1/1/2022,male,85+,overall,0.1
Sarawak,Belaga,1/1/2022,female,0-4,overall,0.5
Sarawak,Belaga,1/1/2022,female,5-9,overall,0.7
Sarawak,Belaga,1/1/2022,female,10-14,overall,0.9
Sarawak,Belaga,1/1/2022,female,15-19,overall,1.1
Sarawak,Belaga,1/1/2022,female,20-24,overall,0.8
Sarawak,Belaga,1/1/2022,female,25-29,overall,1
Sarawak,Belaga,1/1/2022,female,30-34,overall,1
Sarawak,Belaga,1/1/2022,female,35-39,overall,0.8
Sarawak,Belaga,1/1/2022,female,40-44,overall,0.8
Sarawak,Belaga,1/1/2022,female,45-49,overall,0.7
Sarawak,Belaga,1/1/2022,female,50-54,overall,0.5
Sarawak,Belaga,1/1/2022,female,55-59,overall,0.4
Sarawak,Belaga,1/1/2022,female,60-64,overall,0.2
Sarawak,Belaga,1/1/2022,female,65-69,overall,0.2
Sarawak,Belaga,1/1/2022,female,70-74,overall,0.1
Sarawak,Belaga,1/1/2022,female,75-79,overall,0
Sarawak,Belaga,1/1/2022,female,80-84,overall,0
Sarawak,Belaga,1/1/2022,female,85+,overall,0
Sarawak,Belaga,1/1/2022,male,0-4,overall,0.5
Sarawak,Belaga,1/1/2022,male,5-9,overall,0.7
Sarawak,Belaga,1/1/2022,male,10-14,overall,1
Sarawak,Belaga,1/1/2022,male,15-19,overall,1.2
Sarawak,Belaga,1/1/2022,male,20-24,overall,1
Sarawak,Belaga,1/1/2022,male,25-29,overall,1.4
Sarawak,Belaga,1/1/2022,male,30-34,overall,1.4
Sarawak,Belaga,1/1/2022,male,35-39,overall,1.5
Sarawak,Belaga,1/1/2022,male,40-44,overall,1.3
Sarawak,Belaga,1/1/2022,male,45-49,overall,0.8
Sarawak,Belaga,1/1/2022,male,50-54,overall,0.7
Sarawak,Belaga,1/1/2022,male,55-59,overall,0.5
Sarawak,Belaga,1/1/2022,male,60-64,overall,0.3
Sarawak,Belaga,1/1/2022,male,65-69,overall,0.2
Sarawak,Belaga,1/1/2022,male,70-74,overall,0.1
Sarawak,Belaga,1/1/2022,male,75-79,overall,0
Sarawak,Belaga,1/1/2022,male,80-84,overall,0
Sarawak,Belaga,1/1/2022,male,85+,overall,0
Sarawak,Beluru,1/1/2022,female,0-4,overall,0.7
Sarawak,Beluru,1/1/2022,female,5-9,overall,1.2
Sarawak,Beluru,1/1/2022,female,10-14,overall,1.2
Sarawak,Beluru,1/1/2022,female,15-19,overall,1.6
Sarawak,Beluru,1/1/2022,female,20-24,overall,0.8
Sarawak,Beluru,1/1/2022,female,25-29,overall,1.5
Sarawak,Beluru,1/1/2022,female,30-34,overall,1
Sarawak,Beluru,1/1/2022,female,35-39,overall,0.9
Sarawak,Beluru,1/1/2022,female,40-44,overall,1
Sarawak,Beluru,1/1/2022,female,45-49,overall,0.7
Sarawak,Beluru,1/1/2022,female,50-54,overall,0.6
Sarawak,Beluru,1/1/2022,female,55-59,overall,0.5
Sarawak,Beluru,1/1/2022,female,60-64,overall,0.4
Sarawak,Beluru,1/1/2022,female,65-69,overall,0.4
Sarawak,Beluru,1/1/2022,female,70-74,overall,0.2
Sarawak,Beluru,1/1/2022,female,75-79,overall,0.1
Sarawak,Beluru,1/1/2022,female,80-84,overall,0.1
Sarawak,Beluru,1/1/2022,female,85+,overall,0.1
Sarawak,Beluru,1/1/2022,male,0-4,overall,0.6
Sarawak,Beluru,1/1/2022,male,5-9,overall,1.2
Sarawak,Beluru,1/1/2022,male,10-14,overall,1.2
Sarawak,Beluru,1/1/2022,male,15-19,overall,1.6
Sarawak,Beluru,1/1/2022,male,20-24,overall,1
Sarawak,Beluru,1/1/2022,male,25-29,overall,1.8
Sarawak,Beluru,1/1/2022,male,30-34,overall,1.6
Sarawak,Beluru,1/1/2022,male,35-39,overall,1.4
Sarawak,Beluru,1/1/2022,male,40-44,overall,1.2
Sarawak,Beluru,1/1/2022,male,45-49,overall,0.8
Sarawak,Beluru,1/1/2022,male,50-54,overall,0.7
Sarawak,Beluru,1/1/2022,male,55-59,overall,0.5
Sarawak,Beluru,1/1/2022,male,60-64,overall,0.5
Sarawak,Beluru,1/1/2022,male,65-69,overall,0.4
Sarawak,Beluru,1/1/2022,male,70-74,overall,0.2
Sarawak,Beluru,1/1/2022,male,75-79,overall,0.2
Sarawak,Beluru,1/1/2022,male,80-84,overall,0.1
Sarawak,Beluru,1/1/2022,male,85+,overall,0
Sarawak,Betong,1/1/2022,female,0-4,overall,1.2
Sarawak,Betong,1/1/2022,female,5-9,overall,1
Sarawak,Betong,1/1/2022,female,10-14,overall,1.4
Sarawak,Betong,1/1/2022,female,15-19,overall,1.6
Sarawak,Betong,1/1/2022,female,20-24,overall,1.2
Sarawak,Betong,1/1/2022,female,25-29,overall,1.2
Sarawak,Betong,1/1/2022,female,30-34,overall,1.3
Sarawak,Betong,1/1/2022,female,35-39,overall,1.2
Sarawak,Betong,1/1/2022,female,40-44,overall,1
Sarawak,Betong,1/1/2022,female,45-49,overall,1.1
Sarawak,Betong,1/1/2022,female,50-54,overall,1.1
Sarawak,Betong,1/1/2022,female,55-59,overall,1.2
Sarawak,Betong,1/1/2022,female,60-64,overall,1
Sarawak,Betong,1/1/2022,female,65-69,overall,0.8
Sarawak,Betong,1/1/2022,female,70-74,overall,0.6
Sarawak,Betong,1/1/2022,female,75-79,overall,0.3
Sarawak,Betong,1/1/2022,female,80-84,overall,0.2
Sarawak,Betong,1/1/2022,female,85+,overall,0.1
Sarawak,Betong,1/1/2022,male,0-4,overall,1.3
Sarawak,Betong,1/1/2022,male,5-9,overall,1.1
Sarawak,Betong,1/1/2022,male,10-14,overall,1.5
Sarawak,Betong,1/1/2022,male,15-19,overall,1.6
Sarawak,Betong,1/1/2022,male,20-24,overall,1.4
Sarawak,Betong,1/1/2022,male,25-29,overall,1.2
Sarawak,Betong,1/1/2022,male,30-34,overall,1.5
Sarawak,Betong,1/1/2022,male,35-39,overall,1.5
Sarawak,Betong,1/1/2022,male,40-44,overall,1.2
Sarawak,Betong,1/1/2022,male,45-49,overall,1.2
Sarawak,Betong,1/1/2022,male,50-54,overall,1.3
Sarawak,Betong,1/1/2022,male,55-59,overall,1.2
Sarawak,Betong,1/1/2022,male,60-64,overall,1
Sarawak,Betong,1/1/2022,male,65-69,overall,0.9
Sarawak,Betong,1/1/2022,male,70-74,overall,0.5
Sarawak,Betong,1/1/2022,male,75-79,overall,0.3
Sarawak,Betong,1/1/2022,male,80-84,overall,0.2
Sarawak,Betong,1/1/2022,male,85+,overall,0.1
Sarawak,Bintulu,1/1/2022,female,0-4,overall,4.9
Sarawak,Bintulu,1/1/2022,female,5-9,overall,7.1
Sarawak,Bintulu,1/1/2022,female,10-14,overall,7.5
Sarawak,Bintulu,1/1/2022,female,15-19,overall,7.8
Sarawak,Bintulu,1/1/2022,female,20-24,overall,6.6
Sarawak,Bintulu,1/1/2022,female,25-29,overall,8.1
Sarawak,Bintulu,1/1/2022,female,30-34,overall,9.1
Sarawak,Bintulu,1/1/2022,female,35-39,overall,7.8
Sarawak,Bintulu,1/1/2022,female,40-44,overall,6.1
Sarawak,Bintulu,1/1/2022,female,45-49,overall,4.9
Sarawak,Bintulu,1/1/2022,female,50-54,overall,4.1
Sarawak,Bintulu,1/1/2022,female,55-59,overall,3.2
Sarawak,Bintulu,1/1/2022,female,60-64,overall,2.5
Sarawak,Bintulu,1/1/2022,female,65-69,overall,1.4
Sarawak,Bintulu,1/1/2022,female,70-74,overall,0.9
Sarawak,Bintulu,1/1/2022,female,75-79,overall,0.4
Sarawak,Bintulu,1/1/2022,female,80-84,overall,0.3
Sarawak,Bintulu,1/1/2022,female,85+,overall,0
Sarawak,Bintulu,1/1/2022,male,0-4,overall,5.1
Sarawak,Bintulu,1/1/2022,male,5-9,overall,7.7
Sarawak,Bintulu,1/1/2022,male,10-14,overall,8.1
Sarawak,Bintulu,1/1/2022,male,15-19,overall,8.6
Sarawak,Bintulu,1/1/2022,male,20-24,overall,7.8
Sarawak,Bintulu,1/1/2022,male,25-29,overall,10.8
Sarawak,Bintulu,1/1/2022,male,30-34,overall,11.7
Sarawak,Bintulu,1/1/2022,male,35-39,overall,10
Sarawak,Bintulu,1/1/2022,male,40-44,overall,7.3
Sarawak,Bintulu,1/1/2022,male,45-49,overall,5.4
Sarawak,Bintulu,1/1/2022,male,50-54,overall,4.5
Sarawak,Bintulu,1/1/2022,male,55-59,overall,3.6
Sarawak,Bintulu,1/1/2022,male,60-64,overall,2.9
Sarawak,Bintulu,1/1/2022,male,65-69,overall,1.7
Sarawak,Bintulu,1/1/2022,male,70-74,overall,0.9
Sarawak,Bintulu,1/1/2022,male,75-79,overall,0.4
Sarawak,Bintulu,1/1/2022,male,80-84,overall,0.2
Sarawak,Bintulu,1/1/2022,male,85+,overall,0
Sarawak,Bukit Mabong,1/1/2022,female,0-4,overall,0.3
Sarawak,Bukit Mabong,1/1/2022,female,5-9,overall,0.3
Sarawak,Bukit Mabong,1/1/2022,female,10-14,overall,0.4
Sarawak,Bukit Mabong,1/1/2022,female,15-19,overall,0.2
Sarawak,Bukit Mabong,1/1/2022,female,20-24,overall,0.2
Sarawak,Bukit Mabong,1/1/2022,female,25-29,overall,0.3
Sarawak,Bukit Mabong,1/1/2022,female,30-34,overall,0.4
Sarawak,Bukit Mabong,1/1/2022,female,35-39,overall,0.2
Sarawak,Bukit Mabong,1/1/2022,female,40-44,overall,0.2
Sarawak,Bukit Mabong,1/1/2022,female,45-49,overall,0.2
Sarawak,Bukit Mabong,1/1/2022,female,50-54,overall,0.3
Sarawak,Bukit Mabong,1/1/2022,female,55-59,overall,0.4
Sarawak,Bukit Mabong,1/1/2022,female,60-64,overall,0.2
Sarawak,Bukit Mabong,1/1/2022,female,65-69,overall,0.1
Sarawak,Bukit Mabong,1/1/2022,female,70-74,overall,0.1
Sarawak,Bukit Mabong,1/1/2022,female,75-79,overall,0.1
Sarawak,Bukit Mabong,1/1/2022,female,80-84,overall,0.1
Sarawak,Bukit Mabong,1/1/2022,female,85+,overall,0
Sarawak,Bukit Mabong,1/1/2022,male,0-4,overall,0.4
Sarawak,Bukit Mabong,1/1/2022,male,5-9,overall,0.5
Sarawak,Bukit Mabong,1/1/2022,male,10-14,overall,0.7
Sarawak,Bukit Mabong,1/1/2022,male,15-19,overall,0.3
Sarawak,Bukit Mabong,1/1/2022,male,20-24,overall,0.4
Sarawak,Bukit Mabong,1/1/2022,male,25-29,overall,0.5
Sarawak,Bukit Mabong,1/1/2022,male,30-34,overall,0.5
Sarawak,Bukit Mabong,1/1/2022,male,35-39,overall,0.4
Sarawak,Bukit Mabong,1/1/2022,male,40-44,overall,0.5
Sarawak,Bukit Mabong,1/1/2022,male,45-49,overall,0.4
Sarawak,Bukit Mabong,1/1/2022,male,50-54,overall,0.4
Sarawak,Bukit Mabong,1/1/2022,male,55-59,overall,0.5
Sarawak,Bukit Mabong,1/1/2022,male,60-64,overall,0.4
Sarawak,Bukit Mabong,1/1/2022,male,65-69,overall,0.2
Sarawak,Bukit Mabong,1/1/2022,male,70-74,overall,0.1
Sarawak,Bukit Mabong,1/1/2022,male,75-79,overall,0.1
Sarawak,Bukit Mabong,1/1/2022,male,80-84,overall,0.1
Sarawak,Bukit Mabong,1/1/2022,male,85+,overall,0
Sarawak,Dalat,1/1/2022,female,0-4,overall,0.7
Sarawak,Dalat,1/1/2022,female,5-9,overall,0.7
Sarawak,Dalat,1/1/2022,female,10-14,overall,0.8
Sarawak,Dalat,1/1/2022,female,15-19,overall,0.9
Sarawak,Dalat,1/1/2022,female,20-24,overall,0.7
Sarawak,Dalat,1/1/2022,female,25-29,overall,0.8
Sarawak,Dalat,1/1/2022,female,30-34,overall,0.7
Sarawak,Dalat,1/1/2022,female,35-39,overall,0.7
Sarawak,Dalat,1/1/2022,female,40-44,overall,0.7
Sarawak,Dalat,1/1/2022,female,45-49,overall,0.6
Sarawak,Dalat,1/1/2022,female,50-54,overall,0.6
Sarawak,Dalat,1/1/2022,female,55-59,overall,0.6
Sarawak,Dalat,1/1/2022,female,60-64,overall,0.6
Sarawak,Dalat,1/1/2022,female,65-69,overall,0.4
Sarawak,Dalat,1/1/2022,female,70-74,overall,0.4
Sarawak,Dalat,1/1/2022,female,75-79,overall,0.2
Sarawak,Dalat,1/1/2022,female,80-84,overall,0.1
Sarawak,Dalat,1/1/2022,female,85+,overall,0.1
Sarawak,Dalat,1/1/2022,male,0-4,overall,0.8
Sarawak,Dalat,1/1/2022,male,5-9,overall,0.7
Sarawak,Dalat,1/1/2022,male,10-14,overall,0.9
Sarawak,Dalat,1/1/2022,male,15-19,overall,1
Sarawak,Dalat,1/1/2022,male,20-24,overall,0.8
Sarawak,Dalat,1/1/2022,male,25-29,overall,0.9
Sarawak,Dalat,1/1/2022,male,30-34,overall,0.9
Sarawak,Dalat,1/1/2022,male,35-39,overall,0.7
Sarawak,Dalat,1/1/2022,male,40-44,overall,0.8
Sarawak,Dalat,1/1/2022,male,45-49,overall,0.6
Sarawak,Dalat,1/1/2022,male,50-54,overall,0.6
Sarawak,Dalat,1/1/2022,male,55-59,overall,0.6
Sarawak,Dalat,1/1/2022,male,60-64,overall,0.5
Sarawak,Dalat,1/1/2022,male,65-69,overall,0.4
Sarawak,Dalat,1/1/2022,male,70-74,overall,0.3
Sarawak,Dalat,1/1/2022,male,75-79,overall,0.1
Sarawak,Dalat,1/1/2022,male,80-84,overall,0.1
Sarawak,Dalat,1/1/2022,male,85+,overall,0.1
Sarawak,Daro,1/1/2022,female,0-4,overall,0.7
Sarawak,Daro,1/1/2022,female,5-9,overall,0.8
Sarawak,Daro,1/1/2022,female,10-14,overall,0.9
Sarawak,Daro,1/1/2022,female,15-19,overall,0.8
Sarawak,Daro,1/1/2022,female,20-24,overall,0.6
Sarawak,Daro,1/1/2022,female,25-29,overall,0.7
Sarawak,Daro,1/1/2022,female,30-34,overall,0.7
Sarawak,Daro,1/1/2022,female,35-39,overall,0.7
Sarawak,Daro,1/1/2022,female,40-44,overall,0.5
Sarawak,Daro,1/1/2022,female,45-49,overall,0.5
Sarawak,Daro,1/1/2022,female,50-54,overall,0.5
Sarawak,Daro,1/1/2022,female,55-59,overall,0.4
Sarawak,Daro,1/1/2022,female,60-64,overall,0.4
Sarawak,Daro,1/1/2022,female,65-69,overall,0.3
Sarawak,Daro,1/1/2022,female,70-74,overall,0.2
Sarawak,Daro,1/1/2022,female,75-79,overall,0.1
Sarawak,Daro,1/1/2022,female,80-84,overall,0.1
Sarawak,Daro,1/1/2022,female,85+,overall,0
Sarawak,Daro,1/1/2022,male,0-4,overall,0.7
Sarawak,Daro,1/1/2022,male,5-9,overall,0.9
Sarawak,Daro,1/1/2022,male,10-14,overall,0.9
Sarawak,Daro,1/1/2022,male,15-19,overall,0.9
Sarawak,Daro,1/1/2022,male,20-24,overall,0.7
Sarawak,Daro,1/1/2022,male,25-29,overall,1
Sarawak,Daro,1/1/2022,male,30-34,overall,1
Sarawak,Daro,1/1/2022,male,35-39,overall,0.9
Sarawak,Daro,1/1/2022,male,40-44,overall,0.7
Sarawak,Daro,1/1/2022,male,45-49,overall,0.6
Sarawak,Daro,1/1/2022,male,50-54,overall,0.5
Sarawak,Daro,1/1/2022,male,55-59,overall,0.5
Sarawak,Daro,1/1/2022,male,60-64,overall,0.4
Sarawak,Daro,1/1/2022,male,65-69,overall,0.3
Sarawak,Daro,1/1/2022,male,70-74,overall,0.2
Sarawak,Daro,1/1/2022,male,75-79,overall,0.1
Sarawak,Daro,1/1/2022,male,80-84,overall,0.1
Sarawak,Daro,1/1/2022,male,85+,overall,0
Sarawak,Julau,1/1/2022,female,0-4,overall,0.5
Sarawak,Julau,1/1/2022,female,5-9,overall,0.5
Sarawak,Julau,1/1/2022,female,10-14,overall,0.7
Sarawak,Julau,1/1/2022,female,15-19,overall,0.7
Sarawak,Julau,1/1/2022,female,20-24,overall,0.5
Sarawak,Julau,1/1/2022,female,25-29,overall,0.5
Sarawak,Julau,1/1/2022,female,30-34,overall,0.5
Sarawak,Julau,1/1/2022,female,35-39,overall,0.5
Sarawak,Julau,1/1/2022,female,40-44,overall,0.5
Sarawak,Julau,1/1/2022,female,45-49,overall,0.5
Sarawak,Julau,1/1/2022,female,50-54,overall,0.6
Sarawak,Julau,1/1/2022,female,55-59,overall,0.5
Sarawak,Julau,1/1/2022,female,60-64,overall,0.4
Sarawak,Julau,1/1/2022,female,65-69,overall,0.3
Sarawak,Julau,1/1/2022,female,70-74,overall,0.3
Sarawak,Julau,1/1/2022,female,75-79,overall,0.2
Sarawak,Julau,1/1/2022,female,80-84,overall,0.1
Sarawak,Julau,1/1/2022,female,85+,overall,0.1
Sarawak,Julau,1/1/2022,male,0-4,overall,0.5
Sarawak,Julau,1/1/2022,male,5-9,overall,0.6
Sarawak,Julau,1/1/2022,male,10-14,overall,0.7
Sarawak,Julau,1/1/2022,male,15-19,overall,0.7
Sarawak,Julau,1/1/2022,male,20-24,overall,0.5
Sarawak,Julau,1/1/2022,male,25-29,overall,0.5
Sarawak,Julau,1/1/2022,male,30-34,overall,0.5
Sarawak,Julau,1/1/2022,male,35-39,overall,0.4
Sarawak,Julau,1/1/2022,male,40-44,overall,0.4
Sarawak,Julau,1/1/2022,male,45-49,overall,0.5
Sarawak,Julau,1/1/2022,male,50-54,overall,0.6
Sarawak,Julau,1/1/2022,male,55-59,overall,0.5
Sarawak,Julau,1/1/2022,male,60-64,overall,0.4
Sarawak,Julau,1/1/2022,male,65-69,overall,0.3
Sarawak,Julau,1/1/2022,male,70-74,overall,0.2
Sarawak,Julau,1/1/2022,male,75-79,overall,0.1
Sarawak,Julau,1/1/2022,male,80-84,overall,0.1
Sarawak,Julau,1/1/2022,male,85+,overall,0
Sarawak,Kabong,1/1/2022,female,0-4,overall,0.6
Sarawak,Kabong,1/1/2022,female,5-9,overall,0.6
Sarawak,Kabong,1/1/2022,female,10-14,overall,0.7
Sarawak,Kabong,1/1/2022,female,15-19,overall,0.8
Sarawak,Kabong,1/1/2022,female,20-24,overall,0.6
Sarawak,Kabong,1/1/2022,female,25-29,overall,0.6
Sarawak,Kabong,1/1/2022,female,30-34,overall,0.6
Sarawak,Kabong,1/1/2022,female,35-39,overall,0.6
Sarawak,Kabong,1/1/2022,female,40-44,overall,0.6
Sarawak,Kabong,1/1/2022,female,45-49,overall,0.6
Sarawak,Kabong,1/1/2022,female,50-54,overall,0.7
Sarawak,Kabong,1/1/2022,female,55-59,overall,0.6
Sarawak,Kabong,1/1/2022,female,60-64,overall,0.6
Sarawak,Kabong,1/1/2022,female,65-69,overall,0.4
Sarawak,Kabong,1/1/2022,female,70-74,overall,0.3
Sarawak,Kabong,1/1/2022,female,75-79,overall,0.2
Sarawak,Kabong,1/1/2022,female,80-84,overall,0.1
Sarawak,Kabong,1/1/2022,female,85+,overall,0
Sarawak,Kabong,1/1/2022,male,0-4,overall,0.7
Sarawak,Kabong,1/1/2022,male,5-9,overall,0.6
Sarawak,Kabong,1/1/2022,male,10-14,overall,0.7
Sarawak,Kabong,1/1/2022,male,15-19,overall,0.8
Sarawak,Kabong,1/1/2022,male,20-24,overall,0.6
Sarawak,Kabong,1/1/2022,male,25-29,overall,0.6
Sarawak,Kabong,1/1/2022,male,30-34,overall,0.6
Sarawak,Kabong,1/1/2022,male,35-39,overall,0.6
Sarawak,Kabong,1/1/2022,male,40-44,overall,0.5
Sarawak,Kabong,1/1/2022,male,45-49,overall,0.6
Sarawak,Kabong,1/1/2022,male,50-54,overall,0.7
Sarawak,Kabong,1/1/2022,male,55-59,overall,0.7
Sarawak,Kabong,1/1/2022,male,60-64,overall,0.6
Sarawak,Kabong,1/1/2022,male,65-69,overall,0.4
Sarawak,Kabong,1/1/2022,male,70-74,overall,0.3
Sarawak,Kabong,1/1/2022,male,75-79,overall,0.2
Sarawak,Kabong,1/1/2022,male,80-84,overall,0.1
Sarawak,Kabong,1/1/2022,male,85+,overall,0
Sarawak,Kanowit,1/1/2022,female,0-4,overall,0.8
Sarawak,Kanowit,1/1/2022,female,5-9,overall,0.8
Sarawak,Kanowit,1/1/2022,female,10-14,overall,1.1
Sarawak,Kanowit,1/1/2022,female,15-19,overall,1.2
Sarawak,Kanowit,1/1/2022,female,20-24,overall,0.8
Sarawak,Kanowit,1/1/2022,female,25-29,overall,0.7
Sarawak,Kanowit,1/1/2022,female,30-34,overall,0.8
Sarawak,Kanowit,1/1/2022,female,35-39,overall,0.8
Sarawak,Kanowit,1/1/2022,female,40-44,overall,0.7
Sarawak,Kanowit,1/1/2022,female,45-49,overall,0.7
Sarawak,Kanowit,1/1/2022,female,50-54,overall,0.8
Sarawak,Kanowit,1/1/2022,female,55-59,overall,0.8
Sarawak,Kanowit,1/1/2022,female,60-64,overall,0.7
Sarawak,Kanowit,1/1/2022,female,65-69,overall,0.6
Sarawak,Kanowit,1/1/2022,female,70-74,overall,0.4
Sarawak,Kanowit,1/1/2022,female,75-79,overall,0.3
Sarawak,Kanowit,1/1/2022,female,80-84,overall,0.2
Sarawak,Kanowit,1/1/2022,female,85+,overall,0.1
Sarawak,Kanowit,1/1/2022,male,0-4,overall,0.9
Sarawak,Kanowit,1/1/2022,male,5-9,overall,0.9
Sarawak,Kanowit,1/1/2022,male,10-14,overall,1.1
Sarawak,Kanowit,1/1/2022,male,15-19,overall,1.2
Sarawak,Kanowit,1/1/2022,male,20-24,overall,0.8
Sarawak,Kanowit,1/1/2022,male,25-29,overall,0.7
Sarawak,Kanowit,1/1/2022,male,30-34,overall,0.9
Sarawak,Kanowit,1/1/2022,male,35-39,overall,0.8
Sarawak,Kanowit,1/1/2022,male,40-44,overall,0.7
Sarawak,Kanowit,1/1/2022,male,45-49,overall,0.7
Sarawak,Kanowit,1/1/2022,male,50-54,overall,0.8
Sarawak,Kanowit,1/1/2022,male,55-59,overall,0.8
Sarawak,Kanowit,1/1/2022,male,60-64,overall,0.7
Sarawak,Kanowit,1/1/2022,male,65-69,overall,0.6
Sarawak,Kanowit,1/1/2022,male,70-74,overall,0.3
Sarawak,Kanowit,1/1/2022,male,75-79,overall,0.2
Sarawak,Kanowit,1/1/2022,male,80-84,overall,0.1
Sarawak,Kanowit,1/1/2022,male,85+,overall,0.1
Sarawak,Kapit,1/1/2022,female,0-4,overall,1.2
Sarawak,Kapit,1/1/2022,female,5-9,overall,1.3
Sarawak,Kapit,1/1/2022,female,10-14,overall,1.7
Sarawak,Kapit,1/1/2022,female,15-19,overall,1.8
Sarawak,Kapit,1/1/2022,female,20-24,overall,1.3
Sarawak,Kapit,1/1/2022,female,25-29,overall,1.3
Sarawak,Kapit,1/1/2022,female,30-34,overall,1.4
Sarawak,Kapit,1/1/2022,female,35-39,overall,1.2
Sarawak,Kapit,1/1/2022,female,40-44,overall,1.2
Sarawak,Kapit,1/1/2022,female,45-49,overall,1.1
Sarawak,Kapit,1/1/2022,female,50-54,overall,1.1
Sarawak,Kapit,1/1/2022,female,55-59,overall,1
Sarawak,Kapit,1/1/2022,female,60-64,overall,0.8
Sarawak,Kapit,1/1/2022,female,65-69,overall,0.5
Sarawak,Kapit,1/1/2022,female,70-74,overall,0.4
Sarawak,Kapit,1/1/2022,female,75-79,overall,0.3
Sarawak,Kapit,1/1/2022,female,80-84,overall,0.2
Sarawak,Kapit,1/1/2022,female,85+,overall,0.1
Sarawak,Kapit,1/1/2022,male,0-4,overall,1.3
Sarawak,Kapit,1/1/2022,male,5-9,overall,1.5
Sarawak,Kapit,1/1/2022,male,10-14,overall,1.9
Sarawak,Kapit,1/1/2022,male,15-19,overall,2
Sarawak,Kapit,1/1/2022,male,20-24,overall,1.2
Sarawak,Kapit,1/1/2022,male,25-29,overall,1.2
Sarawak,Kapit,1/1/2022,male,30-34,overall,1.5
Sarawak,Kapit,1/1/2022,male,35-39,overall,1.2
Sarawak,Kapit,1/1/2022,male,40-44,overall,1.2
Sarawak,Kapit,1/1/2022,male,45-49,overall,1
Sarawak,Kapit,1/1/2022,male,50-54,overall,1.1
Sarawak,Kapit,1/1/2022,male,55-59,overall,1.1
Sarawak,Kapit,1/1/2022,male,60-64,overall,0.8
Sarawak,Kapit,1/1/2022,male,65-69,overall,0.5
Sarawak,Kapit,1/1/2022,male,70-74,overall,0.4
Sarawak,Kapit,1/1/2022,male,75-79,overall,0.2
Sarawak,Kapit,1/1/2022,male,80-84,overall,0.1
Sarawak,Kapit,1/1/2022,male,85+,overall,0.1
Sarawak,Kuching,1/1/2022,female,0-4,overall,18.8
Sarawak,Kuching,1/1/2022,female,5-9,overall,21.2
Sarawak,Kuching,1/1/2022,female,10-14,overall,22.6
Sarawak,Kuching,1/1/2022,female,15-19,overall,24.3
Sarawak,Kuching,1/1/2022,female,20-24,overall,25.4
Sarawak,Kuching,1/1/2022,female,25-29,overall,27.4
Sarawak,Kuching,1/1/2022,female,30-34,overall,26.3
Sarawak,Kuching,1/1/2022,female,35-39,overall,23
Sarawak,Kuching,1/1/2022,female,40-44,overall,21.8
Sarawak,Kuching,1/1/2022,female,45-49,overall,18.5
Sarawak,Kuching,1/1/2022,female,50-54,overall,17.9
Sarawak,Kuching,1/1/2022,female,55-59,overall,15.8
Sarawak,Kuching,1/1/2022,female,60-64,overall,14.2
Sarawak,Kuching,1/1/2022,female,65-69,overall,11.1
Sarawak,Kuching,1/1/2022,female,70-74,overall,8
Sarawak,Kuching,1/1/2022,female,75-79,overall,4.6
Sarawak,Kuching,1/1/2022,female,80-84,overall,2.8
Sarawak,Kuching,1/1/2022,female,85+,overall,1.6
Sarawak,Kuching,1/1/2022,male,0-4,overall,19.6
Sarawak,Kuching,1/1/2022,male,5-9,overall,22.4
Sarawak,Kuching,1/1/2022,male,10-14,overall,24.3
Sarawak,Kuching,1/1/2022,male,15-19,overall,26.2
Sarawak,Kuching,1/1/2022,male,20-24,overall,28.1
Sarawak,Kuching,1/1/2022,male,25-29,overall,28.5
Sarawak,Kuching,1/1/2022,male,30-34,overall,26.6
Sarawak,Kuching,1/1/2022,male,35-39,overall,23.7
Sarawak,Kuching,1/1/2022,male,40-44,overall,21.3
Sarawak,Kuching,1/1/2022,male,45-49,overall,18.3
Sarawak,Kuching,1/1/2022,male,50-54,overall,17.2
Sarawak,Kuching,1/1/2022,male,55-59,overall,15.5
Sarawak,Kuching,1/1/2022,male,60-64,overall,13.7
Sarawak,Kuching,1/1/2022,male,65-69,overall,10.1
Sarawak,Kuching,1/1/2022,male,70-74,overall,7.6
Sarawak,Kuching,1/1/2022,male,75-79,overall,4.1
Sarawak,Kuching,1/1/2022,male,80-84,overall,2.4
Sarawak,Kuching,1/1/2022,male,85+,overall,1.2
Sarawak,Lawas,1/1/2022,female,0-4,overall,1.6
Sarawak,Lawas,1/1/2022,female,5-9,overall,1.6
Sarawak,Lawas,1/1/2022,female,10-14,overall,1.7
Sarawak,Lawas,1/1/2022,female,15-19,overall,1.6
Sarawak,Lawas,1/1/2022,female,20-24,overall,1.3
Sarawak,Lawas,1/1/2022,female,25-29,overall,1.4
Sarawak,Lawas,1/1/2022,female,30-34,overall,1.4
Sarawak,Lawas,1/1/2022,female,35-39,overall,1.3
Sarawak,Lawas,1/1/2022,female,40-44,overall,1.1
Sarawak,Lawas,1/1/2022,female,45-49,overall,1
Sarawak,Lawas,1/1/2022,female,50-54,overall,1
Sarawak,Lawas,1/1/2022,female,55-59,overall,0.9
Sarawak,Lawas,1/1/2022,female,60-64,overall,0.8
Sarawak,Lawas,1/1/2022,female,65-69,overall,0.6
Sarawak,Lawas,1/1/2022,female,70-74,overall,0.4
Sarawak,Lawas,1/1/2022,female,75-79,overall,0.2
Sarawak,Lawas,1/1/2022,female,80-84,overall,0.1
Sarawak,Lawas,1/1/2022,female,85+,overall,0.1
Sarawak,Lawas,1/1/2022,male,0-4,overall,1.6
Sarawak,Lawas,1/1/2022,male,5-9,overall,1.5
Sarawak,Lawas,1/1/2022,male,10-14,overall,1.7
Sarawak,Lawas,1/1/2022,male,15-19,overall,1.7
Sarawak,Lawas,1/1/2022,male,20-24,overall,1.5
Sarawak,Lawas,1/1/2022,male,25-29,overall,1.4
Sarawak,Lawas,1/1/2022,male,30-34,overall,1.5
Sarawak,Lawas,1/1/2022,male,35-39,overall,1.3
Sarawak,Lawas,1/1/2022,male,40-44,overall,1.2
Sarawak,Lawas,1/1/2022,male,45-49,overall,1.1
Sarawak,Lawas,1/1/2022,male,50-54,overall,1.1
Sarawak,Lawas,1/1/2022,male,55-59,overall,0.9
Sarawak,Lawas,1/1/2022,male,60-64,overall,0.9
Sarawak,Lawas,1/1/2022,male,65-69,overall,0.6
Sarawak,Lawas,1/1/2022,male,70-74,overall,0.4
Sarawak,Lawas,1/1/2022,male,75-79,overall,0.2
Sarawak,Lawas,1/1/2022,male,80-84,overall,0.1
Sarawak,Lawas,1/1/2022,male,85+,overall,0.1
Sarawak,Limbang,1/1/2022,female,0-4,overall,1.7
Sarawak,Limbang,1/1/2022,female,5-9,overall,1.7
Sarawak,Limbang,1/1/2022,female,10-14,overall,2
Sarawak,Limbang,1/1/2022,female,15-19,overall,2.1
Sarawak,Limbang,1/1/2022,female,20-24,overall,1.6
Sarawak,Limbang,1/1/2022,female,25-29,overall,1.6
Sarawak,Limbang,1/1/2022,female,30-34,overall,1.8
Sarawak,Limbang,1/1/2022,female,35-39,overall,1.7
Sarawak,Limbang,1/1/2022,female,40-44,overall,1.5
Sarawak,Limbang,1/1/2022,female,45-49,overall,1.4
Sarawak,Limbang,1/1/2022,female,50-54,overall,1.3
Sarawak,Limbang,1/1/2022,female,55-59,overall,1.2
Sarawak,Limbang,1/1/2022,female,60-64,overall,1.1
Sarawak,Limbang,1/1/2022,female,65-69,overall,0.7
Sarawak,Limbang,1/1/2022,female,70-74,overall,0.5
Sarawak,Limbang,1/1/2022,female,75-79,overall,0.2
Sarawak,Limbang,1/1/2022,female,80-84,overall,0.2
Sarawak,Limbang,1/1/2022,female,85+,overall,0.1
Sarawak,Limbang,1/1/2022,male,0-4,overall,1.8
Sarawak,Limbang,1/1/2022,male,5-9,overall,1.9
Sarawak,Limbang,1/1/2022,male,10-14,overall,2.1
Sarawak,Limbang,1/1/2022,male,15-19,overall,2.2
Sarawak,Limbang,1/1/2022,male,20-24,overall,1.8
Sarawak,Limbang,1/1/2022,male,25-29,overall,1.8
Sarawak,Limbang,1/1/2022,male,30-34,overall,1.9
Sarawak,Limbang,1/1/2022,male,35-39,overall,1.8
Sarawak,Limbang,1/1/2022,male,40-44,overall,1.5
Sarawak,Limbang,1/1/2022,male,45-49,overall,1.4
Sarawak,Limbang,1/1/2022,male,50-54,overall,1.3
Sarawak,Limbang,1/1/2022,male,55-59,overall,1.2
Sarawak,Limbang,1/1/2022,male,60-64,overall,1.2
Sarawak,Limbang,1/1/2022,male,65-69,overall,0.8
Sarawak,Limbang,1/1/2022,male,70-74,overall,0.5
Sarawak,Limbang,1/1/2022,male,75-79,overall,0.2
Sarawak,Limbang,1/1/2022,male,80-84,overall,0.1
Sarawak,Limbang,1/1/2022,male,85+,overall,0.1
Sarawak,Lubok Antu,1/1/2022,female,0-4,overall,0.6
Sarawak,Lubok Antu,1/1/2022,female,5-9,overall,0.7
Sarawak,Lubok Antu,1/1/2022,female,10-14,overall,0.9
Sarawak,Lubok Antu,1/1/2022,female,15-19,overall,1
Sarawak,Lubok Antu,1/1/2022,female,20-24,overall,0.8
Sarawak,Lubok Antu,1/1/2022,female,25-29,overall,0.7
Sarawak,Lubok Antu,1/1/2022,female,30-34,overall,0.8
Sarawak,Lubok Antu,1/1/2022,female,35-39,overall,0.8
Sarawak,Lubok Antu,1/1/2022,female,40-44,overall,0.7
Sarawak,Lubok Antu,1/1/2022,female,45-49,overall,0.8
Sarawak,Lubok Antu,1/1/2022,female,50-54,overall,0.9
Sarawak,Lubok Antu,1/1/2022,female,55-59,overall,0.9
Sarawak,Lubok Antu,1/1/2022,female,60-64,overall,0.8
Sarawak,Lubok Antu,1/1/2022,female,65-69,overall,0.6
Sarawak,Lubok Antu,1/1/2022,female,70-74,overall,0.5
Sarawak,Lubok Antu,1/1/2022,female,75-79,overall,0.4
Sarawak,Lubok Antu,1/1/2022,female,80-84,overall,0.2
Sarawak,Lubok Antu,1/1/2022,female,85+,overall,0.1
Sarawak,Lubok Antu,1/1/2022,male,0-4,overall,0.6
Sarawak,Lubok Antu,1/1/2022,male,5-9,overall,0.7
Sarawak,Lubok Antu,1/1/2022,male,10-14,overall,0.9
Sarawak,Lubok Antu,1/1/2022,male,15-19,overall,1
Sarawak,Lubok Antu,1/1/2022,male,20-24,overall,0.7
Sarawak,Lubok Antu,1/1/2022,male,25-29,overall,0.8
Sarawak,Lubok Antu,1/1/2022,male,30-34,overall,1
Sarawak,Lubok Antu,1/1/2022,male,35-39,overall,0.9
Sarawak,Lubok Antu,1/1/2022,male,40-44,overall,0.7
Sarawak,Lubok Antu,1/1/2022,male,45-49,overall,0.9
Sarawak,Lubok Antu,1/1/2022,male,50-54,overall,0.9
Sarawak,Lubok Antu,1/1/2022,male,55-59,overall,0.9
Sarawak,Lubok Antu,1/1/2022,male,60-64,overall,0.7
Sarawak,Lubok Antu,1/1/2022,male,65-69,overall,0.7
Sarawak,Lubok Antu,1/1/2022,male,70-74,overall,0.4
Sarawak,Lubok Antu,1/1/2022,male,75-79,overall,0.4
Sarawak,Lubok Antu,1/1/2022,male,80-84,overall,0.2
Sarawak,Lubok Antu,1/1/2022,male,85+,overall,0.1
Sarawak,Lundu,1/1/2022,female,0-4,overall,1.2
Sarawak,Lundu,1/1/2022,female,5-9,overall,1.2
Sarawak,Lundu,1/1/2022,female,10-14,overall,1.3
Sarawak,Lundu,1/1/2022,female,15-19,overall,1.5
Sarawak,Lundu,1/1/2022,female,20-24,overall,1.1
Sarawak,Lundu,1/1/2022,female,25-29,overall,1.1
Sarawak,Lundu,1/1/2022,female,30-34,overall,1.1
Sarawak,Lundu,1/1/2022,female,35-39,overall,1.1
Sarawak,Lundu,1/1/2022,female,40-44,overall,1
Sarawak,Lundu,1/1/2022,female,45-49,overall,1
Sarawak,Lundu,1/1/2022,female,50-54,overall,1
Sarawak,Lundu,1/1/2022,female,55-59,overall,0.9
Sarawak,Lundu,1/1/2022,female,60-64,overall,0.8
Sarawak,Lundu,1/1/2022,female,65-69,overall,0.6
Sarawak,Lundu,1/1/2022,female,70-74,overall,0.4
Sarawak,Lundu,1/1/2022,female,75-79,overall,0.3
Sarawak,Lundu,1/1/2022,female,80-84,overall,0.2
Sarawak,Lundu,1/1/2022,female,85+,overall,0.1
Sarawak,Lundu,1/1/2022,male,0-4,overall,1.2
Sarawak,Lundu,1/1/2022,male,5-9,overall,1.3
Sarawak,Lundu,1/1/2022,male,10-14,overall,1.5
Sarawak,Lundu,1/1/2022,male,15-19,overall,1.6
Sarawak,Lundu,1/1/2022,male,20-24,overall,1.4
Sarawak,Lundu,1/1/2022,male,25-29,overall,1.5
Sarawak,Lundu,1/1/2022,male,30-34,overall,1.4
Sarawak,Lundu,1/1/2022,male,35-39,overall,1.3
Sarawak,Lundu,1/1/2022,male,40-44,overall,1.2
Sarawak,Lundu,1/1/2022,male,45-49,overall,1.2
Sarawak,Lundu,1/1/2022,male,50-54,overall,1.1
Sarawak,Lundu,1/1/2022,male,55-59,overall,1
Sarawak,Lundu,1/1/2022,male,60-64,overall,0.8
Sarawak,Lundu,1/1/2022,male,65-69,overall,0.6
Sarawak,Lundu,1/1/2022,male,70-74,overall,0.4
Sarawak,Lundu,1/1/2022,male,75-79,overall,0.3
Sarawak,Lundu,1/1/2022,male,80-84,overall,0.1
Sarawak,Lundu,1/1/2022,male,85+,overall,0.1
Sarawak,Maradong,1/1/2022,female,0-4,overall,0.6
Sarawak,Maradong,1/1/2022,female,5-9,overall,0.9
Sarawak,Maradong,1/1/2022,female,10-14,overall,0.9
Sarawak,Maradong,1/1/2022,female,15-19,overall,0.9
Sarawak,Maradong,1/1/2022,female,20-24,overall,0.8
Sarawak,Maradong,1/1/2022,female,25-29,overall,0.8
Sarawak,Maradong,1/1/2022,female,30-34,overall,0.7
Sarawak,Maradong,1/1/2022,female,35-39,overall,0.6
Sarawak,Maradong,1/1/2022,female,40-44,overall,0.6
Sarawak,Maradong,1/1/2022,female,45-49,overall,0.6
Sarawak,Maradong,1/1/2022,female,50-54,overall,0.7
Sarawak,Maradong,1/1/2022,female,55-59,overall,0.7
Sarawak,Maradong,1/1/2022,female,60-64,overall,0.5
Sarawak,Maradong,1/1/2022,female,65-69,overall,0.4
Sarawak,Maradong,1/1/2022,female,70-74,overall,0.3
Sarawak,Maradong,1/1/2022,female,75-79,overall,0.2
Sarawak,Maradong,1/1/2022,female,80-84,overall,0.1
Sarawak,Maradong,1/1/2022,female,85+,overall,0
Sarawak,Maradong,1/1/2022,male,0-4,overall,0.7
Sarawak,Maradong,1/1/2022,male,5-9,overall,0.9
Sarawak,Maradong,1/1/2022,male,10-14,overall,0.9
Sarawak,Maradong,1/1/2022,male,15-19,overall,1
Sarawak,Maradong,1/1/2022,male,20-24,overall,0.8
Sarawak,Maradong,1/1/2022,male,25-29,overall,0.7
Sarawak,Maradong,1/1/2022,male,30-34,overall,0.7
Sarawak,Maradong,1/1/2022,male,35-39,overall,0.6
Sarawak,Maradong,1/1/2022,male,40-44,overall,0.6
Sarawak,Maradong,1/1/2022,male,45-49,overall,0.6
Sarawak,Maradong,1/1/2022,male,50-54,overall,0.7
Sarawak,Maradong,1/1/2022,male,55-59,overall,0.7
Sarawak,Maradong,1/1/2022,male,60-64,overall,0.6
Sarawak,Maradong,1/1/2022,male,65-69,overall,0.4
Sarawak,Maradong,1/1/2022,male,70-74,overall,0.2
Sarawak,Maradong,1/1/2022,male,75-79,overall,0.2
Sarawak,Maradong,1/1/2022,male,80-84,overall,0.1
Sarawak,Maradong,1/1/2022,male,85+,overall,0
Sarawak,Marudi,1/1/2022,female,0-4,overall,0.5
Sarawak,Marudi,1/1/2022,female,5-9,overall,0.7
Sarawak,Marudi,1/1/2022,female,10-14,overall,0.8
Sarawak,Marudi,1/1/2022,female,15-19,overall,1.1
Sarawak,Marudi,1/1/2022,female,20-24,overall,0.5
Sarawak,Marudi,1/1/2022,female,25-29,overall,0.7
Sarawak,Marudi,1/1/2022,female,30-34,overall,0.6
Sarawak,Marudi,1/1/2022,female,35-39,overall,0.7
Sarawak,Marudi,1/1/2022,female,40-44,overall,0.9
Sarawak,Marudi,1/1/2022,female,45-49,overall,0.6
Sarawak,Marudi,1/1/2022,female,50-54,overall,0.4
Sarawak,Marudi,1/1/2022,female,55-59,overall,0.4
Sarawak,Marudi,1/1/2022,female,60-64,overall,0.3
Sarawak,Marudi,1/1/2022,female,65-69,overall,0.3
Sarawak,Marudi,1/1/2022,female,70-74,overall,0.2
Sarawak,Marudi,1/1/2022,female,75-79,overall,0.1
Sarawak,Marudi,1/1/2022,female,80-84,overall,0.1
Sarawak,Marudi,1/1/2022,female,85+,overall,0
Sarawak,Marudi,1/1/2022,male,0-4,overall,0.5
Sarawak,Marudi,1/1/2022,male,5-9,overall,0.7
Sarawak,Marudi,1/1/2022,male,10-14,overall,0.8
Sarawak,Marudi,1/1/2022,male,15-19,overall,1.3
Sarawak,Marudi,1/1/2022,male,20-24,overall,0.6
Sarawak,Marudi,1/1/2022,male,25-29,overall,0.9
Sarawak,Marudi,1/1/2022,male,30-34,overall,0.9
Sarawak,Marudi,1/1/2022,male,35-39,overall,0.9
Sarawak,Marudi,1/1/2022,male,40-44,overall,1
Sarawak,Marudi,1/1/2022,male,45-49,overall,0.6
Sarawak,Marudi,1/1/2022,male,50-54,overall,0.5
Sarawak,Marudi,1/1/2022,male,55-59,overall,0.4
Sarawak,Marudi,1/1/2022,male,60-64,overall,0.4
Sarawak,Marudi,1/1/2022,male,65-69,overall,0.3
Sarawak,Marudi,1/1/2022,male,70-74,overall,0.2
Sarawak,Marudi,1/1/2022,male,75-79,overall,0.1
Sarawak,Marudi,1/1/2022,male,80-84,overall,0.1
Sarawak,Marudi,1/1/2022,male,85+,overall,0
Sarawak,Matu,1/1/2022,female,0-4,overall,0.5
Sarawak,Matu,1/1/2022,female,5-9,overall,0.5
Sarawak,Matu,1/1/2022,female,10-14,overall,0.6
Sarawak,Matu,1/1/2022,female,15-19,overall,0.6
Sarawak,Matu,1/1/2022,female,20-24,overall,0.5
Sarawak,Matu,1/1/2022,female,25-29,overall,0.6
Sarawak,Matu,1/1/2022,female,30-34,overall,0.6
Sarawak,Matu,1/1/2022,female,35-39,overall,0.6
Sarawak,Matu,1/1/2022,female,40-44,overall,0.5
Sarawak,Matu,1/1/2022,female,45-49,overall,0.4
Sarawak,Matu,1/1/2022,female,50-54,overall,0.4
Sarawak,Matu,1/1/2022,female,55-59,overall,0.4
Sarawak,Matu,1/1/2022,female,60-64,overall,0.4
Sarawak,Matu,1/1/2022,female,65-69,overall,0.3
Sarawak,Matu,1/1/2022,female,70-74,overall,0.3
Sarawak,Matu,1/1/2022,female,75-79,overall,0.2
Sarawak,Matu,1/1/2022,female,80-84,overall,0.1
Sarawak,Matu,1/1/2022,female,85+,overall,0
Sarawak,Matu,1/1/2022,male,0-4,overall,0.7
Sarawak,Matu,1/1/2022,male,5-9,overall,0.5
Sarawak,Matu,1/1/2022,male,10-14,overall,0.6
Sarawak,Matu,1/1/2022,male,15-19,overall,0.7
Sarawak,Matu,1/1/2022,male,20-24,overall,0.6
Sarawak,Matu,1/1/2022,male,25-29,overall,0.9
Sarawak,Matu,1/1/2022,male,30-34,overall,1
Sarawak,Matu,1/1/2022,male,35-39,overall,0.8
Sarawak,Matu,1/1/2022,male,40-44,overall,0.7
Sarawak,Matu,1/1/2022,male,45-49,overall,0.5
Sarawak,Matu,1/1/2022,male,50-54,overall,0.4
Sarawak,Matu,1/1/2022,male,55-59,overall,0.4
Sarawak,Matu,1/1/2022,male,60-64,overall,0.3
Sarawak,Matu,1/1/2022,male,65-69,overall,0.3
Sarawak,Matu,1/1/2022,male,70-74,overall,0.2
Sarawak,Matu,1/1/2022,male,75-79,overall,0.1
Sarawak,Matu,1/1/2022,male,80-84,overall,0.1
Sarawak,Matu,1/1/2022,male,85+,overall,0
Sarawak,Miri,1/1/2022,female,0-4,overall,6.7
Sarawak,Miri,1/1/2022,female,5-9,overall,7.6
Sarawak,Miri,1/1/2022,female,10-14,overall,8.5
Sarawak,Miri,1/1/2022,female,15-19,overall,9.5
Sarawak,Miri,1/1/2022,female,20-24,overall,9.9
Sarawak,Miri,1/1/2022,female,25-29,overall,11.7
Sarawak,Miri,1/1/2022,female,30-34,overall,12.1
Sarawak,Miri,1/1/2022,female,35-39,overall,10.3
Sarawak,Miri,1/1/2022,female,40-44,overall,9
Sarawak,Miri,1/1/2022,female,45-49,overall,7.8
Sarawak,Miri,1/1/2022,female,50-54,overall,7
Sarawak,Miri,1/1/2022,female,55-59,overall,6.1
Sarawak,Miri,1/1/2022,female,60-64,overall,5.3
Sarawak,Miri,1/1/2022,female,65-69,overall,3.8
Sarawak,Miri,1/1/2022,female,70-74,overall,2.4
Sarawak,Miri,1/1/2022,female,75-79,overall,1.1
Sarawak,Miri,1/1/2022,female,80-84,overall,0.7
Sarawak,Miri,1/1/2022,female,85+,overall,0.4
Sarawak,Miri,1/1/2022,male,0-4,overall,7.1
Sarawak,Miri,1/1/2022,male,5-9,overall,8.4
Sarawak,Miri,1/1/2022,male,10-14,overall,10
Sarawak,Miri,1/1/2022,male,15-19,overall,10.9
Sarawak,Miri,1/1/2022,male,20-24,overall,12.3
Sarawak,Miri,1/1/2022,male,25-29,overall,13.1
Sarawak,Miri,1/1/2022,male,30-34,overall,13.4
Sarawak,Miri,1/1/2022,male,35-39,overall,11.6
Sarawak,Miri,1/1/2022,male,40-44,overall,9.4
Sarawak,Miri,1/1/2022,male,45-49,overall,7.8
Sarawak,Miri,1/1/2022,male,50-54,overall,6.7
Sarawak,Miri,1/1/2022,male,55-59,overall,6.1
Sarawak,Miri,1/1/2022,male,60-64,overall,5.8
Sarawak,Miri,1/1/2022,male,65-69,overall,4.1
Sarawak,Miri,1/1/2022,male,70-74,overall,2.7
Sarawak,Miri,1/1/2022,male,75-79,overall,1.2
Sarawak,Miri,1/1/2022,male,80-84,overall,0.6
Sarawak,Miri,1/1/2022,male,85+,overall,0.3
Sarawak,Mukah,1/1/2022,female,0-4,overall,1.6
Sarawak,Mukah,1/1/2022,female,5-9,overall,1.5
Sarawak,Mukah,1/1/2022,female,10-14,overall,1.5
Sarawak,Mukah,1/1/2022,female,15-19,overall,1.6
Sarawak,Mukah,1/1/2022,female,20-24,overall,2.3
Sarawak,Mukah,1/1/2022,female,25-29,overall,1.7
Sarawak,Mukah,1/1/2022,female,30-34,overall,1.7
Sarawak,Mukah,1/1/2022,female,35-39,overall,1.6
Sarawak,Mukah,1/1/2022,female,40-44,overall,1.3
Sarawak,Mukah,1/1/2022,female,45-49,overall,1.1
Sarawak,Mukah,1/1/2022,female,50-54,overall,1
Sarawak,Mukah,1/1/2022,female,55-59,overall,0.9
Sarawak,Mukah,1/1/2022,female,60-64,overall,0.8
Sarawak,Mukah,1/1/2022,female,65-69,overall,0.6
Sarawak,Mukah,1/1/2022,female,70-74,overall,0.4
Sarawak,Mukah,1/1/2022,female,75-79,overall,0.3
Sarawak,Mukah,1/1/2022,female,80-84,overall,0.1
Sarawak,Mukah,1/1/2022,female,85+,overall,0.1
Sarawak,Mukah,1/1/2022,male,0-4,overall,1.6
Sarawak,Mukah,1/1/2022,male,5-9,overall,1.6
Sarawak,Mukah,1/1/2022,male,10-14,overall,1.7
Sarawak,Mukah,1/1/2022,male,15-19,overall,1.7
Sarawak,Mukah,1/1/2022,male,20-24,overall,2.3
Sarawak,Mukah,1/1/2022,male,25-29,overall,2.1
Sarawak,Mukah,1/1/2022,male,30-34,overall,2
Sarawak,Mukah,1/1/2022,male,35-39,overall,2
Sarawak,Mukah,1/1/2022,male,40-44,overall,1.7
Sarawak,Mukah,1/1/2022,male,45-49,overall,1.4
Sarawak,Mukah,1/1/2022,male,50-54,overall,1.2
Sarawak,Mukah,1/1/2022,male,55-59,overall,1
Sarawak,Mukah,1/1/2022,male,60-64,overall,0.8
Sarawak,Mukah,1/1/2022,male,65-69,overall,0.6
Sarawak,Mukah,1/1/2022,male,70-74,overall,0.4
Sarawak,Mukah,1/1/2022,male,75-79,overall,0.2
Sarawak,Mukah,1/1/2022,male,80-84,overall,0.1
Sarawak,Mukah,1/1/2022,male,85+,overall,0
Sarawak,Pakan,1/1/2022,female,0-4,overall,0.5
Sarawak,Pakan,1/1/2022,female,5-9,overall,0.5
Sarawak,Pakan,1/1/2022,female,10-14,overall,0.5
Sarawak,Pakan,1/1/2022,female,15-19,overall,0.6
Sarawak,Pakan,1/1/2022,female,20-24,overall,0.6
Sarawak,Pakan,1/1/2022,female,25-29,overall,0.6
Sarawak,Pakan,1/1/2022,female,30-34,overall,0.5
Sarawak,Pakan,1/1/2022,female,35-39,overall,0.4
Sarawak,Pakan,1/1/2022,female,40-44,overall,0.4
Sarawak,Pakan,1/1/2022,female,45-49,overall,0.5
Sarawak,Pakan,1/1/2022,female,50-54,overall,0.5
Sarawak,Pakan,1/1/2022,female,55-59,overall,0.5
Sarawak,Pakan,1/1/2022,female,60-64,overall,0.4
Sarawak,Pakan,1/1/2022,female,65-69,overall,0.3
Sarawak,Pakan,1/1/2022,female,70-74,overall,0.2
Sarawak,Pakan,1/1/2022,female,75-79,overall,0.1
Sarawak,Pakan,1/1/2022,female,80-84,overall,0.1
Sarawak,Pakan,1/1/2022,female,85+,overall,0
Sarawak,Pakan,1/1/2022,male,0-4,overall,0.6
Sarawak,Pakan,1/1/2022,male,5-9,overall,0.7
Sarawak,Pakan,1/1/2022,male,10-14,overall,0.7
Sarawak,Pakan,1/1/2022,male,15-19,overall,0.7
Sarawak,Pakan,1/1/2022,male,20-24,overall,0.8
Sarawak,Pakan,1/1/2022,male,25-29,overall,0.7
Sarawak,Pakan,1/1/2022,male,30-34,overall,0.7
Sarawak,Pakan,1/1/2022,male,35-39,overall,0.4
Sarawak,Pakan,1/1/2022,male,40-44,overall,0.4
Sarawak,Pakan,1/1/2022,male,45-49,overall,0.5
Sarawak,Pakan,1/1/2022,male,50-54,overall,0.6
Sarawak,Pakan,1/1/2022,male,55-59,overall,0.5
Sarawak,Pakan,1/1/2022,male,60-64,overall,0.4
Sarawak,Pakan,1/1/2022,male,65-69,overall,0.3
Sarawak,Pakan,1/1/2022,male,70-74,overall,0.2
Sarawak,Pakan,1/1/2022,male,75-79,overall,0.1
Sarawak,Pakan,1/1/2022,male,80-84,overall,0
Sarawak,Pakan,1/1/2022,male,85+,overall,0
Sarawak,Pusa,1/1/2022,female,0-4,overall,0.8
Sarawak,Pusa,1/1/2022,female,5-9,overall,0.7
Sarawak,Pusa,1/1/2022,female,10-14,overall,1.2
Sarawak,Pusa,1/1/2022,female,15-19,overall,0.8
Sarawak,Pusa,1/1/2022,female,20-24,overall,0.7
Sarawak,Pusa,1/1/2022,female,25-29,overall,0.6
Sarawak,Pusa,1/1/2022,female,30-34,overall,0.7
Sarawak,Pusa,1/1/2022,female,35-39,overall,0.6
Sarawak,Pusa,1/1/2022,female,40-44,overall,0.6
Sarawak,Pusa,1/1/2022,female,45-49,overall,0.5
Sarawak,Pusa,1/1/2022,female,50-54,overall,0.6
Sarawak,Pusa,1/1/2022,female,55-59,overall,0.5
Sarawak,Pusa,1/1/2022,female,60-64,overall,0.4
Sarawak,Pusa,1/1/2022,female,65-69,overall,0.3
Sarawak,Pusa,1/1/2022,female,70-74,overall,0.2
Sarawak,Pusa,1/1/2022,female,75-79,overall,0.1
Sarawak,Pusa,1/1/2022,female,80-84,overall,0.1
Sarawak,Pusa,1/1/2022,female,85+,overall,0
Sarawak,Pusa,1/1/2022,male,0-4,overall,1
Sarawak,Pusa,1/1/2022,male,5-9,overall,0.7
Sarawak,Pusa,1/1/2022,male,10-14,overall,1.7
Sarawak,Pusa,1/1/2022,male,15-19,overall,0.9
Sarawak,Pusa,1/1/2022,male,20-24,overall,0.7
Sarawak,Pusa,1/1/2022,male,25-29,overall,0.6
Sarawak,Pusa,1/1/2022,male,30-34,overall,0.7
Sarawak,Pusa,1/1/2022,male,35-39,overall,0.6
Sarawak,Pusa,1/1/2022,male,40-44,overall,0.5
Sarawak,Pusa,1/1/2022,male,45-49,overall,0.5
Sarawak,Pusa,1/1/2022,male,50-54,overall,0.5
Sarawak,Pusa,1/1/2022,male,55-59,overall,0.6
Sarawak,Pusa,1/1/2022,male,60-64,overall,0.4
Sarawak,Pusa,1/1/2022,male,65-69,overall,0.3
Sarawak,Pusa,1/1/2022,male,70-74,overall,0.2
Sarawak,Pusa,1/1/2022,male,75-79,overall,0.1
Sarawak,Pusa,1/1/2022,male,80-84,overall,0.1
Sarawak,Pusa,1/1/2022,male,85+,overall,0
Sarawak,Samarahan,1/1/2022,female,0-4,overall,4.2
Sarawak,Samarahan,1/1/2022,female,5-9,overall,4.5
Sarawak,Samarahan,1/1/2022,female,10-14,overall,4.8
Sarawak,Samarahan,1/1/2022,female,15-19,overall,4.8
Sarawak,Samarahan,1/1/2022,female,20-24,overall,14.4
Sarawak,Samarahan,1/1/2022,female,25-29,overall,7.4
Sarawak,Samarahan,1/1/2022,female,30-34,overall,4.9
Sarawak,Samarahan,1/1/2022,female,35-39,overall,5.1
Sarawak,Samarahan,1/1/2022,female,40-44,overall,4.5
Sarawak,Samarahan,1/1/2022,female,45-49,overall,3.8
Sarawak,Samarahan,1/1/2022,female,50-54,overall,3
Sarawak,Samarahan,1/1/2022,female,55-59,overall,2.4
Sarawak,Samarahan,1/1/2022,female,60-64,overall,1.8
Sarawak,Samarahan,1/1/2022,female,65-69,overall,1.3
Sarawak,Samarahan,1/1/2022,female,70-74,overall,0.9
Sarawak,Samarahan,1/1/2022,female,75-79,overall,0.6
Sarawak,Samarahan,1/1/2022,female,80-84,overall,0.3
Sarawak,Samarahan,1/1/2022,female,85+,overall,0.2
Sarawak,Samarahan,1/1/2022,male,0-4,overall,4.4
Sarawak,Samarahan,1/1/2022,male,5-9,overall,4.7
Sarawak,Samarahan,1/1/2022,male,10-14,overall,5.1
Sarawak,Samarahan,1/1/2022,male,15-19,overall,5.1
Sarawak,Samarahan,1/1/2022,male,20-24,overall,10.5
Sarawak,Samarahan,1/1/2022,male,25-29,overall,6.6
Sarawak,Samarahan,1/1/2022,male,30-34,overall,4.7
Sarawak,Samarahan,1/1/2022,male,35-39,overall,4.9
Sarawak,Samarahan,1/1/2022,male,40-44,overall,4.4
Sarawak,Samarahan,1/1/2022,male,45-49,overall,3.8
Sarawak,Samarahan,1/1/2022,male,50-54,overall,3.1
Sarawak,Samarahan,1/1/2022,male,55-59,overall,2.4
Sarawak,Samarahan,1/1/2022,male,60-64,overall,1.8
Sarawak,Samarahan,1/1/2022,male,65-69,overall,1.3
Sarawak,Samarahan,1/1/2022,male,70-74,overall,0.8
Sarawak,Samarahan,1/1/2022,male,75-79,overall,0.5
Sarawak,Samarahan,1/1/2022,male,80-84,overall,0.3
Sarawak,Samarahan,1/1/2022,male,85+,overall,0.1
Sarawak,Saratok,1/1/2022,female,0-4,overall,0.8
Sarawak,Saratok,1/1/2022,female,5-9,overall,0.7
Sarawak,Saratok,1/1/2022,female,10-14,overall,0.8
Sarawak,Saratok,1/1/2022,female,15-19,overall,0.9
Sarawak,Saratok,1/1/2022,female,20-24,overall,0.8
Sarawak,Saratok,1/1/2022,female,25-29,overall,0.8
Sarawak,Saratok,1/1/2022,female,30-34,overall,0.9
Sarawak,Saratok,1/1/2022,female,35-39,overall,0.9
Sarawak,Saratok,1/1/2022,female,40-44,overall,0.7
Sarawak,Saratok,1/1/2022,female,45-49,overall,0.9
Sarawak,Saratok,1/1/2022,female,50-54,overall,0.8
Sarawak,Saratok,1/1/2022,female,55-59,overall,1
Sarawak,Saratok,1/1/2022,female,60-64,overall,0.8
Sarawak,Saratok,1/1/2022,female,65-69,overall,0.5
Sarawak,Saratok,1/1/2022,female,70-74,overall,0.3
Sarawak,Saratok,1/1/2022,female,75-79,overall,0.2
Sarawak,Saratok,1/1/2022,female,80-84,overall,0.1
Sarawak,Saratok,1/1/2022,female,85+,overall,0.1
Sarawak,Saratok,1/1/2022,male,0-4,overall,0.7
Sarawak,Saratok,1/1/2022,male,5-9,overall,0.6
Sarawak,Saratok,1/1/2022,male,10-14,overall,0.7
Sarawak,Saratok,1/1/2022,male,15-19,overall,0.8
Sarawak,Saratok,1/1/2022,male,20-24,overall,0.7
Sarawak,Saratok,1/1/2022,male,25-29,overall,0.8
Sarawak,Saratok,1/1/2022,male,30-34,overall,0.8
Sarawak,Saratok,1/1/2022,male,35-39,overall,0.9
Sarawak,Saratok,1/1/2022,male,40-44,overall,0.8
Sarawak,Saratok,1/1/2022,male,45-49,overall,0.9
Sarawak,Saratok,1/1/2022,male,50-54,overall,0.8
Sarawak,Saratok,1/1/2022,male,55-59,overall,1
Sarawak,Saratok,1/1/2022,male,60-64,overall,0.7
Sarawak,Saratok,1/1/2022,male,65-69,overall,0.5
Sarawak,Saratok,1/1/2022,male,70-74,overall,0.3
Sarawak,Saratok,1/1/2022,male,75-79,overall,0.2
Sarawak,Saratok,1/1/2022,male,80-84,overall,0.1
Sarawak,Saratok,1/1/2022,male,85+,overall,0
Sarawak,Sarikei,1/1/2022,female,0-4,overall,1.4
Sarawak,Sarikei,1/1/2022,female,5-9,overall,1.4
Sarawak,Sarikei,1/1/2022,female,10-14,overall,1.8
Sarawak,Sarikei,1/1/2022,female,15-19,overall,2
Sarawak,Sarikei,1/1/2022,female,20-24,overall,1.5
Sarawak,Sarikei,1/1/2022,female,25-29,overall,1.6
Sarawak,Sarikei,1/1/2022,female,30-34,overall,1.6
Sarawak,Sarikei,1/1/2022,female,35-39,overall,1.5
Sarawak,Sarikei,1/1/2022,female,40-44,overall,1.5
Sarawak,Sarikei,1/1/2022,female,45-49,overall,1.5
Sarawak,Sarikei,1/1/2022,female,50-54,overall,1.5
Sarawak,Sarikei,1/1/2022,female,55-59,overall,1.4
Sarawak,Sarikei,1/1/2022,female,60-64,overall,1.2
Sarawak,Sarikei,1/1/2022,female,65-69,overall,0.9
Sarawak,Sarikei,1/1/2022,female,70-74,overall,0.6
Sarawak,Sarikei,1/1/2022,female,75-79,overall,0.4
Sarawak,Sarikei,1/1/2022,female,80-84,overall,0.2
Sarawak,Sarikei,1/1/2022,female,85+,overall,0.1
Sarawak,Sarikei,1/1/2022,male,0-4,overall,1.5
Sarawak,Sarikei,1/1/2022,male,5-9,overall,1.5
Sarawak,Sarikei,1/1/2022,male,10-14,overall,1.9
Sarawak,Sarikei,1/1/2022,male,15-19,overall,2.2
Sarawak,Sarikei,1/1/2022,male,20-24,overall,1.7
Sarawak,Sarikei,1/1/2022,male,25-29,overall,1.5
Sarawak,Sarikei,1/1/2022,male,30-34,overall,1.6
Sarawak,Sarikei,1/1/2022,male,35-39,overall,1.5
Sarawak,Sarikei,1/1/2022,male,40-44,overall,1.4
Sarawak,Sarikei,1/1/2022,male,45-49,overall,1.5
Sarawak,Sarikei,1/1/2022,male,50-54,overall,1.4
Sarawak,Sarikei,1/1/2022,male,55-59,overall,1.3
Sarawak,Sarikei,1/1/2022,male,60-64,overall,1.1
Sarawak,Sarikei,1/1/2022,male,65-69,overall,0.9
Sarawak,Sarikei,1/1/2022,male,70-74,overall,0.6
Sarawak,Sarikei,1/1/2022,male,75-79,overall,0.3
Sarawak,Sarikei,1/1/2022,male,80-84,overall,0.2
Sarawak,Sarikei,1/1/2022,male,85+,overall,0.1
Sarawak,Sebauh,1/1/2022,female,0-4,overall,0.5
Sarawak,Sebauh,1/1/2022,female,5-9,overall,1
Sarawak,Sebauh,1/1/2022,female,10-14,overall,1
Sarawak,Sebauh,1/1/2022,female,15-19,overall,0.9
Sarawak,Sebauh,1/1/2022,female,20-24,overall,0.6
Sarawak,Sebauh,1/1/2022,female,25-29,overall,1.8
Sarawak,Sebauh,1/1/2022,female,30-34,overall,1.7
Sarawak,Sebauh,1/1/2022,female,35-39,overall,1.3
Sarawak,Sebauh,1/1/2022,female,40-44,overall,0.9
Sarawak,Sebauh,1/1/2022,female,45-49,overall,0.8
Sarawak,Sebauh,1/1/2022,female,50-54,overall,0.7
Sarawak,Sebauh,1/1/2022,female,55-59,overall,0.8
Sarawak,Sebauh,1/1/2022,female,60-64,overall,0.4
Sarawak,Sebauh,1/1/2022,female,65-69,overall,0.2
Sarawak,Sebauh,1/1/2022,female,70-74,overall,0.1
Sarawak,Sebauh,1/1/2022,female,75-79,overall,0
Sarawak,Sebauh,1/1/2022,female,80-84,overall,0
Sarawak,Sebauh,1/1/2022,female,85+,overall,0
Sarawak,Sebauh,1/1/2022,male,0-4,overall,0.5
Sarawak,Sebauh,1/1/2022,male,5-9,overall,1
Sarawak,Sebauh,1/1/2022,male,10-14,overall,1
Sarawak,Sebauh,1/1/2022,male,15-19,overall,1
Sarawak,Sebauh,1/1/2022,male,20-24,overall,0.8
Sarawak,Sebauh,1/1/2022,male,25-29,overall,2.4
Sarawak,Sebauh,1/1/2022,male,30-34,overall,2.6
Sarawak,Sebauh,1/1/2022,male,35-39,overall,2
Sarawak,Sebauh,1/1/2022,male,40-44,overall,1.3
Sarawak,Sebauh,1/1/2022,male,45-49,overall,1
Sarawak,Sebauh,1/1/2022,male,50-54,overall,0.8
Sarawak,Sebauh,1/1/2022,male,55-59,overall,0.8
Sarawak,Sebauh,1/1/2022,male,60-64,overall,0.7
Sarawak,Sebauh,1/1/2022,male,65-69,overall,0.3
Sarawak,Sebauh,1/1/2022,male,70-74,overall,0.2
Sarawak,Sebauh,1/1/2022,male,75-79,overall,0.1
Sarawak,Sebauh,1/1/2022,male,80-84,overall,0
Sarawak,Sebauh,1/1/2022,male,85+,overall,0
Sarawak,Selangau,1/1/2022,female,0-4,overall,0.5
Sarawak,Selangau,1/1/2022,female,5-9,overall,0.7
Sarawak,Selangau,1/1/2022,female,10-14,overall,0.8
Sarawak,Selangau,1/1/2022,female,15-19,overall,0.8
Sarawak,Selangau,1/1/2022,female,20-24,overall,0.7
Sarawak,Selangau,1/1/2022,female,25-29,overall,0.7
Sarawak,Selangau,1/1/2022,female,30-34,overall,0.8
Sarawak,Selangau,1/1/2022,female,35-39,overall,0.7
Sarawak,Selangau,1/1/2022,female,40-44,overall,0.6
Sarawak,Selangau,1/1/2022,female,45-49,overall,0.7
Sarawak,Selangau,1/1/2022,female,50-54,overall,0.7
Sarawak,Selangau,1/1/2022,female,55-59,overall,0.5
Sarawak,Selangau,1/1/2022,female,60-64,overall,0.6
Sarawak,Selangau,1/1/2022,female,65-69,overall,0.4
Sarawak,Selangau,1/1/2022,female,70-74,overall,0.2
Sarawak,Selangau,1/1/2022,female,75-79,overall,0.2
Sarawak,Selangau,1/1/2022,female,80-84,overall,0.1
Sarawak,Selangau,1/1/2022,female,85+,overall,0.1
Sarawak,Selangau,1/1/2022,male,0-4,overall,0.5
Sarawak,Selangau,1/1/2022,male,5-9,overall,0.7
Sarawak,Selangau,1/1/2022,male,10-14,overall,0.7
Sarawak,Selangau,1/1/2022,male,15-19,overall,0.8
Sarawak,Selangau,1/1/2022,male,20-24,overall,0.7
Sarawak,Selangau,1/1/2022,male,25-29,overall,0.8
Sarawak,Selangau,1/1/2022,male,30-34,overall,1
Sarawak,Selangau,1/1/2022,male,35-39,overall,0.8
Sarawak,Selangau,1/1/2022,male,40-44,overall,0.7
Sarawak,Selangau,1/1/2022,male,45-49,overall,0.7
Sarawak,Selangau,1/1/2022,male,50-54,overall,0.8
Sarawak,Selangau,1/1/2022,male,55-59,overall,0.6
Sarawak,Selangau,1/1/2022,male,60-64,overall,0.5
Sarawak,Selangau,1/1/2022,male,65-69,overall,0.4
Sarawak,Selangau,1/1/2022,male,70-74,overall,0.2
Sarawak,Selangau,1/1/2022,male,75-79,overall,0.2
Sarawak,Selangau,1/1/2022,male,80-84,overall,0.1
Sarawak,Selangau,1/1/2022,male,85+,overall,0
Sarawak,Serian,1/1/2022,female,0-4,overall,2.7
Sarawak,Serian,1/1/2022,female,5-9,overall,2.6
Sarawak,Serian,1/1/2022,female,10-14,overall,3.3
Sarawak,Serian,1/1/2022,female,15-19,overall,3.6
Sarawak,Serian,1/1/2022,female,20-24,overall,3.1
Sarawak,Serian,1/1/2022,female,25-29,overall,2.9
Sarawak,Serian,1/1/2022,female,30-34,overall,2.8
Sarawak,Serian,1/1/2022,female,35-39,overall,2.6
Sarawak,Serian,1/1/2022,female,40-44,overall,2.6
Sarawak,Serian,1/1/2022,female,45-49,overall,2.8
Sarawak,Serian,1/1/2022,female,50-54,overall,3
Sarawak,Serian,1/1/2022,female,55-59,overall,2.7
Sarawak,Serian,1/1/2022,female,60-64,overall,2.5
Sarawak,Serian,1/1/2022,female,65-69,overall,1.9
Sarawak,Serian,1/1/2022,female,70-74,overall,1.3
Sarawak,Serian,1/1/2022,female,75-79,overall,0.9
Sarawak,Serian,1/1/2022,female,80-84,overall,0.5
Sarawak,Serian,1/1/2022,female,85+,overall,0.3
Sarawak,Serian,1/1/2022,male,0-4,overall,2.9
Sarawak,Serian,1/1/2022,male,5-9,overall,2.8
Sarawak,Serian,1/1/2022,male,10-14,overall,3.4
Sarawak,Serian,1/1/2022,male,15-19,overall,3.9
Sarawak,Serian,1/1/2022,male,20-24,overall,3.5
Sarawak,Serian,1/1/2022,male,25-29,overall,3.2
Sarawak,Serian,1/1/2022,male,30-34,overall,3.1
Sarawak,Serian,1/1/2022,male,35-39,overall,2.8
Sarawak,Serian,1/1/2022,male,40-44,overall,2.6
Sarawak,Serian,1/1/2022,male,45-49,overall,2.9
Sarawak,Serian,1/1/2022,male,50-54,overall,3
Sarawak,Serian,1/1/2022,male,55-59,overall,2.8
Sarawak,Serian,1/1/2022,male,60-64,overall,2.5
Sarawak,Serian,1/1/2022,male,65-69,overall,2.1
Sarawak,Serian,1/1/2022,male,70-74,overall,1.3
Sarawak,Serian,1/1/2022,male,75-79,overall,0.7
Sarawak,Serian,1/1/2022,male,80-84,overall,0.3
Sarawak,Serian,1/1/2022,male,85+,overall,0.2
Sarawak,Sibu,1/1/2022,female,0-4,overall,6.7
Sarawak,Sibu,1/1/2022,female,5-9,overall,7.8
Sarawak,Sibu,1/1/2022,female,10-14,overall,8.9
Sarawak,Sibu,1/1/2022,female,15-19,overall,10
Sarawak,Sibu,1/1/2022,female,20-24,overall,9.9
Sarawak,Sibu,1/1/2022,female,25-29,overall,10
Sarawak,Sibu,1/1/2022,female,30-34,overall,9.8
Sarawak,Sibu,1/1/2022,female,35-39,overall,9.4
Sarawak,Sibu,1/1/2022,female,40-44,overall,9
Sarawak,Sibu,1/1/2022,female,45-49,overall,7.8
Sarawak,Sibu,1/1/2022,female,50-54,overall,7.8
Sarawak,Sibu,1/1/2022,female,55-59,overall,6.4
Sarawak,Sibu,1/1/2022,female,60-64,overall,5.9
Sarawak,Sibu,1/1/2022,female,65-69,overall,4.5
Sarawak,Sibu,1/1/2022,female,70-74,overall,3.2
Sarawak,Sibu,1/1/2022,female,75-79,overall,1.9
Sarawak,Sibu,1/1/2022,female,80-84,overall,1.2
Sarawak,Sibu,1/1/2022,female,85+,overall,0.8
Sarawak,Sibu,1/1/2022,male,0-4,overall,7.2
Sarawak,Sibu,1/1/2022,male,5-9,overall,8.7
Sarawak,Sibu,1/1/2022,male,10-14,overall,10
Sarawak,Sibu,1/1/2022,male,15-19,overall,10.9
Sarawak,Sibu,1/1/2022,male,20-24,overall,11.8
Sarawak,Sibu,1/1/2022,male,25-29,overall,12.2
Sarawak,Sibu,1/1/2022,male,30-34,overall,11.2
Sarawak,Sibu,1/1/2022,male,35-39,overall,10
Sarawak,Sibu,1/1/2022,male,40-44,overall,9.2
Sarawak,Sibu,1/1/2022,male,45-49,overall,7.7
Sarawak,Sibu,1/1/2022,male,50-54,overall,7.2
Sarawak,Sibu,1/1/2022,male,55-59,overall,6.4
Sarawak,Sibu,1/1/2022,male,60-64,overall,5.5
Sarawak,Sibu,1/1/2022,male,65-69,overall,4.2
Sarawak,Sibu,1/1/2022,male,70-74,overall,3
Sarawak,Sibu,1/1/2022,male,75-79,overall,1.5
Sarawak,Sibu,1/1/2022,male,80-84,overall,0.9
Sarawak,Sibu,1/1/2022,male,85+,overall,0.5
Sarawak,Simunjan,1/1/2022,female,0-4,overall,1.4
Sarawak,Simunjan,1/1/2022,female,5-9,overall,1.1
Sarawak,Simunjan,1/1/2022,female,10-14,overall,1.4
Sarawak,Simunjan,1/1/2022,female,15-19,overall,1.6
Sarawak,Simunjan,1/1/2022,female,20-24,overall,1.3
Sarawak,Simunjan,1/1/2022,female,25-29,overall,1.1
Sarawak,Simunjan,1/1/2022,female,30-34,overall,1.2
Sarawak,Simunjan,1/1/2022,female,35-39,overall,1
Sarawak,Simunjan,1/1/2022,female,40-44,overall,1
Sarawak,Simunjan,1/1/2022,female,45-49,overall,0.9
Sarawak,Simunjan,1/1/2022,female,50-54,overall,1.2
Sarawak,Simunjan,1/1/2022,female,55-59,overall,1.1
Sarawak,Simunjan,1/1/2022,female,60-64,overall,1.1
Sarawak,Simunjan,1/1/2022,female,65-69,overall,0.8
Sarawak,Simunjan,1/1/2022,female,70-74,overall,0.6
Sarawak,Simunjan,1/1/2022,female,75-79,overall,0.3
Sarawak,Simunjan,1/1/2022,female,80-84,overall,0.2
Sarawak,Simunjan,1/1/2022,female,85+,overall,0.1
Sarawak,Simunjan,1/1/2022,male,0-4,overall,1.5
Sarawak,Simunjan,1/1/2022,male,5-9,overall,1.3
Sarawak,Simunjan,1/1/2022,male,10-14,overall,1.5
Sarawak,Simunjan,1/1/2022,male,15-19,overall,1.7
Sarawak,Simunjan,1/1/2022,male,20-24,overall,1.4
Sarawak,Simunjan,1/1/2022,male,25-29,overall,1.4
Sarawak,Simunjan,1/1/2022,male,30-34,overall,1.5
Sarawak,Simunjan,1/1/2022,male,35-39,overall,1.4
Sarawak,Simunjan,1/1/2022,male,40-44,overall,1.2
Sarawak,Simunjan,1/1/2022,male,45-49,overall,1.1
Sarawak,Simunjan,1/1/2022,male,50-54,overall,1.2
Sarawak,Simunjan,1/1/2022,male,55-59,overall,1.1
Sarawak,Simunjan,1/1/2022,male,60-64,overall,1
Sarawak,Simunjan,1/1/2022,male,65-69,overall,0.8
Sarawak,Simunjan,1/1/2022,male,70-74,overall,0.5
Sarawak,Simunjan,1/1/2022,male,75-79,overall,0.4
Sarawak,Simunjan,1/1/2022,male,80-84,overall,0.1
Sarawak,Simunjan,1/1/2022,male,85+,overall,0.1
Sarawak,Song,1/1/2022,female,0-4,overall,0.4
Sarawak,Song,1/1/2022,female,5-9,overall,0.4
Sarawak,Song,1/1/2022,female,10-14,overall,0.4
Sarawak,Song,1/1/2022,female,15-19,overall,0.5
Sarawak,Song,1/1/2022,female,20-24,overall,0.2
Sarawak,Song,1/1/2022,female,25-29,overall,0.3
Sarawak,Song,1/1/2022,female,30-34,overall,0.3
Sarawak,Song,1/1/2022,female,35-39,overall,0.3
Sarawak,Song,1/1/2022,female,40-44,overall,0.3
Sarawak,Song,1/1/2022,female,45-49,overall,0.3
Sarawak,Song,1/1/2022,female,50-54,overall,0.4
Sarawak,Song,1/1/2022,female,55-59,overall,0.3
Sarawak,Song,1/1/2022,female,60-64,overall,0.3
Sarawak,Song,1/1/2022,female,65-69,overall,0.3
Sarawak,Song,1/1/2022,female,70-74,overall,0.2
Sarawak,Song,1/1/2022,female,75-79,overall,0.1
Sarawak,Song,1/1/2022,female,80-84,overall,0.1
Sarawak,Song,1/1/2022,female,85+,overall,0
Sarawak,Song,1/1/2022,male,0-4,overall,0.4
Sarawak,Song,1/1/2022,male,5-9,overall,0.3
Sarawak,Song,1/1/2022,male,10-14,overall,0.5
Sarawak,Song,1/1/2022,male,15-19,overall,0.5
Sarawak,Song,1/1/2022,male,20-24,overall,0.3
Sarawak,Song,1/1/2022,male,25-29,overall,0.2
Sarawak,Song,1/1/2022,male,30-34,overall,0.3
Sarawak,Song,1/1/2022,male,35-39,overall,0.3
Sarawak,Song,1/1/2022,male,40-44,overall,0.3
Sarawak,Song,1/1/2022,male,45-49,overall,0.3
Sarawak,Song,1/1/2022,male,50-54,overall,0.4
Sarawak,Song,1/1/2022,male,55-59,overall,0.3
Sarawak,Song,1/1/2022,male,60-64,overall,0.3
Sarawak,Song,1/1/2022,male,65-69,overall,0.2
Sarawak,Song,1/1/2022,male,70-74,overall,0.2
Sarawak,Song,1/1/2022,male,75-79,overall,0.1
Sarawak,Song,1/1/2022,male,80-84,overall,0
Sarawak,Song,1/1/2022,male,85+,overall,0
Sarawak,Sri Aman,1/1/2022,female,0-4,overall,1.9
Sarawak,Sri Aman,1/1/2022,female,5-9,overall,1.9
Sarawak,Sri Aman,1/1/2022,female,10-14,overall,2.3
Sarawak,Sri Aman,1/1/2022,female,15-19,overall,2.1
Sarawak,Sri Aman,1/1/2022,female,20-24,overall,1.9
Sarawak,Sri Aman,1/1/2022,female,25-29,overall,2.5
Sarawak,Sri Aman,1/1/2022,female,30-34,overall,2.4
Sarawak,Sri Aman,1/1/2022,female,35-39,overall,1.8
Sarawak,Sri Aman,1/1/2022,female,40-44,overall,1.8
Sarawak,Sri Aman,1/1/2022,female,45-49,overall,1.8
Sarawak,Sri Aman,1/1/2022,female,50-54,overall,1.9
Sarawak,Sri Aman,1/1/2022,female,55-59,overall,1.7
Sarawak,Sri Aman,1/1/2022,female,60-64,overall,1.7
Sarawak,Sri Aman,1/1/2022,female,65-69,overall,1.4
Sarawak,Sri Aman,1/1/2022,female,70-74,overall,1.1
Sarawak,Sri Aman,1/1/2022,female,75-79,overall,0.7
Sarawak,Sri Aman,1/1/2022,female,80-84,overall,0.4
Sarawak,Sri Aman,1/1/2022,female,85+,overall,0.4
Sarawak,Sri Aman,1/1/2022,male,0-4,overall,2.1
Sarawak,Sri Aman,1/1/2022,male,5-9,overall,2
Sarawak,Sri Aman,1/1/2022,male,10-14,overall,2.4
Sarawak,Sri Aman,1/1/2022,male,15-19,overall,2.3
Sarawak,Sri Aman,1/1/2022,male,20-24,overall,2.2
Sarawak,Sri Aman,1/1/2022,male,25-29,overall,3
Sarawak,Sri Aman,1/1/2022,male,30-34,overall,2.9
Sarawak,Sri Aman,1/1/2022,male,35-39,overall,2.2
Sarawak,Sri Aman,1/1/2022,male,40-44,overall,1.8
Sarawak,Sri Aman,1/1/2022,male,45-49,overall,1.8
Sarawak,Sri Aman,1/1/2022,male,50-54,overall,2
Sarawak,Sri Aman,1/1/2022,male,55-59,overall,1.8
Sarawak,Sri Aman,1/1/2022,male,60-64,overall,1.5
Sarawak,Sri Aman,1/1/2022,male,65-69,overall,1.4
Sarawak,Sri Aman,1/1/2022,male,70-74,overall,1
Sarawak,Sri Aman,1/1/2022,male,75-79,overall,0.7
Sarawak,Sri Aman,1/1/2022,male,80-84,overall,0.4
Sarawak,Sri Aman,1/1/2022,male,85+,overall,0.3
Sarawak,Subis,1/1/2022,female,0-4,overall,1.6
Sarawak,Subis,1/1/2022,female,5-9,overall,1.6
Sarawak,Subis,1/1/2022,female,10-14,overall,1.9
Sarawak,Subis,1/1/2022,female,15-19,overall,2.1
Sarawak,Subis,1/1/2022,female,20-24,overall,1.8
Sarawak,Subis,1/1/2022,female,25-29,overall,2.4
Sarawak,Subis,1/1/2022,female,30-34,overall,2.6
Sarawak,Subis,1/1/2022,female,35-39,overall,2.3
Sarawak,Subis,1/1/2022,female,40-44,overall,2.2
Sarawak,Subis,1/1/2022,female,45-49,overall,1.7
Sarawak,Subis,1/1/2022,female,50-54,overall,1.4
Sarawak,Subis,1/1/2022,female,55-59,overall,1
Sarawak,Subis,1/1/2022,female,60-64,overall,1
Sarawak,Subis,1/1/2022,female,65-69,overall,0.7
Sarawak,Subis,1/1/2022,female,70-74,overall,0.5
Sarawak,Subis,1/1/2022,female,75-79,overall,0.3
Sarawak,Subis,1/1/2022,female,80-84,overall,0.1
Sarawak,Subis,1/1/2022,female,85+,overall,0.1
Sarawak,Subis,1/1/2022,male,0-4,overall,1.6
Sarawak,Subis,1/1/2022,male,5-9,overall,1.9
Sarawak,Subis,1/1/2022,male,10-14,overall,2.1
Sarawak,Subis,1/1/2022,male,15-19,overall,2.5
Sarawak,Subis,1/1/2022,male,20-24,overall,2.6
Sarawak,Subis,1/1/2022,male,25-29,overall,3.2
Sarawak,Subis,1/1/2022,male,30-34,overall,3.6
Sarawak,Subis,1/1/2022,male,35-39,overall,3.2
Sarawak,Subis,1/1/2022,male,40-44,overall,2.8
Sarawak,Subis,1/1/2022,male,45-49,overall,2.3
Sarawak,Subis,1/1/2022,male,50-54,overall,1.6
Sarawak,Subis,1/1/2022,male,55-59,overall,1.1
Sarawak,Subis,1/1/2022,male,60-64,overall,0.9
Sarawak,Subis,1/1/2022,male,65-69,overall,0.8
Sarawak,Subis,1/1/2022,male,70-74,overall,0.5
Sarawak,Subis,1/1/2022,male,75-79,overall,0.3
Sarawak,Subis,1/1/2022,male,80-84,overall,0.1
Sarawak,Subis,1/1/2022,male,85+,overall,0.1
Sarawak,Tanjung Manis,1/1/2022,female,0-4,overall,0.3
Sarawak,Tanjung Manis,1/1/2022,female,5-9,overall,0.3
Sarawak,Tanjung Manis,1/1/2022,female,10-14,overall,0.3
Sarawak,Tanjung Manis,1/1/2022,female,15-19,overall,0.3
Sarawak,Tanjung Manis,1/1/2022,female,20-24,overall,0.3
Sarawak,Tanjung Manis,1/1/2022,female,25-29,overall,0.3
Sarawak,Tanjung Manis,1/1/2022,female,30-34,overall,0.3
Sarawak,Tanjung Manis,1/1/2022,female,35-39,overall,0.2
Sarawak,Tanjung Manis,1/1/2022,female,40-44,overall,0.2
Sarawak,Tanjung Manis,1/1/2022,female,45-49,overall,0.2
Sarawak,Tanjung Manis,1/1/2022,female,50-54,overall,0.3
Sarawak,Tanjung Manis,1/1/2022,female,55-59,overall,0.2
Sarawak,Tanjung Manis,1/1/2022,female,60-64,overall,0.2
Sarawak,Tanjung Manis,1/1/2022,female,65-69,overall,0.2
Sarawak,Tanjung Manis,1/1/2022,female,70-74,overall,0.1
Sarawak,Tanjung Manis,1/1/2022,female,75-79,overall,0.1
Sarawak,Tanjung Manis,1/1/2022,female,80-84,overall,0
Sarawak,Tanjung Manis,1/1/2022,female,85+,overall,0
Sarawak,Tanjung Manis,1/1/2022,male,0-4,overall,0.3
Sarawak,Tanjung Manis,1/1/2022,male,5-9,overall,0.3
Sarawak,Tanjung Manis,1/1/2022,male,10-14,overall,0.3
Sarawak,Tanjung Manis,1/1/2022,male,15-19,overall,0.3
Sarawak,Tanjung Manis,1/1/2022,male,20-24,overall,0.3
Sarawak,Tanjung Manis,1/1/2022,male,25-29,overall,0.4
Sarawak,Tanjung Manis,1/1/2022,male,30-34,overall,0.4
Sarawak,Tanjung Manis,1/1/2022,male,35-39,overall,0.3
Sarawak,Tanjung Manis,1/1/2022,male,40-44,overall,0.3
Sarawak,Tanjung Manis,1/1/2022,male,45-49,overall,0.3
Sarawak,Tanjung Manis,1/1/2022,male,50-54,overall,0.3
Sarawak,Tanjung Manis,1/1/2022,male,55-59,overall,0.3
Sarawak,Tanjung Manis,1/1/2022,male,60-64,overall,0.2
Sarawak,Tanjung Manis,1/1/2022,male,65-69,overall,0.1
Sarawak,Tanjung Manis,1/1/2022,male,70-74,overall,0.1
Sarawak,Tanjung Manis,1/1/2022,male,75-79,overall,0.1
Sarawak,Tanjung Manis,1/1/2022,male,80-84,overall,0
Sarawak,Tanjung Manis,1/1/2022,male,85+,overall,0
Sarawak,Tatau,1/1/2022,female,0-4,overall,0.8
Sarawak,Tatau,1/1/2022,female,5-9,overall,1.4
Sarawak,Tatau,1/1/2022,female,10-14,overall,1.3
Sarawak,Tatau,1/1/2022,female,15-19,overall,1.3
Sarawak,Tatau,1/1/2022,female,20-24,overall,0.8
Sarawak,Tatau,1/1/2022,female,25-29,overall,1.3
Sarawak,Tatau,1/1/2022,female,30-34,overall,1.8
Sarawak,Tatau,1/1/2022,female,35-39,overall,1.3
Sarawak,Tatau,1/1/2022,female,40-44,overall,0.9
Sarawak,Tatau,1/1/2022,female,45-49,overall,0.8
Sarawak,Tatau,1/1/2022,female,50-54,overall,0.8
Sarawak,Tatau,1/1/2022,female,55-59,overall,0.6
Sarawak,Tatau,1/1/2022,female,60-64,overall,0.6
Sarawak,Tatau,1/1/2022,female,65-69,overall,0.3
Sarawak,Tatau,1/1/2022,female,70-74,overall,0.2
Sarawak,Tatau,1/1/2022,female,75-79,overall,0.1
Sarawak,Tatau,1/1/2022,female,80-84,overall,0
Sarawak,Tatau,1/1/2022,female,85+,overall,0
Sarawak,Tatau,1/1/2022,male,0-4,overall,0.8
Sarawak,Tatau,1/1/2022,male,5-9,overall,1.5
Sarawak,Tatau,1/1/2022,male,10-14,overall,1.5
Sarawak,Tatau,1/1/2022,male,15-19,overall,1.4
Sarawak,Tatau,1/1/2022,male,20-24,overall,1.2
Sarawak,Tatau,1/1/2022,male,25-29,overall,1.7
Sarawak,Tatau,1/1/2022,male,30-34,overall,2.3
Sarawak,Tatau,1/1/2022,male,35-39,overall,1.9
Sarawak,Tatau,1/1/2022,male,40-44,overall,1.1
Sarawak,Tatau,1/1/2022,male,45-49,overall,1
Sarawak,Tatau,1/1/2022,male,50-54,overall,0.8
Sarawak,Tatau,1/1/2022,male,55-59,overall,0.7
Sarawak,Tatau,1/1/2022,male,60-64,overall,0.6
Sarawak,Tatau,1/1/2022,male,65-69,overall,0.4
Sarawak,Tatau,1/1/2022,male,70-74,overall,0.3
Sarawak,Tatau,1/1/2022,male,75-79,overall,0.1
Sarawak,Tatau,1/1/2022,male,80-84,overall,0.1
Sarawak,Tatau,1/1/2022,male,85+,overall,0.1
Sarawak,Tebedu,1/1/2022,female,0-4,overall,0.6
Sarawak,Tebedu,1/1/2022,female,5-9,overall,0.9
Sarawak,Tebedu,1/1/2022,female,10-14,overall,1.2
Sarawak,Tebedu,1/1/2022,female,15-19,overall,1.4
Sarawak,Tebedu,1/1/2022,female,20-24,overall,0.9
Sarawak,Tebedu,1/1/2022,female,25-29,overall,0.8
Sarawak,Tebedu,1/1/2022,female,30-34,overall,0.9
Sarawak,Tebedu,1/1/2022,female,35-39,overall,0.7
Sarawak,Tebedu,1/1/2022,female,40-44,overall,0.7
Sarawak,Tebedu,1/1/2022,female,45-49,overall,0.9
Sarawak,Tebedu,1/1/2022,female,50-54,overall,0.8
Sarawak,Tebedu,1/1/2022,female,55-59,overall,0.8
Sarawak,Tebedu,1/1/2022,female,60-64,overall,0.7
Sarawak,Tebedu,1/1/2022,female,65-69,overall,0.5
Sarawak,Tebedu,1/1/2022,female,70-74,overall,0.3
Sarawak,Tebedu,1/1/2022,female,75-79,overall,0.3
Sarawak,Tebedu,1/1/2022,female,80-84,overall,0.1
Sarawak,Tebedu,1/1/2022,female,85+,overall,0.1
Sarawak,Tebedu,1/1/2022,male,0-4,overall,0.5
Sarawak,Tebedu,1/1/2022,male,5-9,overall,0.8
Sarawak,Tebedu,1/1/2022,male,10-14,overall,1.2
Sarawak,Tebedu,1/1/2022,male,15-19,overall,1.4
Sarawak,Tebedu,1/1/2022,male,20-24,overall,0.9
Sarawak,Tebedu,1/1/2022,male,25-29,overall,0.7
Sarawak,Tebedu,1/1/2022,male,30-34,overall,1
Sarawak,Tebedu,1/1/2022,male,35-39,overall,0.8
Sarawak,Tebedu,1/1/2022,male,40-44,overall,0.8
Sarawak,Tebedu,1/1/2022,male,45-49,overall,0.9
Sarawak,Tebedu,1/1/2022,male,50-54,overall,0.9
Sarawak,Tebedu,1/1/2022,male,55-59,overall,0.9
Sarawak,Tebedu,1/1/2022,male,60-64,overall,0.8
Sarawak,Tebedu,1/1/2022,male,65-69,overall,0.5
Sarawak,Tebedu,1/1/2022,male,70-74,overall,0.3
Sarawak,Tebedu,1/1/2022,male,75-79,overall,0.2
Sarawak,Tebedu,1/1/2022,male,80-84,overall,0.1
Sarawak,Tebedu,1/1/2022,male,85+,overall,0.1
Sarawak,Telang Usan,1/1/2022,female,0-4,overall,0.3
Sarawak,Telang Usan,1/1/2022,female,5-9,overall,0.4
Sarawak,Telang Usan,1/1/2022,female,10-14,overall,1.1
Sarawak,Telang Usan,1/1/2022,female,15-19,overall,1
Sarawak,Telang Usan,1/1/2022,female,20-24,overall,0.5
Sarawak,Telang Usan,1/1/2022,female,25-29,overall,0.5
Sarawak,Telang Usan,1/1/2022,female,30-34,overall,0.6
Sarawak,Telang Usan,1/1/2022,female,35-39,overall,0.7
Sarawak,Telang Usan,1/1/2022,female,40-44,overall,0.7
Sarawak,Telang Usan,1/1/2022,female,45-49,overall,0.6
Sarawak,Telang Usan,1/1/2022,female,50-54,overall,0.4
Sarawak,Telang Usan,1/1/2022,female,55-59,overall,0.5
Sarawak,Telang Usan,1/1/2022,female,60-64,overall,0.4
Sarawak,Telang Usan,1/1/2022,female,65-69,overall,0.2
Sarawak,Telang Usan,1/1/2022,female,70-74,overall,0.1
Sarawak,Telang Usan,1/1/2022,female,75-79,overall,0.1
Sarawak,Telang Usan,1/1/2022,female,80-84,overall,0.1
Sarawak,Telang Usan,1/1/2022,female,85+,overall,0
Sarawak,Telang Usan,1/1/2022,male,0-4,overall,0.3
Sarawak,Telang Usan,1/1/2022,male,5-9,overall,0.3
Sarawak,Telang Usan,1/1/2022,male,10-14,overall,1.1
Sarawak,Telang Usan,1/1/2022,male,15-19,overall,1.2
Sarawak,Telang Usan,1/1/2022,male,20-24,overall,0.6
Sarawak,Telang Usan,1/1/2022,male,25-29,overall,0.7
Sarawak,Telang Usan,1/1/2022,male,30-34,overall,0.7
Sarawak,Telang Usan,1/1/2022,male,35-39,overall,0.7
Sarawak,Telang Usan,1/1/2022,male,40-44,overall,1.1
Sarawak,Telang Usan,1/1/2022,male,45-49,overall,0.5
Sarawak,Telang Usan,1/1/2022,male,50-54,overall,0.5
Sarawak,Telang Usan,1/1/2022,male,55-59,overall,0.5
Sarawak,Telang Usan,1/1/2022,male,60-64,overall,0.4
Sarawak,Telang Usan,1/1/2022,male,65-69,overall,0.3
Sarawak,Telang Usan,1/1/2022,male,70-74,overall,0.1
Sarawak,Telang Usan,1/1/2022,male,75-79,overall,0.1
Sarawak,Telang Usan,1/1/2022,male,80-84,overall,0.1
Sarawak,Telang Usan,1/1/2022,male,85+,overall,0
Selangor,Gombak,1/1/2022,female,0-4,overall,33.3
Selangor,Gombak,1/1/2022,female,5-9,overall,36.3
Selangor,Gombak,1/1/2022,female,10-14,overall,32.5
Selangor,Gombak,1/1/2022,female,15-19,overall,33.9
Selangor,Gombak,1/1/2022,female,20-24,overall,34.7
Selangor,Gombak,1/1/2022,female,25-29,overall,34.8
Selangor,Gombak,1/1/2022,female,30-34,overall,45.2
Selangor,Gombak,1/1/2022,female,35-39,overall,47.2
Selangor,Gombak,1/1/2022,female,40-44,overall,36
Selangor,Gombak,1/1/2022,female,45-49,overall,27.9
Selangor,Gombak,1/1/2022,female,50-54,overall,24.2
Selangor,Gombak,1/1/2022,female,55-59,overall,20.1
Selangor,Gombak,1/1/2022,female,60-64,overall,16
Selangor,Gombak,1/1/2022,female,65-69,overall,13.3
Selangor,Gombak,1/1/2022,female,70-74,overall,10.5
Selangor,Gombak,1/1/2022,female,75-79,overall,5.9
Selangor,Gombak,1/1/2022,female,80-84,overall,2.6
Selangor,Gombak,1/1/2022,female,85+,overall,1.7
Selangor,Gombak,1/1/2022,male,0-4,overall,35.2
Selangor,Gombak,1/1/2022,male,5-9,overall,38.7
Selangor,Gombak,1/1/2022,male,10-14,overall,35
Selangor,Gombak,1/1/2022,male,15-19,overall,36.6
Selangor,Gombak,1/1/2022,male,20-24,overall,41.6
Selangor,Gombak,1/1/2022,male,25-29,overall,42
Selangor,Gombak,1/1/2022,male,30-34,overall,47.7
Selangor,Gombak,1/1/2022,male,35-39,overall,48.7
Selangor,Gombak,1/1/2022,male,40-44,overall,39.5
Selangor,Gombak,1/1/2022,male,45-49,overall,31.4
Selangor,Gombak,1/1/2022,male,50-54,overall,26
Selangor,Gombak,1/1/2022,male,55-59,overall,21.8
Selangor,Gombak,1/1/2022,male,60-64,overall,17.2
Selangor,Gombak,1/1/2022,male,65-69,overall,13.8
Selangor,Gombak,1/1/2022,male,70-74,overall,9.7
Selangor,Gombak,1/1/2022,male,75-79,overall,4.9
Selangor,Gombak,1/1/2022,male,80-84,overall,2.3
Selangor,Gombak,1/1/2022,male,85+,overall,2.2
Selangor,Klang,1/1/2022,female,0-4,overall,37
Selangor,Klang,1/1/2022,female,5-9,overall,37.9
Selangor,Klang,1/1/2022,female,10-14,overall,34.6
Selangor,Klang,1/1/2022,female,15-19,overall,37.1
Selangor,Klang,1/1/2022,female,20-24,overall,37
Selangor,Klang,1/1/2022,female,25-29,overall,37.4
Selangor,Klang,1/1/2022,female,30-34,overall,48.7
Selangor,Klang,1/1/2022,female,35-39,overall,51.7
Selangor,Klang,1/1/2022,female,40-44,overall,40.1
Selangor,Klang,1/1/2022,female,45-49,overall,31.6
Selangor,Klang,1/1/2022,female,50-54,overall,27.9
Selangor,Klang,1/1/2022,female,55-59,overall,23.4
Selangor,Klang,1/1/2022,female,60-64,overall,18.9
Selangor,Klang,1/1/2022,female,65-69,overall,16.1
Selangor,Klang,1/1/2022,female,70-74,overall,12.7
Selangor,Klang,1/1/2022,female,75-79,overall,7
Selangor,Klang,1/1/2022,female,80-84,overall,3.1
Selangor,Klang,1/1/2022,female,85+,overall,2.1
Selangor,Klang,1/1/2022,male,0-4,overall,39.9
Selangor,Klang,1/1/2022,male,5-9,overall,41.1
Selangor,Klang,1/1/2022,male,10-14,overall,37.3
Selangor,Klang,1/1/2022,male,15-19,overall,41.1
Selangor,Klang,1/1/2022,male,20-24,overall,52.5
Selangor,Klang,1/1/2022,male,25-29,overall,54.7
Selangor,Klang,1/1/2022,male,30-34,overall,59
Selangor,Klang,1/1/2022,male,35-39,overall,58.9
Selangor,Klang,1/1/2022,male,40-44,overall,47.7
Selangor,Klang,1/1/2022,male,45-49,overall,37.5
Selangor,Klang,1/1/2022,male,50-54,overall,31.1
Selangor,Klang,1/1/2022,male,55-59,overall,26.2
Selangor,Klang,1/1/2022,male,60-64,overall,20.8
Selangor,Klang,1/1/2022,male,65-69,overall,17.4
Selangor,Klang,1/1/2022,male,70-74,overall,12.5
Selangor,Klang,1/1/2022,male,75-79,overall,6.3
Selangor,Klang,1/1/2022,male,80-84,overall,3.1
Selangor,Klang,1/1/2022,male,85+,overall,3
Selangor,Kuala Langat,1/1/2022,female,0-4,overall,12.7
Selangor,Kuala Langat,1/1/2022,female,5-9,overall,12.2
Selangor,Kuala Langat,1/1/2022,female,10-14,overall,11.1
Selangor,Kuala Langat,1/1/2022,female,15-19,overall,11.4
Selangor,Kuala Langat,1/1/2022,female,20-24,overall,11.2
Selangor,Kuala Langat,1/1/2022,female,25-29,overall,11.1
Selangor,Kuala Langat,1/1/2022,female,30-34,overall,14.6
Selangor,Kuala Langat,1/1/2022,female,35-39,overall,15.3
Selangor,Kuala Langat,1/1/2022,female,40-44,overall,11.7
Selangor,Kuala Langat,1/1/2022,female,45-49,overall,9.1
Selangor,Kuala Langat,1/1/2022,female,50-54,overall,7.8
Selangor,Kuala Langat,1/1/2022,female,55-59,overall,6.4
Selangor,Kuala Langat,1/1/2022,female,60-64,overall,5.1
Selangor,Kuala Langat,1/1/2022,female,65-69,overall,4.1
Selangor,Kuala Langat,1/1/2022,female,70-74,overall,3.3
Selangor,Kuala Langat,1/1/2022,female,75-79,overall,1.8
Selangor,Kuala Langat,1/1/2022,female,80-84,overall,0.8
Selangor,Kuala Langat,1/1/2022,female,85+,overall,0.5
Selangor,Kuala Langat,1/1/2022,male,0-4,overall,13.5
Selangor,Kuala Langat,1/1/2022,male,5-9,overall,13
Selangor,Kuala Langat,1/1/2022,male,10-14,overall,11.9
Selangor,Kuala Langat,1/1/2022,male,15-19,overall,12.3
Selangor,Kuala Langat,1/1/2022,male,20-24,overall,13.4
Selangor,Kuala Langat,1/1/2022,male,25-29,overall,13.4
Selangor,Kuala Langat,1/1/2022,male,30-34,overall,15.4
Selangor,Kuala Langat,1/1/2022,male,35-39,overall,16.1
Selangor,Kuala Langat,1/1/2022,male,40-44,overall,13.1
Selangor,Kuala Langat,1/1/2022,male,45-49,overall,10.3
Selangor,Kuala Langat,1/1/2022,male,50-54,overall,8.5
Selangor,Kuala Langat,1/1/2022,male,55-59,overall,7.1
Selangor,Kuala Langat,1/1/2022,male,60-64,overall,5.5
Selangor,Kuala Langat,1/1/2022,male,65-69,overall,4.5
Selangor,Kuala Langat,1/1/2022,male,70-74,overall,3.2
Selangor,Kuala Langat,1/1/2022,male,75-79,overall,1.6
Selangor,Kuala Langat,1/1/2022,male,80-84,overall,0.7
Selangor,Kuala Langat,1/1/2022,male,85+,overall,0.7
Selangor,Kuala Selangor,1/1/2022,female,0-4,overall,11.5
Selangor,Kuala Selangor,1/1/2022,female,5-9,overall,11.6
Selangor,Kuala Selangor,1/1/2022,female,10-14,overall,10.4
Selangor,Kuala Selangor,1/1/2022,female,15-19,overall,10.9
Selangor,Kuala Selangor,1/1/2022,female,20-24,overall,10.5
Selangor,Kuala Selangor,1/1/2022,female,25-29,overall,10.6
Selangor,Kuala Selangor,1/1/2022,female,30-34,overall,14.2
Selangor,Kuala Selangor,1/1/2022,female,35-39,overall,14.6
Selangor,Kuala Selangor,1/1/2022,female,40-44,overall,10.9
Selangor,Kuala Selangor,1/1/2022,female,45-49,overall,8.4
Selangor,Kuala Selangor,1/1/2022,female,50-54,overall,7.2
Selangor,Kuala Selangor,1/1/2022,female,55-59,overall,5.9
Selangor,Kuala Selangor,1/1/2022,female,60-64,overall,4.7
Selangor,Kuala Selangor,1/1/2022,female,65-69,overall,3.9
Selangor,Kuala Selangor,1/1/2022,female,70-74,overall,3
Selangor,Kuala Selangor,1/1/2022,female,75-79,overall,1.6
Selangor,Kuala Selangor,1/1/2022,female,80-84,overall,0.7
Selangor,Kuala Selangor,1/1/2022,female,85+,overall,0.5
Selangor,Kuala Selangor,1/1/2022,male,0-4,overall,10.5
Selangor,Kuala Selangor,1/1/2022,male,5-9,overall,12.1
Selangor,Kuala Selangor,1/1/2022,male,10-14,overall,10.9
Selangor,Kuala Selangor,1/1/2022,male,15-19,overall,11.3
Selangor,Kuala Selangor,1/1/2022,male,20-24,overall,12.4
Selangor,Kuala Selangor,1/1/2022,male,25-29,overall,12.5
Selangor,Kuala Selangor,1/1/2022,male,30-34,overall,14.1
Selangor,Kuala Selangor,1/1/2022,male,35-39,overall,14.2
Selangor,Kuala Selangor,1/1/2022,male,40-44,overall,11.6
Selangor,Kuala Selangor,1/1/2022,male,45-49,overall,9.2
Selangor,Kuala Selangor,1/1/2022,male,50-54,overall,7.5
Selangor,Kuala Selangor,1/1/2022,male,55-59,overall,6.2
Selangor,Kuala Selangor,1/1/2022,male,60-64,overall,4.8
Selangor,Kuala Selangor,1/1/2022,male,65-69,overall,3.9
Selangor,Kuala Selangor,1/1/2022,male,70-74,overall,2.8
Selangor,Kuala Selangor,1/1/2022,male,75-79,overall,1.3
Selangor,Kuala Selangor,1/1/2022,male,80-84,overall,0.7
Selangor,Kuala Selangor,1/1/2022,male,85+,overall,0.6
Selangor,Petaling,1/1/2022,female,0-4,overall,74
Selangor,Petaling,1/1/2022,female,5-9,overall,83.1
Selangor,Petaling,1/1/2022,female,10-14,overall,74.8
Selangor,Petaling,1/1/2022,female,15-19,overall,78.4
Selangor,Petaling,1/1/2022,female,20-24,overall,79.8
Selangor,Petaling,1/1/2022,female,25-29,overall,79.9
Selangor,Petaling,1/1/2022,female,30-34,overall,103.3
Selangor,Petaling,1/1/2022,female,35-39,overall,111.4
Selangor,Petaling,1/1/2022,female,40-44,overall,87.3
Selangor,Petaling,1/1/2022,female,45-49,overall,68.9
Selangor,Petaling,1/1/2022,female,50-54,overall,60.8
Selangor,Petaling,1/1/2022,female,55-59,overall,51
Selangor,Petaling,1/1/2022,female,60-64,overall,41
Selangor,Petaling,1/1/2022,female,65-69,overall,35.3
Selangor,Petaling,1/1/2022,female,70-74,overall,28.2
Selangor,Petaling,1/1/2022,female,75-79,overall,16.1
Selangor,Petaling,1/1/2022,female,80-84,overall,7.4
Selangor,Petaling,1/1/2022,female,85+,overall,4.4
Selangor,Petaling,1/1/2022,male,0-4,overall,77.5
Selangor,Petaling,1/1/2022,male,5-9,overall,86.8
Selangor,Petaling,1/1/2022,male,10-14,overall,79
Selangor,Petaling,1/1/2022,male,15-19,overall,85
Selangor,Petaling,1/1/2022,male,20-24,overall,106.7
Selangor,Petaling,1/1/2022,male,25-29,overall,110.6
Selangor,Petaling,1/1/2022,male,30-34,overall,119.6
Selangor,Petaling,1/1/2022,male,35-39,overall,120.2
Selangor,Petaling,1/1/2022,male,40-44,overall,98.8
Selangor,Petaling,1/1/2022,male,45-49,overall,79.2
Selangor,Petaling,1/1/2022,male,50-54,overall,66.6
Selangor,Petaling,1/1/2022,male,55-59,overall,55.9
Selangor,Petaling,1/1/2022,male,60-64,overall,45.1
Selangor,Petaling,1/1/2022,male,65-69,overall,36.7
Selangor,Petaling,1/1/2022,male,70-74,overall,26
Selangor,Petaling,1/1/2022,male,75-79,overall,13.6
Selangor,Petaling,1/1/2022,male,80-84,overall,6.7
Selangor,Petaling,1/1/2022,male,85+,overall,5.9
Selangor,Sabak Bernam,1/1/2022,female,0-4,overall,4.4
Selangor,Sabak Bernam,1/1/2022,female,5-9,overall,4.3
Selangor,Sabak Bernam,1/1/2022,female,10-14,overall,3.9
Selangor,Sabak Bernam,1/1/2022,female,15-19,overall,3.9
Selangor,Sabak Bernam,1/1/2022,female,20-24,overall,3.8
Selangor,Sabak Bernam,1/1/2022,female,25-29,overall,3.8
Selangor,Sabak Bernam,1/1/2022,female,30-34,overall,5
Selangor,Sabak Bernam,1/1/2022,female,35-39,overall,5.2
Selangor,Sabak Bernam,1/1/2022,female,40-44,overall,4
Selangor,Sabak Bernam,1/1/2022,female,45-49,overall,3.1
Selangor,Sabak Bernam,1/1/2022,female,50-54,overall,2.6
Selangor,Sabak Bernam,1/1/2022,female,55-59,overall,2.2
Selangor,Sabak Bernam,1/1/2022,female,60-64,overall,1.7
Selangor,Sabak Bernam,1/1/2022,female,65-69,overall,1.6
Selangor,Sabak Bernam,1/1/2022,female,70-74,overall,1.3
Selangor,Sabak Bernam,1/1/2022,female,75-79,overall,0.7
Selangor,Sabak Bernam,1/1/2022,female,80-84,overall,0.2
Selangor,Sabak Bernam,1/1/2022,female,85+,overall,0.1
Selangor,Sabak Bernam,1/1/2022,male,0-4,overall,4.9
Selangor,Sabak Bernam,1/1/2022,male,5-9,overall,4.6
Selangor,Sabak Bernam,1/1/2022,male,10-14,overall,4.2
Selangor,Sabak Bernam,1/1/2022,male,15-19,overall,4.3
Selangor,Sabak Bernam,1/1/2022,male,20-24,overall,4.6
Selangor,Sabak Bernam,1/1/2022,male,25-29,overall,4.5
Selangor,Sabak Bernam,1/1/2022,male,30-34,overall,5.2
Selangor,Sabak Bernam,1/1/2022,male,35-39,overall,5.4
Selangor,Sabak Bernam,1/1/2022,male,40-44,overall,4.4
Selangor,Sabak Bernam,1/1/2022,male,45-49,overall,3.6
Selangor,Sabak Bernam,1/1/2022,male,50-54,overall,2.9
Selangor,Sabak Bernam,1/1/2022,male,55-59,overall,2.4
Selangor,Sabak Bernam,1/1/2022,male,60-64,overall,1.9
Selangor,Sabak Bernam,1/1/2022,male,65-69,overall,1.4
Selangor,Sabak Bernam,1/1/2022,male,70-74,overall,1
Selangor,Sabak Bernam,1/1/2022,male,75-79,overall,0.4
Selangor,Sabak Bernam,1/1/2022,male,80-84,overall,0.2
Selangor,Sabak Bernam,1/1/2022,male,85+,overall,0.2
Selangor,Sepang,1/1/2022,female,0-4,overall,13.1
Selangor,Sepang,1/1/2022,female,5-9,overall,12.7
Selangor,Sepang,1/1/2022,female,10-14,overall,11.1
Selangor,Sepang,1/1/2022,female,15-19,overall,11.5
Selangor,Sepang,1/1/2022,female,20-24,overall,11.5
Selangor,Sepang,1/1/2022,female,25-29,overall,11.7
Selangor,Sepang,1/1/2022,female,30-34,overall,15
Selangor,Sepang,1/1/2022,female,35-39,overall,15.7
Selangor,Sepang,1/1/2022,female,40-44,overall,12
Selangor,Sepang,1/1/2022,female,45-49,overall,9.3
Selangor,Sepang,1/1/2022,female,50-54,overall,8
Selangor,Sepang,1/1/2022,female,55-59,overall,6.6
Selangor,Sepang,1/1/2022,female,60-64,overall,5.3
Selangor,Sepang,1/1/2022,female,65-69,overall,4.4
Selangor,Sepang,1/1/2022,female,70-74,overall,3.4
Selangor,Sepang,1/1/2022,female,75-79,overall,1.9
Selangor,Sepang,1/1/2022,female,80-84,overall,0.9
Selangor,Sepang,1/1/2022,female,85+,overall,0.6
Selangor,Sepang,1/1/2022,male,0-4,overall,13.5
Selangor,Sepang,1/1/2022,male,5-9,overall,13.3
Selangor,Sepang,1/1/2022,male,10-14,overall,11.7
Selangor,Sepang,1/1/2022,male,15-19,overall,12.6
Selangor,Sepang,1/1/2022,male,20-24,overall,15.7
Selangor,Sepang,1/1/2022,male,25-29,overall,16.3
Selangor,Sepang,1/1/2022,male,30-34,overall,17.7
Selangor,Sepang,1/1/2022,male,35-39,overall,17.5
Selangor,Sepang,1/1/2022,male,40-44,overall,14.2
Selangor,Sepang,1/1/2022,male,45-49,overall,11.1
Selangor,Sepang,1/1/2022,male,50-54,overall,9.1
Selangor,Sepang,1/1/2022,male,55-59,overall,7.6
Selangor,Sepang,1/1/2022,male,60-64,overall,6
Selangor,Sepang,1/1/2022,male,65-69,overall,4.7
Selangor,Sepang,1/1/2022,male,70-74,overall,3.1
Selangor,Sepang,1/1/2022,male,75-79,overall,1.5
Selangor,Sepang,1/1/2022,male,80-84,overall,0.8
Selangor,Sepang,1/1/2022,male,85+,overall,0.7
Selangor,Ulu Langat,1/1/2022,female,0-4,overall,49.2
Selangor,Ulu Langat,1/1/2022,female,5-9,overall,52
Selangor,Ulu Langat,1/1/2022,female,10-14,overall,46.5
Selangor,Ulu Langat,1/1/2022,female,15-19,overall,48.9
Selangor,Ulu Langat,1/1/2022,female,20-24,overall,50.2
Selangor,Ulu Langat,1/1/2022,female,25-29,overall,50.1
Selangor,Ulu Langat,1/1/2022,female,30-34,overall,65.1
Selangor,Ulu Langat,1/1/2022,female,35-39,overall,68.9
Selangor,Ulu Langat,1/1/2022,female,40-44,overall,53.2
Selangor,Ulu Langat,1/1/2022,female,45-49,overall,41.4
Selangor,Ulu Langat,1/1/2022,female,50-54,overall,36
Selangor,Ulu Langat,1/1/2022,female,55-59,overall,30
Selangor,Ulu Langat,1/1/2022,female,60-64,overall,23.9
Selangor,Ulu Langat,1/1/2022,female,65-69,overall,20.3
Selangor,Ulu Langat,1/1/2022,female,70-74,overall,16.4
Selangor,Ulu Langat,1/1/2022,female,75-79,overall,9.2
Selangor,Ulu Langat,1/1/2022,female,80-84,overall,4.1
Selangor,Ulu Langat,1/1/2022,female,85+,overall,2.6
Selangor,Ulu Langat,1/1/2022,male,0-4,overall,51.6
Selangor,Ulu Langat,1/1/2022,male,5-9,overall,54.2
Selangor,Ulu Langat,1/1/2022,male,10-14,overall,48.9
Selangor,Ulu Langat,1/1/2022,male,15-19,overall,53.2
Selangor,Ulu Langat,1/1/2022,male,20-24,overall,63.9
Selangor,Ulu Langat,1/1/2022,male,25-29,overall,64.8
Selangor,Ulu Langat,1/1/2022,male,30-34,overall,72.3
Selangor,Ulu Langat,1/1/2022,male,35-39,overall,73.5
Selangor,Ulu Langat,1/1/2022,male,40-44,overall,60
Selangor,Ulu Langat,1/1/2022,male,45-49,overall,47.9
Selangor,Ulu Langat,1/1/2022,male,50-54,overall,39.7
Selangor,Ulu Langat,1/1/2022,male,55-59,overall,33.2
Selangor,Ulu Langat,1/1/2022,male,60-64,overall,26.4
Selangor,Ulu Langat,1/1/2022,male,65-69,overall,22.8
Selangor,Ulu Langat,1/1/2022,male,70-74,overall,16.6
Selangor,Ulu Langat,1/1/2022,male,75-79,overall,8.4
Selangor,Ulu Langat,1/1/2022,male,80-84,overall,4.1
Selangor,Ulu Langat,1/1/2022,male,85+,overall,3.8
Selangor,Ulu Selangor,1/1/2022,female,0-4,overall,9.2
Selangor,Ulu Selangor,1/1/2022,female,5-9,overall,9.7
Selangor,Ulu Selangor,1/1/2022,female,10-14,overall,8.8
Selangor,Ulu Selangor,1/1/2022,female,15-19,overall,9
Selangor,Ulu Selangor,1/1/2022,female,20-24,overall,8.4
Selangor,Ulu Selangor,1/1/2022,female,25-29,overall,8.6
Selangor,Ulu Selangor,1/1/2022,female,30-34,overall,11.5
Selangor,Ulu Selangor,1/1/2022,female,35-39,overall,11.9
Selangor,Ulu Selangor,1/1/2022,female,40-44,overall,8.8
Selangor,Ulu Selangor,1/1/2022,female,45-49,overall,7
Selangor,Ulu Selangor,1/1/2022,female,50-54,overall,6
Selangor,Ulu Selangor,1/1/2022,female,55-59,overall,4.9
Selangor,Ulu Selangor,1/1/2022,female,60-64,overall,3.9
Selangor,Ulu Selangor,1/1/2022,female,65-69,overall,3.2
Selangor,Ulu Selangor,1/1/2022,female,70-74,overall,2.6
Selangor,Ulu Selangor,1/1/2022,female,75-79,overall,1.4
Selangor,Ulu Selangor,1/1/2022,female,80-84,overall,0.6
Selangor,Ulu Selangor,1/1/2022,female,85+,overall,0.4
Selangor,Ulu Selangor,1/1/2022,male,0-4,overall,9.8
Selangor,Ulu Selangor,1/1/2022,male,5-9,overall,10.4
Selangor,Ulu Selangor,1/1/2022,male,10-14,overall,9.6
Selangor,Ulu Selangor,1/1/2022,male,15-19,overall,9.9
Selangor,Ulu Selangor,1/1/2022,male,20-24,overall,10.8
Selangor,Ulu Selangor,1/1/2022,male,25-29,overall,10.7
Selangor,Ulu Selangor,1/1/2022,male,30-34,overall,12.5
Selangor,Ulu Selangor,1/1/2022,male,35-39,overall,12.9
Selangor,Ulu Selangor,1/1/2022,male,40-44,overall,10.4
Selangor,Ulu Selangor,1/1/2022,male,45-49,overall,8.2
Selangor,Ulu Selangor,1/1/2022,male,50-54,overall,6.7
Selangor,Ulu Selangor,1/1/2022,male,55-59,overall,5.6
Selangor,Ulu Selangor,1/1/2022,male,60-64,overall,4.3
Selangor,Ulu Selangor,1/1/2022,male,65-69,overall,3.7
Selangor,Ulu Selangor,1/1/2022,male,70-74,overall,2.7
Selangor,Ulu Selangor,1/1/2022,male,75-79,overall,1.3
Selangor,Ulu Selangor,1/1/2022,male,80-84,overall,0.6
Selangor,Ulu Selangor,1/1/2022,male,85+,overall,0.5
Terengganu,Besut,1/1/2022,female,0-4,overall,8.4
Terengganu,Besut,1/1/2022,female,5-9,overall,6.6
Terengganu,Besut,1/1/2022,female,10-14,overall,7.9
Terengganu,Besut,1/1/2022,female,15-19,overall,7.9
Terengganu,Besut,1/1/2022,female,20-24,overall,7.3
Terengganu,Besut,1/1/2022,female,25-29,overall,5.8
Terengganu,Besut,1/1/2022,female,30-34,overall,5.2
Terengganu,Besut,1/1/2022,female,35-39,overall,4.8
Terengganu,Besut,1/1/2022,female,40-44,overall,4.2
Terengganu,Besut,1/1/2022,female,45-49,overall,4
Terengganu,Besut,1/1/2022,female,50-54,overall,4.1
Terengganu,Besut,1/1/2022,female,55-59,overall,3.7
Terengganu,Besut,1/1/2022,female,60-64,overall,3.1
Terengganu,Besut,1/1/2022,female,65-69,overall,2.2
Terengganu,Besut,1/1/2022,female,70-74,overall,1.6
Terengganu,Besut,1/1/2022,female,75-79,overall,1
Terengganu,Besut,1/1/2022,female,80-84,overall,0.5
Terengganu,Besut,1/1/2022,female,85+,overall,0.3
Terengganu,Besut,1/1/2022,male,0-4,overall,8.7
Terengganu,Besut,1/1/2022,male,5-9,overall,7.2
Terengganu,Besut,1/1/2022,male,10-14,overall,8.3
Terengganu,Besut,1/1/2022,male,15-19,overall,8.8
Terengganu,Besut,1/1/2022,male,20-24,overall,7.7
Terengganu,Besut,1/1/2022,male,25-29,overall,6.3
Terengganu,Besut,1/1/2022,male,30-34,overall,5.8
Terengganu,Besut,1/1/2022,male,35-39,overall,5.3
Terengganu,Besut,1/1/2022,male,40-44,overall,4.6
Terengganu,Besut,1/1/2022,male,45-49,overall,3.9
Terengganu,Besut,1/1/2022,male,50-54,overall,3.7
Terengganu,Besut,1/1/2022,male,55-59,overall,3.3
Terengganu,Besut,1/1/2022,male,60-64,overall,2.9
Terengganu,Besut,1/1/2022,male,65-69,overall,2
Terengganu,Besut,1/1/2022,male,70-74,overall,1.2
Terengganu,Besut,1/1/2022,male,75-79,overall,0.8
Terengganu,Besut,1/1/2022,male,80-84,overall,0.3
Terengganu,Besut,1/1/2022,male,85+,overall,0.1
Terengganu,Dungun,1/1/2022,female,0-4,overall,7.6
Terengganu,Dungun,1/1/2022,female,5-9,overall,8
Terengganu,Dungun,1/1/2022,female,10-14,overall,7.7
Terengganu,Dungun,1/1/2022,female,15-19,overall,6.8
Terengganu,Dungun,1/1/2022,female,20-24,overall,9.4
Terengganu,Dungun,1/1/2022,female,25-29,overall,5.9
Terengganu,Dungun,1/1/2022,female,30-34,overall,5.9
Terengganu,Dungun,1/1/2022,female,35-39,overall,5.8
Terengganu,Dungun,1/1/2022,female,40-44,overall,4.7
Terengganu,Dungun,1/1/2022,female,45-49,overall,3.7
Terengganu,Dungun,1/1/2022,female,50-54,overall,3.5
Terengganu,Dungun,1/1/2022,female,55-59,overall,3.3
Terengganu,Dungun,1/1/2022,female,60-64,overall,2.7
Terengganu,Dungun,1/1/2022,female,65-69,overall,1.9
Terengganu,Dungun,1/1/2022,female,70-74,overall,1.1
Terengganu,Dungun,1/1/2022,female,75-79,overall,0.6
Terengganu,Dungun,1/1/2022,female,80-84,overall,0.3
Terengganu,Dungun,1/1/2022,female,85+,overall,0.2
Terengganu,Dungun,1/1/2022,male,0-4,overall,7.7
Terengganu,Dungun,1/1/2022,male,5-9,overall,7.8
Terengganu,Dungun,1/1/2022,male,10-14,overall,8
Terengganu,Dungun,1/1/2022,male,15-19,overall,7.4
Terengganu,Dungun,1/1/2022,male,20-24,overall,9.4
Terengganu,Dungun,1/1/2022,male,25-29,overall,7.5
Terengganu,Dungun,1/1/2022,male,30-34,overall,7.5
Terengganu,Dungun,1/1/2022,male,35-39,overall,6.5
Terengganu,Dungun,1/1/2022,male,40-44,overall,5.2
Terengganu,Dungun,1/1/2022,male,45-49,overall,3.8
Terengganu,Dungun,1/1/2022,male,50-54,overall,3.4
Terengganu,Dungun,1/1/2022,male,55-59,overall,3
Terengganu,Dungun,1/1/2022,male,60-64,overall,2.6
Terengganu,Dungun,1/1/2022,male,65-69,overall,1.9
Terengganu,Dungun,1/1/2022,male,70-74,overall,1.1
Terengganu,Dungun,1/1/2022,male,75-79,overall,0.5
Terengganu,Dungun,1/1/2022,male,80-84,overall,0.2
Terengganu,Dungun,1/1/2022,male,85+,overall,0.1
Terengganu,Hulu Terengganu,1/1/2022,female,0-4,overall,3.3
Terengganu,Hulu Terengganu,1/1/2022,female,5-9,overall,2.7
Terengganu,Hulu Terengganu,1/1/2022,female,10-14,overall,3
Terengganu,Hulu Terengganu,1/1/2022,female,15-19,overall,2.9
Terengganu,Hulu Terengganu,1/1/2022,female,20-24,overall,2.5
Terengganu,Hulu Terengganu,1/1/2022,female,25-29,overall,2.4
Terengganu,Hulu Terengganu,1/1/2022,female,30-34,overall,2.4
Terengganu,Hulu Terengganu,1/1/2022,female,35-39,overall,2.4
Terengganu,Hulu Terengganu,1/1/2022,female,40-44,overall,1.9
Terengganu,Hulu Terengganu,1/1/2022,female,45-49,overall,1.9
Terengganu,Hulu Terengganu,1/1/2022,female,50-54,overall,1.8
Terengganu,Hulu Terengganu,1/1/2022,female,55-59,overall,1.8
Terengganu,Hulu Terengganu,1/1/2022,female,60-64,overall,1.6
Terengganu,Hulu Terengganu,1/1/2022,female,65-69,overall,1.2
Terengganu,Hulu Terengganu,1/1/2022,female,70-74,overall,0.8
Terengganu,Hulu Terengganu,1/1/2022,female,75-79,overall,0.6
Terengganu,Hulu Terengganu,1/1/2022,female,80-84,overall,0.4
Terengganu,Hulu Terengganu,1/1/2022,female,85+,overall,0.2
Terengganu,Hulu Terengganu,1/1/2022,male,0-4,overall,3.7
Terengganu,Hulu Terengganu,1/1/2022,male,5-9,overall,2.8
Terengganu,Hulu Terengganu,1/1/2022,male,10-14,overall,3.2
Terengganu,Hulu Terengganu,1/1/2022,male,15-19,overall,3.4
Terengganu,Hulu Terengganu,1/1/2022,male,20-24,overall,3.6
Terengganu,Hulu Terengganu,1/1/2022,male,25-29,overall,3.4
Terengganu,Hulu Terengganu,1/1/2022,male,30-34,overall,3.2
Terengganu,Hulu Terengganu,1/1/2022,male,35-39,overall,3.1
Terengganu,Hulu Terengganu,1/1/2022,male,40-44,overall,2.5
Terengganu,Hulu Terengganu,1/1/2022,male,45-49,overall,2
Terengganu,Hulu Terengganu,1/1/2022,male,50-54,overall,1.7
Terengganu,Hulu Terengganu,1/1/2022,male,55-59,overall,1.7
Terengganu,Hulu Terengganu,1/1/2022,male,60-64,overall,1.5
Terengganu,Hulu Terengganu,1/1/2022,male,65-69,overall,1.2
Terengganu,Hulu Terengganu,1/1/2022,male,70-74,overall,0.7
Terengganu,Hulu Terengganu,1/1/2022,male,75-79,overall,0.5
Terengganu,Hulu Terengganu,1/1/2022,male,80-84,overall,0.2
Terengganu,Hulu Terengganu,1/1/2022,male,85+,overall,0.1
Terengganu,Kemaman,1/1/2022,female,0-4,overall,9.6
Terengganu,Kemaman,1/1/2022,female,5-9,overall,12.3
Terengganu,Kemaman,1/1/2022,female,10-14,overall,12.6
Terengganu,Kemaman,1/1/2022,female,15-19,overall,10
Terengganu,Kemaman,1/1/2022,female,20-24,overall,7.1
Terengganu,Kemaman,1/1/2022,female,25-29,overall,6.5
Terengganu,Kemaman,1/1/2022,female,30-34,overall,8.8
Terengganu,Kemaman,1/1/2022,female,35-39,overall,9.4
Terengganu,Kemaman,1/1/2022,female,40-44,overall,8
Terengganu,Kemaman,1/1/2022,female,45-49,overall,5.8
Terengganu,Kemaman,1/1/2022,female,50-54,overall,4.6
Terengganu,Kemaman,1/1/2022,female,55-59,overall,3.9
Terengganu,Kemaman,1/1/2022,female,60-64,overall,3.1
Terengganu,Kemaman,1/1/2022,female,65-69,overall,1.9
Terengganu,Kemaman,1/1/2022,female,70-74,overall,1
Terengganu,Kemaman,1/1/2022,female,75-79,overall,0.5
Terengganu,Kemaman,1/1/2022,female,80-84,overall,0.2
Terengganu,Kemaman,1/1/2022,female,85+,overall,0.1
Terengganu,Kemaman,1/1/2022,male,0-4,overall,9.7
Terengganu,Kemaman,1/1/2022,male,5-9,overall,12
Terengganu,Kemaman,1/1/2022,male,10-14,overall,13.1
Terengganu,Kemaman,1/1/2022,male,15-19,overall,10.9
Terengganu,Kemaman,1/1/2022,male,20-24,overall,9.5
Terengganu,Kemaman,1/1/2022,male,25-29,overall,8
Terengganu,Kemaman,1/1/2022,male,30-34,overall,10.1
Terengganu,Kemaman,1/1/2022,male,35-39,overall,10.7
Terengganu,Kemaman,1/1/2022,male,40-44,overall,9.9
Terengganu,Kemaman,1/1/2022,male,45-49,overall,6.5
Terengganu,Kemaman,1/1/2022,male,50-54,overall,5
Terengganu,Kemaman,1/1/2022,male,55-59,overall,3.8
Terengganu,Kemaman,1/1/2022,male,60-64,overall,3.4
Terengganu,Kemaman,1/1/2022,male,65-69,overall,1.9
Terengganu,Kemaman,1/1/2022,male,70-74,overall,1.2
Terengganu,Kemaman,1/1/2022,male,75-79,overall,0.5
Terengganu,Kemaman,1/1/2022,male,80-84,overall,0.1
Terengganu,Kemaman,1/1/2022,male,85+,overall,0.1
Terengganu,Kuala Nerus,1/1/2022,female,0-4,overall,6.7
Terengganu,Kuala Nerus,1/1/2022,female,5-9,overall,5.7
Terengganu,Kuala Nerus,1/1/2022,female,10-14,overall,6.2
Terengganu,Kuala Nerus,1/1/2022,female,15-19,overall,6.2
Terengganu,Kuala Nerus,1/1/2022,female,20-24,overall,11.3
Terengganu,Kuala Nerus,1/1/2022,female,25-29,overall,6.8
Terengganu,Kuala Nerus,1/1/2022,female,30-34,overall,5.2
Terengganu,Kuala Nerus,1/1/2022,female,35-39,overall,5.1
Terengganu,Kuala Nerus,1/1/2022,female,40-44,overall,4.3
Terengganu,Kuala Nerus,1/1/2022,female,45-49,overall,3.8
Terengganu,Kuala Nerus,1/1/2022,female,50-54,overall,3.6
Terengganu,Kuala Nerus,1/1/2022,female,55-59,overall,3.4
Terengganu,Kuala Nerus,1/1/2022,female,60-64,overall,2.8
Terengganu,Kuala Nerus,1/1/2022,female,65-69,overall,2
Terengganu,Kuala Nerus,1/1/2022,female,70-74,overall,1.2
Terengganu,Kuala Nerus,1/1/2022,female,75-79,overall,0.8
Terengganu,Kuala Nerus,1/1/2022,female,80-84,overall,0.4
Terengganu,Kuala Nerus,1/1/2022,female,85+,overall,0.3
Terengganu,Kuala Nerus,1/1/2022,male,0-4,overall,7.2
Terengganu,Kuala Nerus,1/1/2022,male,5-9,overall,6.2
Terengganu,Kuala Nerus,1/1/2022,male,10-14,overall,6.7
Terengganu,Kuala Nerus,1/1/2022,male,15-19,overall,6.8
Terengganu,Kuala Nerus,1/1/2022,male,20-24,overall,9.2
Terengganu,Kuala Nerus,1/1/2022,male,25-29,overall,6.8
Terengganu,Kuala Nerus,1/1/2022,male,30-34,overall,5.9
Terengganu,Kuala Nerus,1/1/2022,male,35-39,overall,5.7
Terengganu,Kuala Nerus,1/1/2022,male,40-44,overall,4.6
Terengganu,Kuala Nerus,1/1/2022,male,45-49,overall,3.5
Terengganu,Kuala Nerus,1/1/2022,male,50-54,overall,3.3
Terengganu,Kuala Nerus,1/1/2022,male,55-59,overall,3
Terengganu,Kuala Nerus,1/1/2022,male,60-64,overall,2.6
Terengganu,Kuala Nerus,1/1/2022,male,65-69,overall,1.9
Terengganu,Kuala Nerus,1/1/2022,male,70-74,overall,1
Terengganu,Kuala Nerus,1/1/2022,male,75-79,overall,0.6
Terengganu,Kuala Nerus,1/1/2022,male,80-84,overall,0.2
Terengganu,Kuala Nerus,1/1/2022,male,85+,overall,0.1
Terengganu,Kuala Terengganu,1/1/2022,female,0-4,overall,11.7
Terengganu,Kuala Terengganu,1/1/2022,female,5-9,overall,9.2
Terengganu,Kuala Terengganu,1/1/2022,female,10-14,overall,10
Terengganu,Kuala Terengganu,1/1/2022,female,15-19,overall,9.6
Terengganu,Kuala Terengganu,1/1/2022,female,20-24,overall,11.1
Terengganu,Kuala Terengganu,1/1/2022,female,25-29,overall,10.2
Terengganu,Kuala Terengganu,1/1/2022,female,30-34,overall,8.9
Terengganu,Kuala Terengganu,1/1/2022,female,35-39,overall,8.1
Terengganu,Kuala Terengganu,1/1/2022,female,40-44,overall,6.6
Terengganu,Kuala Terengganu,1/1/2022,female,45-49,overall,5.8
Terengganu,Kuala Terengganu,1/1/2022,female,50-54,overall,5.7
Terengganu,Kuala Terengganu,1/1/2022,female,55-59,overall,5.6
Terengganu,Kuala Terengganu,1/1/2022,female,60-64,overall,5.1
Terengganu,Kuala Terengganu,1/1/2022,female,65-69,overall,4
Terengganu,Kuala Terengganu,1/1/2022,female,70-74,overall,2.6
Terengganu,Kuala Terengganu,1/1/2022,female,75-79,overall,1.7
Terengganu,Kuala Terengganu,1/1/2022,female,80-84,overall,1
Terengganu,Kuala Terengganu,1/1/2022,female,85+,overall,0.5
Terengganu,Kuala Terengganu,1/1/2022,male,0-4,overall,12.4
Terengganu,Kuala Terengganu,1/1/2022,male,5-9,overall,9.8
Terengganu,Kuala Terengganu,1/1/2022,male,10-14,overall,10.4
Terengganu,Kuala Terengganu,1/1/2022,male,15-19,overall,10.4
Terengganu,Kuala Terengganu,1/1/2022,male,20-24,overall,11.7
Terengganu,Kuala Terengganu,1/1/2022,male,25-29,overall,10.6
Terengganu,Kuala Terengganu,1/1/2022,male,30-34,overall,9.6
Terengganu,Kuala Terengganu,1/1/2022,male,35-39,overall,8.9
Terengganu,Kuala Terengganu,1/1/2022,male,40-44,overall,7
Terengganu,Kuala Terengganu,1/1/2022,male,45-49,overall,5.5
Terengganu,Kuala Terengganu,1/1/2022,male,50-54,overall,5.1
Terengganu,Kuala Terengganu,1/1/2022,male,55-59,overall,4.9
Terengganu,Kuala Terengganu,1/1/2022,male,60-64,overall,4.5
Terengganu,Kuala Terengganu,1/1/2022,male,65-69,overall,3.5
Terengganu,Kuala Terengganu,1/1/2022,male,70-74,overall,2.3
Terengganu,Kuala Terengganu,1/1/2022,male,75-79,overall,1.5
Terengganu,Kuala Terengganu,1/1/2022,male,80-84,overall,0.7
Terengganu,Kuala Terengganu,1/1/2022,male,85+,overall,0.4
Terengganu,Marang,1/1/2022,female,0-4,overall,6
Terengganu,Marang,1/1/2022,female,5-9,overall,5.2
Terengganu,Marang,1/1/2022,female,10-14,overall,5.7
Terengganu,Marang,1/1/2022,female,15-19,overall,6.1
Terengganu,Marang,1/1/2022,female,20-24,overall,5
Terengganu,Marang,1/1/2022,female,25-29,overall,4.4
Terengganu,Marang,1/1/2022,female,30-34,overall,4.2
Terengganu,Marang,1/1/2022,female,35-39,overall,4.2
Terengganu,Marang,1/1/2022,female,40-44,overall,3.7
Terengganu,Marang,1/1/2022,female,45-49,overall,3.1
Terengganu,Marang,1/1/2022,female,50-54,overall,3.1
Terengganu,Marang,1/1/2022,female,55-59,overall,2.7
Terengganu,Marang,1/1/2022,female,60-64,overall,2.3
Terengganu,Marang,1/1/2022,female,65-69,overall,1.7
Terengganu,Marang,1/1/2022,female,70-74,overall,0.9
Terengganu,Marang,1/1/2022,female,75-79,overall,0.7
Terengganu,Marang,1/1/2022,female,80-84,overall,0.4
Terengganu,Marang,1/1/2022,female,85+,overall,0.2
Terengganu,Marang,1/1/2022,male,0-4,overall,6.4
Terengganu,Marang,1/1/2022,male,5-9,overall,5.4
Terengganu,Marang,1/1/2022,male,10-14,overall,6.3
Terengganu,Marang,1/1/2022,male,15-19,overall,6.5
Terengganu,Marang,1/1/2022,male,20-24,overall,5.7
Terengganu,Marang,1/1/2022,male,25-29,overall,4.7
Terengganu,Marang,1/1/2022,male,30-34,overall,4.4
Terengganu,Marang,1/1/2022,male,35-39,overall,4.4
Terengganu,Marang,1/1/2022,male,40-44,overall,3.8
Terengganu,Marang,1/1/2022,male,45-49,overall,3
Terengganu,Marang,1/1/2022,male,50-54,overall,3
Terengganu,Marang,1/1/2022,male,55-59,overall,2.7
Terengganu,Marang,1/1/2022,male,60-64,overall,2.2
Terengganu,Marang,1/1/2022,male,65-69,overall,1.6
Terengganu,Marang,1/1/2022,male,70-74,overall,0.8
Terengganu,Marang,1/1/2022,male,75-79,overall,0.6
Terengganu,Marang,1/1/2022,male,80-84,overall,0.2
Terengganu,Marang,1/1/2022,male,85+,overall,0.1
Terengganu,Setiu,1/1/2022,female,0-4,overall,3.2
Terengganu,Setiu,1/1/2022,female,5-9,overall,2.5
Terengganu,Setiu,1/1/2022,female,10-14,overall,3
Terengganu,Setiu,1/1/2022,female,15-19,overall,3.1
Terengganu,Setiu,1/1/2022,female,20-24,overall,3.1
Terengganu,Setiu,1/1/2022,female,25-29,overall,2.3
Terengganu,Setiu,1/1/2022,female,30-34,overall,2
Terengganu,Setiu,1/1/2022,female,35-39,overall,1.9
Terengganu,Setiu,1/1/2022,female,40-44,overall,1.8
Terengganu,Setiu,1/1/2022,female,45-49,overall,1.6
Terengganu,Setiu,1/1/2022,female,50-54,overall,1.5
Terengganu,Setiu,1/1/2022,female,55-59,overall,1.3
Terengganu,Setiu,1/1/2022,female,60-64,overall,1.1
Terengganu,Setiu,1/1/2022,female,65-69,overall,0.9
Terengganu,Setiu,1/1/2022,female,70-74,overall,0.5
Terengganu,Setiu,1/1/2022,female,75-79,overall,0.3
Terengganu,Setiu,1/1/2022,female,80-84,overall,0.2
Terengganu,Setiu,1/1/2022,female,85+,overall,0.2
Terengganu,Setiu,1/1/2022,male,0-4,overall,3.3
Terengganu,Setiu,1/1/2022,male,5-9,overall,2.7
Terengganu,Setiu,1/1/2022,male,10-14,overall,3.3
Terengganu,Setiu,1/1/2022,male,15-19,overall,3.3
Terengganu,Setiu,1/1/2022,male,20-24,overall,3
Terengganu,Setiu,1/1/2022,male,25-29,overall,2.6
Terengganu,Setiu,1/1/2022,male,30-34,overall,2.3
Terengganu,Setiu,1/1/2022,male,35-39,overall,2.1
Terengganu,Setiu,1/1/2022,male,40-44,overall,2
Terengganu,Setiu,1/1/2022,male,45-49,overall,1.5
Terengganu,Setiu,1/1/2022,male,50-54,overall,1.4
Terengganu,Setiu,1/1/2022,male,55-59,overall,1.3
Terengganu,Setiu,1/1/2022,male,60-64,overall,1
Terengganu,Setiu,1/1/2022,male,65-69,overall,0.7
Terengganu,Setiu,1/1/2022,male,70-74,overall,0.5
Terengganu,Setiu,1/1/2022,male,75-79,overall,0.3
Terengganu,Setiu,1/1/2022,male,80-84,overall,0.1
Terengganu,Setiu,1/1/2022,male,85+,overall,0.1
W.P. Kuala Lumpur,W.P. Kuala Lumpur,1/1/2022,female,0-4,overall,56.7
W.P. Kuala Lumpur,W.P. Kuala Lumpur,1/1/2022,female,5-9,overall,60.3
W.P. Kuala Lumpur,W.P. Kuala Lumpur,1/1/2022,female,10-14,overall,62.1
W.P. Kuala Lumpur,W.P. Kuala Lumpur,1/1/2022,female,15-19,overall,71.7
W.P. Kuala Lumpur,W.P. Kuala Lumpur,1/1/2022,female,20-24,overall,50.8
W.P. Kuala Lumpur,W.P. Kuala Lumpur,1/1/2022,female,25-29,overall,69.6
W.P. Kuala Lumpur,W.P. Kuala Lumpur,1/1/2022,female,30-34,overall,98.9
W.P. Kuala Lumpur,W.P. Kuala Lumpur,1/1/2022,female,35-39,overall,106.6
W.P. Kuala Lumpur,W.P. Kuala Lumpur,1/1/2022,female,40-44,overall,94.4
W.P. Kuala Lumpur,W.P. Kuala Lumpur,1/1/2022,female,45-49,overall,68.5
W.P. Kuala Lumpur,W.P. Kuala Lumpur,1/1/2022,female,50-54,overall,46
W.P. Kuala Lumpur,W.P. Kuala Lumpur,1/1/2022,female,55-59,overall,36.1
W.P. Kuala Lumpur,W.P. Kuala Lumpur,1/1/2022,female,60-64,overall,31.6
W.P. Kuala Lumpur,W.P. Kuala Lumpur,1/1/2022,female,65-69,overall,24
W.P. Kuala Lumpur,W.P. Kuala Lumpur,1/1/2022,female,70-74,overall,20.7
W.P. Kuala Lumpur,W.P. Kuala Lumpur,1/1/2022,female,75-79,overall,13.2
W.P. Kuala Lumpur,W.P. Kuala Lumpur,1/1/2022,female,80-84,overall,6.3
W.P. Kuala Lumpur,W.P. Kuala Lumpur,1/1/2022,female,85+,overall,2.8
W.P. Kuala Lumpur,W.P. Kuala Lumpur,1/1/2022,male,0-4,overall,58.7
W.P. Kuala Lumpur,W.P. Kuala Lumpur,1/1/2022,male,5-9,overall,66
W.P. Kuala Lumpur,W.P. Kuala Lumpur,1/1/2022,male,10-14,overall,67.9
W.P. Kuala Lumpur,W.P. Kuala Lumpur,1/1/2022,male,15-19,overall,79.2
W.P. Kuala Lumpur,W.P. Kuala Lumpur,1/1/2022,male,20-24,overall,60.2
W.P. Kuala Lumpur,W.P. Kuala Lumpur,1/1/2022,male,25-29,overall,83.3
W.P. Kuala Lumpur,W.P. Kuala Lumpur,1/1/2022,male,30-34,overall,116.6
W.P. Kuala Lumpur,W.P. Kuala Lumpur,1/1/2022,male,35-39,overall,128.2
W.P. Kuala Lumpur,W.P. Kuala Lumpur,1/1/2022,male,40-44,overall,113.9
W.P. Kuala Lumpur,W.P. Kuala Lumpur,1/1/2022,male,45-49,overall,82.2
W.P. Kuala Lumpur,W.P. Kuala Lumpur,1/1/2022,male,50-54,overall,52.2
W.P. Kuala Lumpur,W.P. Kuala Lumpur,1/1/2022,male,55-59,overall,36.2
W.P. Kuala Lumpur,W.P. Kuala Lumpur,1/1/2022,male,60-64,overall,30.8
W.P. Kuala Lumpur,W.P. Kuala Lumpur,1/1/2022,male,65-69,overall,23.3
W.P. Kuala Lumpur,W.P. Kuala Lumpur,1/1/2022,male,70-74,overall,19.6
W.P. Kuala Lumpur,W.P. Kuala Lumpur,1/1/2022,male,75-79,overall,11.8
W.P. Kuala Lumpur,W.P. Kuala Lumpur,1/1/2022,male,80-84,overall,6.2
W.P. Kuala Lumpur,W.P. Kuala Lumpur,1/1/2022,male,85+,overall,4.7
W.P. Labuan,W.P. Labuan,1/1/2022,female,0-4,overall,4.3
W.P. Labuan,W.P. Labuan,1/1/2022,female,5-9,overall,4.3
W.P. Labuan,W.P. Labuan,1/1/2022,female,10-14,overall,3.6
W.P. Labuan,W.P. Labuan,1/1/2022,female,15-19,overall,3.7
W.P. Labuan,W.P. Labuan,1/1/2022,female,20-24,overall,4.7
W.P. Labuan,W.P. Labuan,1/1/2022,female,25-29,overall,4.3
W.P. Labuan,W.P. Labuan,1/1/2022,female,30-34,overall,4.2
W.P. Labuan,W.P. Labuan,1/1/2022,female,35-39,overall,4.6
W.P. Labuan,W.P. Labuan,1/1/2022,female,40-44,overall,3.1
W.P. Labuan,W.P. Labuan,1/1/2022,female,45-49,overall,2.5
W.P. Labuan,W.P. Labuan,1/1/2022,female,50-54,overall,2.1
W.P. Labuan,W.P. Labuan,1/1/2022,female,55-59,overall,1.9
W.P. Labuan,W.P. Labuan,1/1/2022,female,60-64,overall,1.4
W.P. Labuan,W.P. Labuan,1/1/2022,female,65-69,overall,0.9
W.P. Labuan,W.P. Labuan,1/1/2022,female,70-74,overall,0.6
W.P. Labuan,W.P. Labuan,1/1/2022,female,75-79,overall,0.3
W.P. Labuan,W.P. Labuan,1/1/2022,female,80-84,overall,0.2
W.P. Labuan,W.P. Labuan,1/1/2022,female,85+,overall,0.2
W.P. Labuan,W.P. Labuan,1/1/2022,male,0-4,overall,4.7
W.P. Labuan,W.P. Labuan,1/1/2022,male,5-9,overall,5.1
W.P. Labuan,W.P. Labuan,1/1/2022,male,10-14,overall,4.3
W.P. Labuan,W.P. Labuan,1/1/2022,male,15-19,overall,3.8
W.P. Labuan,W.P. Labuan,1/1/2022,male,20-24,overall,3.9
W.P. Labuan,W.P. Labuan,1/1/2022,male,25-29,overall,4.2
W.P. Labuan,W.P. Labuan,1/1/2022,male,30-34,overall,4.1
W.P. Labuan,W.P. Labuan,1/1/2022,male,35-39,overall,5.3
W.P. Labuan,W.P. Labuan,1/1/2022,male,40-44,overall,3.9
W.P. Labuan,W.P. Labuan,1/1/2022,male,45-49,overall,2.4
W.P. Labuan,W.P. Labuan,1/1/2022,male,50-54,overall,2
W.P. Labuan,W.P. Labuan,1/1/2022,male,55-59,overall,2
W.P. Labuan,W.P. Labuan,1/1/2022,male,60-64,overall,1.7
W.P. Labuan,W.P. Labuan,1/1/2022,male,65-69,overall,1
W.P. Labuan,W.P. Labuan,1/1/2022,male,70-74,overall,0.6
W.P. Labuan,W.P. Labuan,1/1/2022,male,75-79,overall,0.3
W.P. Labuan,W.P. Labuan,1/1/2022,male,80-84,overall,0.2
W.P. Labuan,W.P. Labuan,1/1/2022,male,85+,overall,0.2
W.P. Putrajaya,W.P. Putrajaya,1/1/2022,female,0-4,overall,5.6
W.P. Putrajaya,W.P. Putrajaya,1/1/2022,female,5-9,overall,8.1
W.P. Putrajaya,W.P. Putrajaya,1/1/2022,female,10-14,overall,7.3
W.P. Putrajaya,W.P. Putrajaya,1/1/2022,female,15-19,overall,3.8
W.P. Putrajaya,W.P. Putrajaya,1/1/2022,female,20-24,overall,2.1
W.P. Putrajaya,W.P. Putrajaya,1/1/2022,female,25-29,overall,3.2
W.P. Putrajaya,W.P. Putrajaya,1/1/2022,female,30-34,overall,4.9
W.P. Putrajaya,W.P. Putrajaya,1/1/2022,female,35-39,overall,9.6
W.P. Putrajaya,W.P. Putrajaya,1/1/2022,female,40-44,overall,7
W.P. Putrajaya,W.P. Putrajaya,1/1/2022,female,45-49,overall,2.9
W.P. Putrajaya,W.P. Putrajaya,1/1/2022,female,50-54,overall,1.7
W.P. Putrajaya,W.P. Putrajaya,1/1/2022,female,55-59,overall,1.3
W.P. Putrajaya,W.P. Putrajaya,1/1/2022,female,60-64,overall,0.9
W.P. Putrajaya,W.P. Putrajaya,1/1/2022,female,65-69,overall,0.5
W.P. Putrajaya,W.P. Putrajaya,1/1/2022,female,70-74,overall,0.3
W.P. Putrajaya,W.P. Putrajaya,1/1/2022,female,75-79,overall,0.1
W.P. Putrajaya,W.P. Putrajaya,1/1/2022,female,80-84,overall,0.1
W.P. Putrajaya,W.P. Putrajaya,1/1/2022,female,85+,overall,0
W.P. Putrajaya,W.P. Putrajaya,1/1/2022,male,0-4,overall,5.9
W.P. Putrajaya,W.P. Putrajaya,1/1/2022,male,5-9,overall,8.8
W.P. Putrajaya,W.P. Putrajaya,1/1/2022,male,10-14,overall,7.7
W.P. Putrajaya,W.P. Putrajaya,1/1/2022,male,15-19,overall,4
W.P. Putrajaya,W.P. Putrajaya,1/1/2022,male,20-24,overall,2.3
W.P. Putrajaya,W.P. Putrajaya,1/1/2022,male,25-29,overall,2.7
W.P. Putrajaya,W.P. Putrajaya,1/1/2022,male,30-34,overall,4
W.P. Putrajaya,W.P. Putrajaya,1/1/2022,male,35-39,overall,7.7
W.P. Putrajaya,W.P. Putrajaya,1/1/2022,male,40-44,overall,6.6
W.P. Putrajaya,W.P. Putrajaya,1/1/2022,male,45-49,overall,3.1
W.P. Putrajaya,W.P. Putrajaya,1/1/2022,male,50-54,overall,1.8
W.P. Putrajaya,W.P. Putrajaya,1/1/2022,male,55-59,overall,1.4
W.P. Putrajaya,W.P. Putrajaya,1/1/2022,male,60-64,overall,0.8
W.P. Putrajaya,W.P. Putrajaya,1/1/2022,male,65-69,overall,0.4
W.P. Putrajaya,W.P. Putrajaya,1/1/2022,male,70-74,overall,0.2
W.P. Putrajaya,W.P. Putrajaya,1/1/2022,male,75-79,overall,0.1
W.P. Putrajaya,W.P. Putrajaya,1/1/2022,male,80-84,overall,0
W.P. Putrajaya,W.P. Putrajaya,1/1/2022,male,85+,overall,0
